ISO-10303-21;
HEADER;
FILE_DESCRIPTION((''),'2;1');
FILE_NAME('6-PEXT_CASE_BOTTOM','2022-12-21T09:11:37',('barto'),(''),
'CREO PARAMETRIC BY PTC INC, 2022073','CREO PARAMETRIC BY PTC INC, 2022073','');
FILE_SCHEMA(('CONFIG_CONTROL_DESIGN','SHAPE_APPEARANCE_LAYERS_GROUPS'));
ENDSEC;
DATA;
#29=CARTESIAN_POINT('',(7.35E1,3.95E1,0.E0));
#30=DIRECTION('',(0.E0,0.E0,-1.E0));
#31=DIRECTION('',(0.E0,1.E0,0.E0));
#32=AXIS2_PLACEMENT_3D('',#29,#30,#31);
#34=CARTESIAN_POINT('',(-7.35E1,3.95E1,0.E0));
#35=DIRECTION('',(0.E0,0.E0,-1.E0));
#36=DIRECTION('',(-1.E0,0.E0,0.E0));
#37=AXIS2_PLACEMENT_3D('',#34,#35,#36);
#39=DIRECTION('',(0.E0,-1.E0,0.E0));
#40=VECTOR('',#39,7.9E1);
#41=CARTESIAN_POINT('',(-7.85E1,3.95E1,0.E0));
#42=LINE('',#41,#40);
#43=CARTESIAN_POINT('',(-7.35E1,-3.95E1,0.E0));
#44=DIRECTION('',(0.E0,0.E0,-1.E0));
#45=DIRECTION('',(0.E0,-1.E0,0.E0));
#46=AXIS2_PLACEMENT_3D('',#43,#44,#45);
#48=CARTESIAN_POINT('',(7.35E1,-3.95E1,0.E0));
#49=DIRECTION('',(0.E0,0.E0,-1.E0));
#50=DIRECTION('',(1.E0,0.E0,0.E0));
#51=AXIS2_PLACEMENT_3D('',#48,#49,#50);
#53=DIRECTION('',(0.E0,1.E0,0.E0));
#54=VECTOR('',#53,7.9E1);
#55=CARTESIAN_POINT('',(7.85E1,-3.95E1,0.E0));
#56=LINE('',#55,#54);
#57=CARTESIAN_POINT('',(7.3E1,3.E1,0.E0));
#58=DIRECTION('',(0.E0,0.E0,1.E0));
#59=DIRECTION('',(-1.E0,0.E0,0.E0));
#60=AXIS2_PLACEMENT_3D('',#57,#58,#59);
#62=CARTESIAN_POINT('',(7.3E1,3.E1,0.E0));
#63=DIRECTION('',(0.E0,0.E0,1.E0));
#64=DIRECTION('',(1.E0,0.E0,0.E0));
#65=AXIS2_PLACEMENT_3D('',#62,#63,#64);
#67=CARTESIAN_POINT('',(7.3E1,1.E1,0.E0));
#68=DIRECTION('',(0.E0,0.E0,1.E0));
#69=DIRECTION('',(-1.E0,0.E0,0.E0));
#70=AXIS2_PLACEMENT_3D('',#67,#68,#69);
#72=CARTESIAN_POINT('',(7.3E1,1.E1,0.E0));
#73=DIRECTION('',(0.E0,0.E0,1.E0));
#74=DIRECTION('',(1.E0,0.E0,0.E0));
#75=AXIS2_PLACEMENT_3D('',#72,#73,#74);
#77=CARTESIAN_POINT('',(7.3E1,-1.E1,0.E0));
#78=DIRECTION('',(0.E0,0.E0,1.E0));
#79=DIRECTION('',(-1.E0,0.E0,0.E0));
#80=AXIS2_PLACEMENT_3D('',#77,#78,#79);
#82=CARTESIAN_POINT('',(7.3E1,-1.E1,0.E0));
#83=DIRECTION('',(0.E0,0.E0,1.E0));
#84=DIRECTION('',(1.E0,0.E0,0.E0));
#85=AXIS2_PLACEMENT_3D('',#82,#83,#84);
#87=CARTESIAN_POINT('',(7.3E1,-3.E1,0.E0));
#88=DIRECTION('',(0.E0,0.E0,1.E0));
#89=DIRECTION('',(-1.E0,0.E0,0.E0));
#90=AXIS2_PLACEMENT_3D('',#87,#88,#89);
#92=CARTESIAN_POINT('',(7.3E1,-3.E1,0.E0));
#93=DIRECTION('',(0.E0,0.E0,1.E0));
#94=DIRECTION('',(1.E0,0.E0,0.E0));
#95=AXIS2_PLACEMENT_3D('',#92,#93,#94);
#97=CARTESIAN_POINT('',(-7.3E1,3.E1,0.E0));
#98=DIRECTION('',(0.E0,0.E0,-1.E0));
#99=DIRECTION('',(1.E0,0.E0,0.E0));
#100=AXIS2_PLACEMENT_3D('',#97,#98,#99);
#102=CARTESIAN_POINT('',(-7.3E1,3.E1,0.E0));
#103=DIRECTION('',(0.E0,0.E0,-1.E0));
#104=DIRECTION('',(-1.E0,0.E0,0.E0));
#105=AXIS2_PLACEMENT_3D('',#102,#103,#104);
#107=CARTESIAN_POINT('',(-7.3E1,1.E1,0.E0));
#108=DIRECTION('',(0.E0,0.E0,-1.E0));
#109=DIRECTION('',(1.E0,0.E0,0.E0));
#110=AXIS2_PLACEMENT_3D('',#107,#108,#109);
#112=CARTESIAN_POINT('',(-7.3E1,1.E1,0.E0));
#113=DIRECTION('',(0.E0,0.E0,-1.E0));
#114=DIRECTION('',(-1.E0,0.E0,0.E0));
#115=AXIS2_PLACEMENT_3D('',#112,#113,#114);
#117=CARTESIAN_POINT('',(-7.3E1,-1.E1,0.E0));
#118=DIRECTION('',(0.E0,0.E0,-1.E0));
#119=DIRECTION('',(1.E0,0.E0,0.E0));
#120=AXIS2_PLACEMENT_3D('',#117,#118,#119);
#122=CARTESIAN_POINT('',(-7.3E1,-1.E1,0.E0));
#123=DIRECTION('',(0.E0,0.E0,-1.E0));
#124=DIRECTION('',(-1.E0,0.E0,0.E0));
#125=AXIS2_PLACEMENT_3D('',#122,#123,#124);
#127=CARTESIAN_POINT('',(-7.3E1,-3.E1,0.E0));
#128=DIRECTION('',(0.E0,0.E0,-1.E0));
#129=DIRECTION('',(1.E0,0.E0,0.E0));
#130=AXIS2_PLACEMENT_3D('',#127,#128,#129);
#132=CARTESIAN_POINT('',(-7.3E1,-3.E1,0.E0));
#133=DIRECTION('',(0.E0,0.E0,-1.E0));
#134=DIRECTION('',(-1.E0,0.E0,0.E0));
#135=AXIS2_PLACEMENT_3D('',#132,#133,#134);
#137=DIRECTION('',(0.E0,0.E0,-1.E0));
#138=VECTOR('',#137,1.E0);
#139=CARTESIAN_POINT('',(7.85E1,3.95E1,1.E0));
#140=LINE('',#139,#138);
#141=DIRECTION('',(0.E0,0.E0,-1.E0));
#142=VECTOR('',#141,1.E0);
#143=CARTESIAN_POINT('',(7.85E1,-3.95E1,1.E0));
#144=LINE('',#143,#142);
#145=DIRECTION('',(1.421085471520E-14,0.E0,-1.E0));
#146=VECTOR('',#145,1.E0);
#147=CARTESIAN_POINT('',(7.35E1,-4.45E1,1.E0));
#148=LINE('',#147,#146);
#149=DIRECTION('',(-1.E0,0.E0,0.E0));
#150=VECTOR('',#149,1.47E2);
#151=CARTESIAN_POINT('',(7.35E1,-4.45E1,0.E0));
#152=LINE('',#151,#150);
#153=DIRECTION('',(0.E0,0.E0,-1.E0));
#154=VECTOR('',#153,1.E0);
#155=CARTESIAN_POINT('',(-7.35E1,-4.45E1,1.E0));
#156=LINE('',#155,#154);
#157=DIRECTION('',(0.E0,0.E0,1.E0));
#158=VECTOR('',#157,2.12E1);
#159=CARTESIAN_POINT('',(-6.9E1,-4.45E1,1.E0));
#160=LINE('',#159,#158);
#161=DIRECTION('',(0.E0,0.E0,-1.E0));
#162=VECTOR('',#161,1.26E1);
#163=CARTESIAN_POINT('',(4.5E0,-4.45E1,2.22E1));
#164=LINE('',#163,#162);
#165=DIRECTION('',(-1.E0,0.E0,0.E0));
#166=VECTOR('',#165,5.6E1);
#167=CARTESIAN_POINT('',(6.05E1,-4.45E1,9.6E0));
#168=LINE('',#167,#166);
#169=DIRECTION('',(0.E0,0.E0,-1.E0));
#170=VECTOR('',#169,1.26E1);
#171=CARTESIAN_POINT('',(6.05E1,-4.45E1,2.22E1));
#172=LINE('',#171,#170);
#173=DIRECTION('',(0.E0,0.E0,-1.E0));
#174=VECTOR('',#173,2.12E1);
#175=CARTESIAN_POINT('',(6.9E1,-4.45E1,2.22E1));
#176=LINE('',#175,#174);
#177=DIRECTION('',(0.E0,0.E0,-1.E0));
#178=VECTOR('',#177,1.E0);
#179=CARTESIAN_POINT('',(-7.85E1,3.95E1,1.E0));
#180=LINE('',#179,#178);
#181=DIRECTION('',(0.E0,0.E0,-1.E0));
#182=VECTOR('',#181,1.E0);
#183=CARTESIAN_POINT('',(-7.85E1,-3.95E1,1.E0));
#184=LINE('',#183,#182);
#185=DIRECTION('',(0.E0,0.E0,-1.E0));
#186=VECTOR('',#185,1.E0);
#187=CARTESIAN_POINT('',(7.35E1,4.45E1,1.E0));
#188=LINE('',#187,#186);
#189=DIRECTION('',(0.E0,0.E0,1.E0));
#190=VECTOR('',#189,2.12E1);
#191=CARTESIAN_POINT('',(6.9E1,4.45E1,1.E0));
#192=LINE('',#191,#190);
#193=DIRECTION('',(0.E0,0.E0,-1.E0));
#194=VECTOR('',#193,1.26E1);
#195=CARTESIAN_POINT('',(5.9E1,4.45E1,2.22E1));
#196=LINE('',#195,#194);
#197=DIRECTION('',(-1.E0,0.E0,0.E0));
#198=VECTOR('',#197,1.18E2);
#199=CARTESIAN_POINT('',(5.9E1,4.45E1,9.6E0));
#200=LINE('',#199,#198);
#201=DIRECTION('',(0.E0,0.E0,-1.E0));
#202=VECTOR('',#201,1.26E1);
#203=CARTESIAN_POINT('',(-5.9E1,4.45E1,2.22E1));
#204=LINE('',#203,#202);
#205=DIRECTION('',(-1.421085471520E-14,0.E0,-1.E0));
#206=VECTOR('',#205,1.E0);
#207=CARTESIAN_POINT('',(-7.35E1,4.45E1,1.E0));
#208=LINE('',#207,#206);
#209=DIRECTION('',(1.E0,0.E0,0.E0));
#210=VECTOR('',#209,1.47E2);
#211=CARTESIAN_POINT('',(-7.35E1,4.45E1,0.E0));
#212=LINE('',#211,#210);
#213=CARTESIAN_POINT('',(7.35E1,3.95E1,1.E0));
#214=DIRECTION('',(0.E0,0.E0,1.E0));
#215=DIRECTION('',(1.E0,0.E0,0.E0));
#216=AXIS2_PLACEMENT_3D('',#213,#214,#215);
#218=DIRECTION('',(0.E0,1.E0,0.E0));
#219=VECTOR('',#218,7.9E1);
#220=CARTESIAN_POINT('',(7.85E1,-3.95E1,1.E0));
#221=LINE('',#220,#219);
#222=CARTESIAN_POINT('',(7.35E1,-3.95E1,1.E0));
#223=DIRECTION('',(0.E0,0.E0,1.E0));
#224=DIRECTION('',(0.E0,-1.E0,0.E0));
#225=AXIS2_PLACEMENT_3D('',#222,#223,#224);
#227=DIRECTION('',(1.E0,0.E0,0.E0));
#228=VECTOR('',#227,4.5E0);
#229=CARTESIAN_POINT('',(6.9E1,-4.45E1,1.E0));
#230=LINE('',#229,#228);
#231=DIRECTION('',(-1.E0,0.E0,0.E0));
#232=VECTOR('',#231,4.5E0);
#233=CARTESIAN_POINT('',(7.35E1,4.45E1,1.E0));
#234=LINE('',#233,#232);
#235=CARTESIAN_POINT('',(7.3E1,3.E1,1.E0));
#236=DIRECTION('',(0.E0,0.E0,1.E0));
#237=DIRECTION('',(-1.E0,0.E0,0.E0));
#238=AXIS2_PLACEMENT_3D('',#235,#236,#237);
#240=CARTESIAN_POINT('',(7.3E1,3.E1,1.E0));
#241=DIRECTION('',(0.E0,0.E0,1.E0));
#242=DIRECTION('',(1.E0,0.E0,0.E0));
#243=AXIS2_PLACEMENT_3D('',#240,#241,#242);
#245=CARTESIAN_POINT('',(7.3E1,1.E1,1.E0));
#246=DIRECTION('',(0.E0,0.E0,1.E0));
#247=DIRECTION('',(-1.E0,0.E0,0.E0));
#248=AXIS2_PLACEMENT_3D('',#245,#246,#247);
#250=CARTESIAN_POINT('',(7.3E1,1.E1,1.E0));
#251=DIRECTION('',(0.E0,0.E0,1.E0));
#252=DIRECTION('',(1.E0,0.E0,0.E0));
#253=AXIS2_PLACEMENT_3D('',#250,#251,#252);
#255=CARTESIAN_POINT('',(7.3E1,-1.E1,1.E0));
#256=DIRECTION('',(0.E0,0.E0,1.E0));
#257=DIRECTION('',(-1.E0,0.E0,0.E0));
#258=AXIS2_PLACEMENT_3D('',#255,#256,#257);
#260=CARTESIAN_POINT('',(7.3E1,-1.E1,1.E0));
#261=DIRECTION('',(0.E0,0.E0,1.E0));
#262=DIRECTION('',(1.E0,0.E0,0.E0));
#263=AXIS2_PLACEMENT_3D('',#260,#261,#262);
#265=CARTESIAN_POINT('',(7.3E1,-3.E1,1.E0));
#266=DIRECTION('',(0.E0,0.E0,1.E0));
#267=DIRECTION('',(-1.E0,0.E0,0.E0));
#268=AXIS2_PLACEMENT_3D('',#265,#266,#267);
#270=CARTESIAN_POINT('',(7.3E1,-3.E1,1.E0));
#271=DIRECTION('',(0.E0,0.E0,1.E0));
#272=DIRECTION('',(1.E0,0.E0,0.E0));
#273=AXIS2_PLACEMENT_3D('',#270,#271,#272);
#275=CARTESIAN_POINT('',(-7.35E1,3.95E1,1.E0));
#276=DIRECTION('',(0.E0,0.E0,1.E0));
#277=DIRECTION('',(0.E0,1.E0,0.E0));
#278=AXIS2_PLACEMENT_3D('',#275,#276,#277);
#280=DIRECTION('',(-1.E0,0.E0,0.E0));
#281=VECTOR('',#280,4.5E0);
#282=CARTESIAN_POINT('',(-6.9E1,4.45E1,1.E0));
#283=LINE('',#282,#281);
#284=DIRECTION('',(1.E0,0.E0,0.E0));
#285=VECTOR('',#284,4.5E0);
#286=CARTESIAN_POINT('',(-7.35E1,-4.45E1,1.E0));
#287=LINE('',#286,#285);
#288=CARTESIAN_POINT('',(-7.35E1,-3.95E1,1.E0));
#289=DIRECTION('',(0.E0,0.E0,1.E0));
#290=DIRECTION('',(-1.E0,0.E0,0.E0));
#291=AXIS2_PLACEMENT_3D('',#288,#289,#290);
#293=DIRECTION('',(0.E0,-1.E0,0.E0));
#294=VECTOR('',#293,7.9E1);
#295=CARTESIAN_POINT('',(-7.85E1,3.95E1,1.E0));
#296=LINE('',#295,#294);
#297=CARTESIAN_POINT('',(-7.3E1,3.E1,1.E0));
#298=DIRECTION('',(0.E0,0.E0,-1.E0));
#299=DIRECTION('',(1.E0,0.E0,0.E0));
#300=AXIS2_PLACEMENT_3D('',#297,#298,#299);
#302=CARTESIAN_POINT('',(-7.3E1,3.E1,1.E0));
#303=DIRECTION('',(0.E0,0.E0,-1.E0));
#304=DIRECTION('',(-1.E0,0.E0,0.E0));
#305=AXIS2_PLACEMENT_3D('',#302,#303,#304);
#307=CARTESIAN_POINT('',(-7.3E1,1.E1,1.E0));
#308=DIRECTION('',(0.E0,0.E0,-1.E0));
#309=DIRECTION('',(1.E0,0.E0,0.E0));
#310=AXIS2_PLACEMENT_3D('',#307,#308,#309);
#312=CARTESIAN_POINT('',(-7.3E1,1.E1,1.E0));
#313=DIRECTION('',(0.E0,0.E0,-1.E0));
#314=DIRECTION('',(-1.E0,0.E0,0.E0));
#315=AXIS2_PLACEMENT_3D('',#312,#313,#314);
#317=CARTESIAN_POINT('',(-7.3E1,-1.E1,1.E0));
#318=DIRECTION('',(0.E0,0.E0,-1.E0));
#319=DIRECTION('',(1.E0,0.E0,0.E0));
#320=AXIS2_PLACEMENT_3D('',#317,#318,#319);
#322=CARTESIAN_POINT('',(-7.3E1,-1.E1,1.E0));
#323=DIRECTION('',(0.E0,0.E0,-1.E0));
#324=DIRECTION('',(-1.E0,0.E0,0.E0));
#325=AXIS2_PLACEMENT_3D('',#322,#323,#324);
#327=CARTESIAN_POINT('',(-7.3E1,-3.E1,1.E0));
#328=DIRECTION('',(0.E0,0.E0,-1.E0));
#329=DIRECTION('',(1.E0,0.E0,0.E0));
#330=AXIS2_PLACEMENT_3D('',#327,#328,#329);
#332=CARTESIAN_POINT('',(-7.3E1,-3.E1,1.E0));
#333=DIRECTION('',(0.E0,0.E0,-1.E0));
#334=DIRECTION('',(-1.E0,0.E0,0.E0));
#335=AXIS2_PLACEMENT_3D('',#332,#333,#334);
#337=CARTESIAN_POINT('',(-6.4E1,-3.503137303340E1,1.E0));
#338=DIRECTION('',(0.E0,0.E0,1.E0));
#339=DIRECTION('',(-1.E0,0.E0,0.E0));
#340=AXIS2_PLACEMENT_3D('',#337,#338,#339);
#342=CARTESIAN_POINT('',(-6.4E1,3.503137303340E1,1.E0));
#343=DIRECTION('',(0.E0,0.E0,1.E0));
#344=DIRECTION('',(1.25E-1,9.921567416492E-1,0.E0));
#345=AXIS2_PLACEMENT_3D('',#342,#343,#344);
#347=CARTESIAN_POINT('',(-5.953137303340E1,3.95E1,1.E0));
#348=DIRECTION('',(0.E0,0.E0,1.E0));
#349=DIRECTION('',(0.E0,1.E0,0.E0));
#350=AXIS2_PLACEMENT_3D('',#347,#348,#349);
#352=CARTESIAN_POINT('',(5.953137303340E1,3.95E1,1.E0));
#353=DIRECTION('',(0.E0,0.E0,1.E0));
#354=DIRECTION('',(9.921567416492E-1,-1.25E-1,0.E0));
#355=AXIS2_PLACEMENT_3D('',#352,#353,#354);
#357=CARTESIAN_POINT('',(6.4E1,3.503137303340E1,1.E0));
#358=DIRECTION('',(0.E0,0.E0,1.E0));
#359=DIRECTION('',(1.E0,0.E0,0.E0));
#360=AXIS2_PLACEMENT_3D('',#357,#358,#359);
#362=CARTESIAN_POINT('',(6.4E1,-3.503137303340E1,1.E0));
#363=DIRECTION('',(0.E0,0.E0,1.E0));
#364=DIRECTION('',(-1.25E-1,-9.921567416492E-1,0.E0));
#365=AXIS2_PLACEMENT_3D('',#362,#363,#364);
#367=CARTESIAN_POINT('',(5.953137303340E1,-3.95E1,1.E0));
#368=DIRECTION('',(0.E0,0.E0,1.E0));
#369=DIRECTION('',(0.E0,-1.E0,0.E0));
#370=AXIS2_PLACEMENT_3D('',#367,#368,#369);
#372=CARTESIAN_POINT('',(-5.953137303340E1,-3.95E1,1.E0));
#373=DIRECTION('',(0.E0,0.E0,1.E0));
#374=DIRECTION('',(-9.921567416492E-1,1.25E-1,0.E0));
#375=AXIS2_PLACEMENT_3D('',#372,#373,#374);
#377=DIRECTION('',(0.E0,-1.E0,0.E0));
#378=VECTOR('',#377,6.3E1);
#379=CARTESIAN_POINT('',(-6.1E1,3.15E1,1.E0));
#380=LINE('',#379,#378);
#381=DIRECTION('',(1.E0,0.E0,0.E0));
#382=VECTOR('',#381,1.12E2);
#383=CARTESIAN_POINT('',(-5.6E1,-3.65E1,1.E0));
#384=LINE('',#383,#382);
#385=DIRECTION('',(0.E0,1.E0,0.E0));
#386=VECTOR('',#385,6.3E1);
#387=CARTESIAN_POINT('',(6.1E1,-3.15E1,1.E0));
#388=LINE('',#387,#386);
#389=DIRECTION('',(-1.E0,0.E0,0.E0));
#390=VECTOR('',#389,1.12E2);
#391=CARTESIAN_POINT('',(5.6E1,3.65E1,1.E0));
#392=LINE('',#391,#390);
#393=CARTESIAN_POINT('',(6.35E1,-3.9E1,1.E0));
#394=DIRECTION('',(0.E0,0.E0,1.E0));
#395=DIRECTION('',(1.E0,0.E0,0.E0));
#396=AXIS2_PLACEMENT_3D('',#393,#394,#395);
#398=DIRECTION('',(0.E0,0.E0,1.E0));
#399=VECTOR('',#398,7.E0);
#400=CARTESIAN_POINT('',(6.225E1,-3.9E1,1.E0));
#401=LINE('',#400,#399);
#402=CARTESIAN_POINT('',(6.35E1,-3.9E1,1.E0));
#403=DIRECTION('',(0.E0,0.E0,1.E0));
#404=DIRECTION('',(-1.E0,0.E0,0.E0));
#405=AXIS2_PLACEMENT_3D('',#402,#403,#404);
#407=DIRECTION('',(0.E0,0.E0,1.E0));
#408=VECTOR('',#407,7.E0);
#409=CARTESIAN_POINT('',(6.475E1,-3.9E1,1.E0));
#410=LINE('',#409,#408);
#411=CARTESIAN_POINT('',(6.35E1,-3.9E1,8.E0));
#412=DIRECTION('',(0.E0,0.E0,-1.E0));
#413=DIRECTION('',(-1.E0,0.E0,0.E0));
#414=AXIS2_PLACEMENT_3D('',#411,#412,#413);
#416=CARTESIAN_POINT('',(6.35E1,-3.9E1,8.E0));
#417=DIRECTION('',(0.E0,0.E0,-1.E0));
#418=DIRECTION('',(1.E0,0.E0,0.E0));
#419=AXIS2_PLACEMENT_3D('',#416,#417,#418);
#421=CARTESIAN_POINT('',(-6.35E1,-3.9E1,8.E0));
#422=DIRECTION('',(0.E0,0.E0,-1.E0));
#423=DIRECTION('',(-1.E0,0.E0,0.E0));
#424=AXIS2_PLACEMENT_3D('',#421,#422,#423);
#426=CARTESIAN_POINT('',(-6.35E1,-3.9E1,8.E0));
#427=DIRECTION('',(0.E0,0.E0,-1.E0));
#428=DIRECTION('',(1.E0,0.E0,0.E0));
#429=AXIS2_PLACEMENT_3D('',#426,#427,#428);
#431=CARTESIAN_POINT('',(6.35E1,3.9E1,8.E0));
#432=DIRECTION('',(0.E0,0.E0,-1.E0));
#433=DIRECTION('',(-1.E0,0.E0,0.E0));
#434=AXIS2_PLACEMENT_3D('',#431,#432,#433);
#436=CARTESIAN_POINT('',(6.35E1,3.9E1,8.E0));
#437=DIRECTION('',(0.E0,0.E0,-1.E0));
#438=DIRECTION('',(1.E0,0.E0,0.E0));
#439=AXIS2_PLACEMENT_3D('',#436,#437,#438);
#441=CARTESIAN_POINT('',(-6.35E1,3.9E1,8.E0));
#442=DIRECTION('',(0.E0,0.E0,-1.E0));
#443=DIRECTION('',(-1.E0,0.E0,0.E0));
#444=AXIS2_PLACEMENT_3D('',#441,#442,#443);
#446=CARTESIAN_POINT('',(-6.35E1,3.9E1,8.E0));
#447=DIRECTION('',(0.E0,0.E0,-1.E0));
#448=DIRECTION('',(1.E0,0.E0,0.E0));
#449=AXIS2_PLACEMENT_3D('',#446,#447,#448);
#451=DIRECTION('',(-1.E0,0.E0,0.E0));
#452=VECTOR('',#451,2.5E0);
#453=CARTESIAN_POINT('',(6.75E1,-1.2E1,8.E0));
#454=LINE('',#453,#452);
#455=DIRECTION('',(0.E0,-1.E0,0.E0));
#456=VECTOR('',#455,3.1E1);
#457=CARTESIAN_POINT('',(6.75E1,-1.2E1,8.E0));
#458=LINE('',#457,#456);
#459=DIRECTION('',(-1.E0,0.E0,0.E0));
#460=VECTOR('',#459,1.35E2);
#461=CARTESIAN_POINT('',(6.75E1,-4.3E1,8.E0));
#462=LINE('',#461,#460);
#463=DIRECTION('',(0.E0,1.E0,0.E0));
#464=VECTOR('',#463,8.6E1);
#465=CARTESIAN_POINT('',(-6.75E1,-4.3E1,8.E0));
#466=LINE('',#465,#464);
#467=DIRECTION('',(1.E0,0.E0,0.E0));
#468=VECTOR('',#467,1.35E2);
#469=CARTESIAN_POINT('',(-6.75E1,4.3E1,8.E0));
#470=LINE('',#469,#468);
#471=DIRECTION('',(0.E0,-1.E0,0.E0));
#472=VECTOR('',#471,2.6E1);
#473=CARTESIAN_POINT('',(6.75E1,4.3E1,8.E0));
#474=LINE('',#473,#472);
#475=DIRECTION('',(-1.E0,0.E0,0.E0));
#476=VECTOR('',#475,2.5E0);
#477=CARTESIAN_POINT('',(6.75E1,1.7E1,8.E0));
#478=LINE('',#477,#476);
#479=DIRECTION('',(0.E0,-1.E0,0.E0));
#480=VECTOR('',#479,1.803137303340E1);
#481=CARTESIAN_POINT('',(6.5E1,3.503137303340E1,8.E0));
#482=LINE('',#481,#480);
#483=DIRECTION('',(1.E0,0.E0,0.E0));
#484=VECTOR('',#483,1.190627460668E2);
#485=CARTESIAN_POINT('',(-5.953137303340E1,4.05E1,8.E0));
#486=LINE('',#485,#484);
#487=DIRECTION('',(0.E0,1.E0,0.E0));
#488=VECTOR('',#487,7.006274606681E1);
#489=CARTESIAN_POINT('',(-6.5E1,-3.503137303340E1,8.E0));
#490=LINE('',#489,#488);
#491=DIRECTION('',(-1.E0,0.E0,0.E0));
#492=VECTOR('',#491,1.190627460668E2);
#493=CARTESIAN_POINT('',(5.953137303340E1,-4.05E1,8.E0));
#494=LINE('',#493,#492);
#495=DIRECTION('',(0.E0,-1.E0,0.E0));
#496=VECTOR('',#495,2.303137303340E1);
#497=CARTESIAN_POINT('',(6.5E1,-1.2E1,8.E0));
#498=LINE('',#497,#496);
#499=CARTESIAN_POINT('',(-6.35E1,-3.9E1,1.E0));
#500=DIRECTION('',(0.E0,0.E0,1.E0));
#501=DIRECTION('',(1.E0,0.E0,0.E0));
#502=AXIS2_PLACEMENT_3D('',#499,#500,#501);
#504=DIRECTION('',(0.E0,0.E0,1.E0));
#505=VECTOR('',#504,7.E0);
#506=CARTESIAN_POINT('',(-6.475E1,-3.9E1,1.E0));
#507=LINE('',#506,#505);
#508=CARTESIAN_POINT('',(-6.35E1,-3.9E1,1.E0));
#509=DIRECTION('',(0.E0,0.E0,1.E0));
#510=DIRECTION('',(-1.E0,0.E0,0.E0));
#511=AXIS2_PLACEMENT_3D('',#508,#509,#510);
#513=DIRECTION('',(0.E0,0.E0,1.E0));
#514=VECTOR('',#513,7.E0);
#515=CARTESIAN_POINT('',(-6.225E1,-3.9E1,1.E0));
#516=LINE('',#515,#514);
#517=CARTESIAN_POINT('',(6.35E1,3.9E1,1.E0));
#518=DIRECTION('',(0.E0,0.E0,1.E0));
#519=DIRECTION('',(1.E0,0.E0,0.E0));
#520=AXIS2_PLACEMENT_3D('',#517,#518,#519);
#522=DIRECTION('',(0.E0,0.E0,1.E0));
#523=VECTOR('',#522,7.E0);
#524=CARTESIAN_POINT('',(6.225E1,3.9E1,1.E0));
#525=LINE('',#524,#523);
#526=CARTESIAN_POINT('',(6.35E1,3.9E1,1.E0));
#527=DIRECTION('',(0.E0,0.E0,1.E0));
#528=DIRECTION('',(-1.E0,0.E0,0.E0));
#529=AXIS2_PLACEMENT_3D('',#526,#527,#528);
#531=DIRECTION('',(0.E0,0.E0,1.E0));
#532=VECTOR('',#531,7.E0);
#533=CARTESIAN_POINT('',(6.475E1,3.9E1,1.E0));
#534=LINE('',#533,#532);
#535=CARTESIAN_POINT('',(-6.35E1,3.9E1,1.E0));
#536=DIRECTION('',(0.E0,0.E0,1.E0));
#537=DIRECTION('',(1.E0,0.E0,0.E0));
#538=AXIS2_PLACEMENT_3D('',#535,#536,#537);
#540=DIRECTION('',(0.E0,0.E0,1.E0));
#541=VECTOR('',#540,7.E0);
#542=CARTESIAN_POINT('',(-6.475E1,3.9E1,1.E0));
#543=LINE('',#542,#541);
#544=CARTESIAN_POINT('',(-6.35E1,3.9E1,1.E0));
#545=DIRECTION('',(0.E0,0.E0,1.E0));
#546=DIRECTION('',(-1.E0,0.E0,0.E0));
#547=AXIS2_PLACEMENT_3D('',#544,#545,#546);
#549=DIRECTION('',(0.E0,0.E0,1.E0));
#550=VECTOR('',#549,7.E0);
#551=CARTESIAN_POINT('',(-6.225E1,3.9E1,1.E0));
#552=LINE('',#551,#550);
#553=DIRECTION('',(0.E0,-1.E0,0.E0));
#554=VECTOR('',#553,2.9E1);
#555=CARTESIAN_POINT('',(6.5E1,1.7E1,6.E0));
#556=LINE('',#555,#554);
#557=DIRECTION('',(0.E0,0.E0,-1.E0));
#558=VECTOR('',#557,2.E0);
#559=CARTESIAN_POINT('',(6.5E1,-1.2E1,8.E0));
#560=LINE('',#559,#558);
#561=DIRECTION('',(0.E0,0.E0,1.E0));
#562=VECTOR('',#561,7.E0);
#563=CARTESIAN_POINT('',(6.5E1,-3.503137303340E1,1.E0));
#564=LINE('',#563,#562);
#565=DIRECTION('',(0.E0,-1.E0,0.E0));
#566=VECTOR('',#565,7.006274606681E1);
#567=CARTESIAN_POINT('',(6.5E1,3.503137303340E1,1.E0));
#568=LINE('',#567,#566);
#569=DIRECTION('',(0.E0,0.E0,-1.E0));
#570=VECTOR('',#569,7.E0);
#571=CARTESIAN_POINT('',(6.5E1,3.503137303340E1,8.E0));
#572=LINE('',#571,#570);
#573=DIRECTION('',(0.E0,0.E0,-1.E0));
#574=VECTOR('',#573,2.E0);
#575=CARTESIAN_POINT('',(6.5E1,1.7E1,8.E0));
#576=LINE('',#575,#574);
#577=DIRECTION('',(-1.E0,0.E0,0.E0));
#578=VECTOR('',#577,2.5E0);
#579=CARTESIAN_POINT('',(6.75E1,1.7E1,6.E0));
#580=LINE('',#579,#578);
#581=DIRECTION('',(0.E0,1.E0,0.E0));
#582=VECTOR('',#581,2.9E1);
#583=CARTESIAN_POINT('',(6.75E1,-1.2E1,6.E0));
#584=LINE('',#583,#582);
#585=DIRECTION('',(1.E0,0.E0,0.E0));
#586=VECTOR('',#585,2.5E0);
#587=CARTESIAN_POINT('',(6.5E1,-1.2E1,6.E0));
#588=LINE('',#587,#586);
#589=DIRECTION('',(0.E0,0.E0,-1.E0));
#590=VECTOR('',#589,2.E0);
#591=CARTESIAN_POINT('',(6.75E1,1.7E1,8.E0));
#592=LINE('',#591,#590);
#593=DIRECTION('',(0.E0,0.E0,-1.E0));
#594=VECTOR('',#593,3.2E0);
#595=CARTESIAN_POINT('',(6.75E1,-5.E0,1.28E1));
#596=LINE('',#595,#594);
#597=DIRECTION('',(0.E0,-1.E0,0.E0));
#598=VECTOR('',#597,1.8E1);
#599=CARTESIAN_POINT('',(6.75E1,1.3E1,1.28E1));
#600=LINE('',#599,#598);
#601=DIRECTION('',(0.E0,0.E0,1.E0));
#602=VECTOR('',#601,3.2E0);
#603=CARTESIAN_POINT('',(6.75E1,1.3E1,9.6E0));
#604=LINE('',#603,#602);
#605=DIRECTION('',(0.E0,1.E0,0.E0));
#606=VECTOR('',#605,1.8E1);
#607=CARTESIAN_POINT('',(6.75E1,-5.E0,9.6E0));
#608=LINE('',#607,#606);
#609=DIRECTION('',(0.E0,0.E0,-1.E0));
#610=VECTOR('',#609,2.E0);
#611=CARTESIAN_POINT('',(6.75E1,-1.2E1,8.E0));
#612=LINE('',#611,#610);
#613=DIRECTION('',(0.E0,0.E0,1.E0));
#614=VECTOR('',#613,1.42E1);
#615=CARTESIAN_POINT('',(6.75E1,4.3E1,8.E0));
#616=LINE('',#615,#614);
#617=DIRECTION('',(0.E0,0.E0,-1.E0));
#618=VECTOR('',#617,2.E0);
#619=CARTESIAN_POINT('',(6.75E1,1.4E1,2.22E1));
#620=LINE('',#619,#618);
#621=DIRECTION('',(0.E0,1.E0,0.E0));
#622=VECTOR('',#621,2.6E1);
#623=CARTESIAN_POINT('',(6.75E1,-1.2E1,2.02E1));
#624=LINE('',#623,#622);
#625=DIRECTION('',(0.E0,0.E0,-1.E0));
#626=VECTOR('',#625,2.E0);
#627=CARTESIAN_POINT('',(6.75E1,-1.2E1,2.22E1));
#628=LINE('',#627,#626);
#629=DIRECTION('',(-1.E0,0.E0,0.E0));
#630=VECTOR('',#629,1.5E0);
#631=CARTESIAN_POINT('',(6.9E1,-5.E0,1.28E1));
#632=LINE('',#631,#630);
#633=DIRECTION('',(0.E0,0.E0,-1.E0));
#634=VECTOR('',#633,3.2E0);
#635=CARTESIAN_POINT('',(6.9E1,-5.E0,1.28E1));
#636=LINE('',#635,#634);
#637=DIRECTION('',(0.E0,1.E0,0.E0));
#638=VECTOR('',#637,1.8E1);
#639=CARTESIAN_POINT('',(6.9E1,-5.E0,9.6E0));
#640=LINE('',#639,#638);
#641=DIRECTION('',(0.E0,0.E0,1.E0));
#642=VECTOR('',#641,3.2E0);
#643=CARTESIAN_POINT('',(6.9E1,1.3E1,9.6E0));
#644=LINE('',#643,#642);
#645=DIRECTION('',(0.E0,-1.E0,0.E0));
#646=VECTOR('',#645,1.8E1);
#647=CARTESIAN_POINT('',(6.9E1,1.3E1,1.28E1));
#648=LINE('',#647,#646);
#649=DIRECTION('',(0.E0,0.E0,-1.E0));
#650=VECTOR('',#649,2.E0);
#651=CARTESIAN_POINT('',(6.9E1,-1.2E1,2.22E1));
#652=LINE('',#651,#650);
#653=DIRECTION('',(0.E0,1.E0,0.E0));
#654=VECTOR('',#653,2.6E1);
#655=CARTESIAN_POINT('',(6.9E1,-1.2E1,2.02E1));
#656=LINE('',#655,#654);
#657=DIRECTION('',(0.E0,0.E0,-1.E0));
#658=VECTOR('',#657,2.E0);
#659=CARTESIAN_POINT('',(6.9E1,1.4E1,2.22E1));
#660=LINE('',#659,#658);
#661=DIRECTION('',(0.E0,1.E0,0.E0));
#662=VECTOR('',#661,8.9E1);
#663=CARTESIAN_POINT('',(6.9E1,-4.45E1,1.E0));
#664=LINE('',#663,#662);
#665=DIRECTION('',(-1.E0,0.E0,0.E0));
#666=VECTOR('',#665,1.5E0);
#667=CARTESIAN_POINT('',(6.9E1,-5.E0,9.6E0));
#668=LINE('',#667,#666);
#669=DIRECTION('',(-1.E0,0.E0,0.E0));
#670=VECTOR('',#669,1.5E0);
#671=CARTESIAN_POINT('',(6.9E1,1.3E1,9.6E0));
#672=LINE('',#671,#670);
#673=DIRECTION('',(-1.E0,0.E0,0.E0));
#674=VECTOR('',#673,1.5E0);
#675=CARTESIAN_POINT('',(6.9E1,1.3E1,1.28E1));
#676=LINE('',#675,#674);
#677=DIRECTION('',(0.E0,1.E0,0.E0));
#678=VECTOR('',#677,1.5E0);
#679=CARTESIAN_POINT('',(4.5E0,-4.45E1,2.22E1));
#680=LINE('',#679,#678);
#681=DIRECTION('',(1.E0,0.E0,0.E0));
#682=VECTOR('',#681,7.35E1);
#683=CARTESIAN_POINT('',(-6.9E1,-4.45E1,2.22E1));
#684=LINE('',#683,#682);
#685=DIRECTION('',(0.E0,-1.E0,0.E0));
#686=VECTOR('',#685,8.9E1);
#687=CARTESIAN_POINT('',(-6.9E1,4.45E1,2.22E1));
#688=LINE('',#687,#686);
#689=DIRECTION('',(-1.E0,0.E0,0.E0));
#690=VECTOR('',#689,1.E1);
#691=CARTESIAN_POINT('',(-5.9E1,4.45E1,2.22E1));
#692=LINE('',#691,#690);
#693=DIRECTION('',(2.368475785867E-14,-1.E0,0.E0));
#694=VECTOR('',#693,1.5E0);
#695=CARTESIAN_POINT('',(-5.9E1,4.45E1,2.22E1));
#696=LINE('',#695,#694);
#697=DIRECTION('',(1.E0,0.E0,0.E0));
#698=VECTOR('',#697,8.5E0);
#699=CARTESIAN_POINT('',(-6.75E1,4.3E1,2.22E1));
#700=LINE('',#699,#698);
#701=DIRECTION('',(0.E0,1.E0,0.E0));
#702=VECTOR('',#701,8.6E1);
#703=CARTESIAN_POINT('',(-6.75E1,-4.3E1,2.22E1));
#704=LINE('',#703,#702);
#705=DIRECTION('',(-1.E0,0.E0,0.E0));
#706=VECTOR('',#705,7.2E1);
#707=CARTESIAN_POINT('',(4.5E0,-4.3E1,2.22E1));
#708=LINE('',#707,#706);
#709=DIRECTION('',(-1.E0,0.E0,0.E0));
#710=VECTOR('',#709,1.5E0);
#711=CARTESIAN_POINT('',(6.9E1,-1.2E1,2.22E1));
#712=LINE('',#711,#710);
#713=DIRECTION('',(0.E0,1.E0,0.E0));
#714=VECTOR('',#713,3.25E1);
#715=CARTESIAN_POINT('',(6.9E1,-4.45E1,2.22E1));
#716=LINE('',#715,#714);
#717=DIRECTION('',(1.E0,0.E0,0.E0));
#718=VECTOR('',#717,8.5E0);
#719=CARTESIAN_POINT('',(6.05E1,-4.45E1,2.22E1));
#720=LINE('',#719,#718);
#721=DIRECTION('',(0.E0,1.E0,0.E0));
#722=VECTOR('',#721,1.5E0);
#723=CARTESIAN_POINT('',(6.05E1,-4.45E1,2.22E1));
#724=LINE('',#723,#722);
#725=DIRECTION('',(-1.E0,0.E0,0.E0));
#726=VECTOR('',#725,7.E0);
#727=CARTESIAN_POINT('',(6.75E1,-4.3E1,2.22E1));
#728=LINE('',#727,#726);
#729=DIRECTION('',(0.E0,-1.E0,0.E0));
#730=VECTOR('',#729,3.1E1);
#731=CARTESIAN_POINT('',(6.75E1,-1.2E1,2.22E1));
#732=LINE('',#731,#730);
#733=DIRECTION('',(-1.E0,0.E0,0.E0));
#734=VECTOR('',#733,1.5E0);
#735=CARTESIAN_POINT('',(6.9E1,1.4E1,2.22E1));
#736=LINE('',#735,#734);
#737=DIRECTION('',(0.E0,-1.E0,0.E0));
#738=VECTOR('',#737,2.9E1);
#739=CARTESIAN_POINT('',(6.75E1,4.3E1,2.22E1));
#740=LINE('',#739,#738);
#741=DIRECTION('',(1.E0,0.E0,0.E0));
#742=VECTOR('',#741,8.5E0);
#743=CARTESIAN_POINT('',(5.9E1,4.3E1,2.22E1));
#744=LINE('',#743,#742);
#745=DIRECTION('',(0.E0,-1.E0,0.E0));
#746=VECTOR('',#745,1.5E0);
#747=CARTESIAN_POINT('',(5.9E1,4.45E1,2.22E1));
#748=LINE('',#747,#746);
#749=DIRECTION('',(-1.E0,0.E0,0.E0));
#750=VECTOR('',#749,1.E1);
#751=CARTESIAN_POINT('',(6.9E1,4.45E1,2.22E1));
#752=LINE('',#751,#750);
#753=DIRECTION('',(0.E0,1.E0,0.E0));
#754=VECTOR('',#753,3.05E1);
#755=CARTESIAN_POINT('',(6.9E1,1.4E1,2.22E1));
#756=LINE('',#755,#754);
#757=DIRECTION('',(0.E0,0.E0,-1.E0));
#758=VECTOR('',#757,1.26E1);
#759=CARTESIAN_POINT('',(6.05E1,-4.3E1,2.22E1));
#760=LINE('',#759,#758);
#761=DIRECTION('',(-1.E0,0.E0,0.E0));
#762=VECTOR('',#761,5.6E1);
#763=CARTESIAN_POINT('',(6.05E1,-4.3E1,9.6E0));
#764=LINE('',#763,#762);
#765=DIRECTION('',(0.E0,0.E0,-1.E0));
#766=VECTOR('',#765,1.26E1);
#767=CARTESIAN_POINT('',(4.5E0,-4.3E1,2.22E1));
#768=LINE('',#767,#766);
#769=DIRECTION('',(0.E0,0.E0,1.E0));
#770=VECTOR('',#769,1.42E1);
#771=CARTESIAN_POINT('',(6.75E1,-4.3E1,8.E0));
#772=LINE('',#771,#770);
#773=DIRECTION('',(0.E0,-1.E0,0.E0));
#774=VECTOR('',#773,1.5E0);
#775=CARTESIAN_POINT('',(4.5E0,-4.3E1,9.6E0));
#776=LINE('',#775,#774);
#777=DIRECTION('',(0.E0,1.E0,0.E0));
#778=VECTOR('',#777,1.5E0);
#779=CARTESIAN_POINT('',(6.05E1,-4.45E1,9.6E0));
#780=LINE('',#779,#778);
#781=DIRECTION('',(0.E0,0.E0,1.E0));
#782=VECTOR('',#781,1.42E1);
#783=CARTESIAN_POINT('',(-6.75E1,-4.3E1,8.E0));
#784=LINE('',#783,#782);
#785=DIRECTION('',(-1.E0,0.E0,0.E0));
#786=VECTOR('',#785,1.18E2);
#787=CARTESIAN_POINT('',(5.9E1,4.3E1,9.6E0));
#788=LINE('',#787,#786);
#789=DIRECTION('',(0.E0,0.E0,-1.E0));
#790=VECTOR('',#789,1.26E1);
#791=CARTESIAN_POINT('',(5.9E1,4.3E1,2.22E1));
#792=LINE('',#791,#790);
#793=DIRECTION('',(0.E0,0.E0,1.E0));
#794=VECTOR('',#793,1.42E1);
#795=CARTESIAN_POINT('',(-6.75E1,4.3E1,8.E0));
#796=LINE('',#795,#794);
#797=DIRECTION('',(0.E0,0.E0,-1.E0));
#798=VECTOR('',#797,1.26E1);
#799=CARTESIAN_POINT('',(-5.9E1,4.3E1,2.22E1));
#800=LINE('',#799,#798);
#801=DIRECTION('',(-2.842170943040E-14,1.E0,0.E0));
#802=VECTOR('',#801,1.5E0);
#803=CARTESIAN_POINT('',(-5.9E1,4.3E1,9.6E0));
#804=LINE('',#803,#802);
#805=DIRECTION('',(0.E0,-1.E0,0.E0));
#806=VECTOR('',#805,1.5E0);
#807=CARTESIAN_POINT('',(5.9E1,4.45E1,9.6E0));
#808=LINE('',#807,#806);
#809=DIRECTION('',(0.E0,0.E0,1.E0));
#810=VECTOR('',#809,2.12E1);
#811=CARTESIAN_POINT('',(-6.9E1,4.45E1,1.E0));
#812=LINE('',#811,#810);
#813=DIRECTION('',(0.E0,-1.E0,0.E0));
#814=VECTOR('',#813,8.9E1);
#815=CARTESIAN_POINT('',(-6.9E1,4.45E1,1.E0));
#816=LINE('',#815,#814);
#817=DIRECTION('',(-1.E0,0.E0,0.E0));
#818=VECTOR('',#817,1.5E0);
#819=CARTESIAN_POINT('',(6.9E1,1.4E1,2.02E1));
#820=LINE('',#819,#818);
#821=DIRECTION('',(-1.E0,0.E0,0.E0));
#822=VECTOR('',#821,1.5E0);
#823=CARTESIAN_POINT('',(6.9E1,-1.2E1,2.02E1));
#824=LINE('',#823,#822);
#825=CARTESIAN_POINT('',(6.4E1,-3.503137303340E1,8.E0));
#826=DIRECTION('',(0.E0,0.E0,-1.E0));
#827=DIRECTION('',(1.E0,0.E0,0.E0));
#828=AXIS2_PLACEMENT_3D('',#825,#826,#827);
#830=DIRECTION('',(0.E0,0.E0,1.E0));
#831=VECTOR('',#830,7.E0);
#832=CARTESIAN_POINT('',(6.3875E1,-3.602352977505E1,1.E0));
#833=LINE('',#832,#831);
#834=CARTESIAN_POINT('',(6.35E1,-3.9E1,8.E0));
#835=DIRECTION('',(0.E0,0.E0,1.E0));
#836=DIRECTION('',(1.25E-1,9.921567416492E-1,0.E0));
#837=AXIS2_PLACEMENT_3D('',#834,#835,#836);
#839=DIRECTION('',(0.E0,0.E0,-1.E0));
#840=VECTOR('',#839,7.E0);
#841=CARTESIAN_POINT('',(6.052352977505E1,-3.9375E1,8.E0));
#842=LINE('',#841,#840);
#843=CARTESIAN_POINT('',(6.35E1,-3.9E1,1.E0));
#844=DIRECTION('',(0.E0,0.E0,1.E0));
#845=DIRECTION('',(1.25E-1,9.921567416492E-1,0.E0));
#846=AXIS2_PLACEMENT_3D('',#843,#844,#845);
#848=CARTESIAN_POINT('',(5.953137303340E1,-3.95E1,8.E0));
#849=DIRECTION('',(0.E0,0.E0,-1.E0));
#850=DIRECTION('',(9.921567416492E-1,1.25E-1,0.E0));
#851=AXIS2_PLACEMENT_3D('',#848,#849,#850);
#853=DIRECTION('',(0.E0,0.E0,1.E0));
#854=VECTOR('',#853,7.E0);
#855=CARTESIAN_POINT('',(-5.953137303340E1,-4.05E1,1.E0));
#856=LINE('',#855,#854);
#857=DIRECTION('',(-1.E0,0.E0,0.E0));
#858=VECTOR('',#857,1.190627460668E2);
#859=CARTESIAN_POINT('',(5.953137303340E1,-4.05E1,1.E0));
#860=LINE('',#859,#858);
#861=DIRECTION('',(0.E0,0.E0,-1.E0));
#862=VECTOR('',#861,7.E0);
#863=CARTESIAN_POINT('',(5.953137303340E1,-4.05E1,8.E0));
#864=LINE('',#863,#862);
#865=CARTESIAN_POINT('',(-5.953137303340E1,-3.95E1,8.E0));
#866=DIRECTION('',(0.E0,0.E0,-1.E0));
#867=DIRECTION('',(0.E0,-1.E0,0.E0));
#868=AXIS2_PLACEMENT_3D('',#865,#866,#867);
#870=DIRECTION('',(0.E0,0.E0,-1.E0));
#871=VECTOR('',#870,7.E0);
#872=CARTESIAN_POINT('',(-6.3875E1,-3.602352977505E1,8.E0));
#873=LINE('',#872,#871);
#874=CARTESIAN_POINT('',(-6.35E1,-3.9E1,1.E0));
#875=DIRECTION('',(0.E0,0.E0,1.E0));
#876=DIRECTION('',(9.921567416492E-1,-1.25E-1,0.E0));
#877=AXIS2_PLACEMENT_3D('',#874,#875,#876);
#879=DIRECTION('',(0.E0,0.E0,1.E0));
#880=VECTOR('',#879,7.E0);
#881=CARTESIAN_POINT('',(-6.052352977505E1,-3.9375E1,1.E0));
#882=LINE('',#881,#880);
#883=CARTESIAN_POINT('',(-6.35E1,-3.9E1,8.E0));
#884=DIRECTION('',(0.E0,0.E0,1.E0));
#885=DIRECTION('',(9.921567416492E-1,-1.25E-1,0.E0));
#886=AXIS2_PLACEMENT_3D('',#883,#884,#885);
#888=CARTESIAN_POINT('',(-6.4E1,-3.503137303340E1,8.E0));
#889=DIRECTION('',(0.E0,0.E0,-1.E0));
#890=DIRECTION('',(1.25E-1,-9.921567416492E-1,0.E0));
#891=AXIS2_PLACEMENT_3D('',#888,#889,#890);
#893=DIRECTION('',(0.E0,0.E0,-1.E0));
#894=VECTOR('',#893,7.E0);
#895=CARTESIAN_POINT('',(-6.5E1,-3.503137303340E1,8.E0));
#896=LINE('',#895,#894);
#897=DIRECTION('',(0.E0,0.E0,1.E0));
#898=VECTOR('',#897,7.E0);
#899=CARTESIAN_POINT('',(-6.5E1,3.503137303340E1,1.E0));
#900=LINE('',#899,#898);
#901=DIRECTION('',(0.E0,1.E0,0.E0));
#902=VECTOR('',#901,7.006274606681E1);
#903=CARTESIAN_POINT('',(-6.5E1,-3.503137303340E1,1.E0));
#904=LINE('',#903,#902);
#905=CARTESIAN_POINT('',(-6.4E1,3.503137303340E1,8.E0));
#906=DIRECTION('',(0.E0,0.E0,-1.E0));
#907=DIRECTION('',(-1.E0,0.E0,0.E0));
#908=AXIS2_PLACEMENT_3D('',#905,#906,#907);
#910=DIRECTION('',(0.E0,0.E0,-1.E0));
#911=VECTOR('',#910,7.E0);
#912=CARTESIAN_POINT('',(-6.052352977505E1,3.9375E1,8.E0));
#913=LINE('',#912,#911);
#914=CARTESIAN_POINT('',(-6.35E1,3.9E1,1.E0));
#915=DIRECTION('',(0.E0,0.E0,1.E0));
#916=DIRECTION('',(-1.25E-1,-9.921567416492E-1,0.E0));
#917=AXIS2_PLACEMENT_3D('',#914,#915,#916);
#919=DIRECTION('',(0.E0,0.E0,1.E0));
#920=VECTOR('',#919,7.E0);
#921=CARTESIAN_POINT('',(-6.3875E1,3.602352977505E1,1.E0));
#922=LINE('',#921,#920);
#923=CARTESIAN_POINT('',(-6.35E1,3.9E1,8.E0));
#924=DIRECTION('',(0.E0,0.E0,1.E0));
#925=DIRECTION('',(-1.25E-1,-9.921567416492E-1,0.E0));
#926=AXIS2_PLACEMENT_3D('',#923,#924,#925);
#928=CARTESIAN_POINT('',(-5.953137303340E1,3.95E1,8.E0));
#929=DIRECTION('',(0.E0,0.E0,-1.E0));
#930=DIRECTION('',(-9.921567416492E-1,-1.25E-1,0.E0));
#931=AXIS2_PLACEMENT_3D('',#928,#929,#930);
#933=DIRECTION('',(0.E0,0.E0,-1.E0));
#934=VECTOR('',#933,7.E0);
#935=CARTESIAN_POINT('',(-5.953137303340E1,4.05E1,8.E0));
#936=LINE('',#935,#934);
#937=DIRECTION('',(0.E0,0.E0,1.E0));
#938=VECTOR('',#937,7.E0);
#939=CARTESIAN_POINT('',(5.953137303340E1,4.05E1,1.E0));
#940=LINE('',#939,#938);
#941=DIRECTION('',(1.E0,0.E0,0.E0));
#942=VECTOR('',#941,1.190627460668E2);
#943=CARTESIAN_POINT('',(-5.953137303340E1,4.05E1,1.E0));
#944=LINE('',#943,#942);
#945=CARTESIAN_POINT('',(5.953137303340E1,3.95E1,8.E0));
#946=DIRECTION('',(0.E0,0.E0,-1.E0));
#947=DIRECTION('',(0.E0,1.E0,0.E0));
#948=AXIS2_PLACEMENT_3D('',#945,#946,#947);
#950=DIRECTION('',(0.E0,0.E0,1.E0));
#951=VECTOR('',#950,7.E0);
#952=CARTESIAN_POINT('',(6.052352977505E1,3.9375E1,1.E0));
#953=LINE('',#952,#951);
#954=CARTESIAN_POINT('',(6.35E1,3.9E1,8.E0));
#955=DIRECTION('',(0.E0,0.E0,1.E0));
#956=DIRECTION('',(-9.921567416492E-1,1.25E-1,0.E0));
#957=AXIS2_PLACEMENT_3D('',#954,#955,#956);
#959=DIRECTION('',(0.E0,0.E0,-1.E0));
#960=VECTOR('',#959,7.E0);
#961=CARTESIAN_POINT('',(6.3875E1,3.602352977505E1,8.E0));
#962=LINE('',#961,#960);
#963=CARTESIAN_POINT('',(6.35E1,3.9E1,1.E0));
#964=DIRECTION('',(0.E0,0.E0,1.E0));
#965=DIRECTION('',(-9.921567416492E-1,1.25E-1,0.E0));
#966=AXIS2_PLACEMENT_3D('',#963,#964,#965);
#968=CARTESIAN_POINT('',(6.4E1,3.503137303340E1,8.E0));
#969=DIRECTION('',(0.E0,0.E0,-1.E0));
#970=DIRECTION('',(-1.25E-1,9.921567416492E-1,0.E0));
#971=AXIS2_PLACEMENT_3D('',#968,#969,#970);
#973=DIRECTION('',(0.E0,0.E0,-1.E0));
#974=VECTOR('',#973,1.E0);
#975=CARTESIAN_POINT('',(7.025E1,3.E1,1.E0));
#976=LINE('',#975,#974);
#977=DIRECTION('',(0.E0,0.E0,-1.E0));
#978=VECTOR('',#977,1.E0);
#979=CARTESIAN_POINT('',(7.575E1,3.E1,1.E0));
#980=LINE('',#979,#978);
#981=DIRECTION('',(0.E0,0.E0,-1.E0));
#982=VECTOR('',#981,1.E0);
#983=CARTESIAN_POINT('',(7.025E1,1.E1,1.E0));
#984=LINE('',#983,#982);
#985=DIRECTION('',(0.E0,0.E0,-1.E0));
#986=VECTOR('',#985,1.E0);
#987=CARTESIAN_POINT('',(7.575E1,1.E1,1.E0));
#988=LINE('',#987,#986);
#989=DIRECTION('',(0.E0,0.E0,-1.E0));
#990=VECTOR('',#989,1.E0);
#991=CARTESIAN_POINT('',(7.025E1,-1.E1,1.E0));
#992=LINE('',#991,#990);
#993=DIRECTION('',(0.E0,0.E0,-1.E0));
#994=VECTOR('',#993,1.E0);
#995=CARTESIAN_POINT('',(7.575E1,-1.E1,1.E0));
#996=LINE('',#995,#994);
#997=DIRECTION('',(0.E0,0.E0,-1.E0));
#998=VECTOR('',#997,1.E0);
#999=CARTESIAN_POINT('',(7.025E1,-3.E1,1.E0));
#1000=LINE('',#999,#998);
#1001=DIRECTION('',(0.E0,0.E0,-1.E0));
#1002=VECTOR('',#1001,1.E0);
#1003=CARTESIAN_POINT('',(7.575E1,-3.E1,1.E0));
#1004=LINE('',#1003,#1002);
#1005=DIRECTION('',(0.E0,0.E0,-1.E0));
#1006=VECTOR('',#1005,1.E0);
#1007=CARTESIAN_POINT('',(-7.025E1,3.E1,1.E0));
#1008=LINE('',#1007,#1006);
#1009=DIRECTION('',(0.E0,0.E0,-1.E0));
#1010=VECTOR('',#1009,1.E0);
#1011=CARTESIAN_POINT('',(-7.575E1,3.E1,1.E0));
#1012=LINE('',#1011,#1010);
#1013=DIRECTION('',(0.E0,0.E0,-1.E0));
#1014=VECTOR('',#1013,1.E0);
#1015=CARTESIAN_POINT('',(-7.025E1,1.E1,1.E0));
#1016=LINE('',#1015,#1014);
#1017=DIRECTION('',(0.E0,0.E0,-1.E0));
#1018=VECTOR('',#1017,1.E0);
#1019=CARTESIAN_POINT('',(-7.575E1,1.E1,1.E0));
#1020=LINE('',#1019,#1018);
#1021=DIRECTION('',(0.E0,0.E0,-1.E0));
#1022=VECTOR('',#1021,1.E0);
#1023=CARTESIAN_POINT('',(-7.025E1,-1.E1,1.E0));
#1024=LINE('',#1023,#1022);
#1025=DIRECTION('',(0.E0,0.E0,-1.E0));
#1026=VECTOR('',#1025,1.E0);
#1027=CARTESIAN_POINT('',(-7.575E1,-1.E1,1.E0));
#1028=LINE('',#1027,#1026);
#1029=DIRECTION('',(0.E0,0.E0,-1.E0));
#1030=VECTOR('',#1029,1.E0);
#1031=CARTESIAN_POINT('',(-7.025E1,-3.E1,1.E0));
#1032=LINE('',#1031,#1030);
#1033=DIRECTION('',(0.E0,0.E0,-1.E0));
#1034=VECTOR('',#1033,1.E0);
#1035=CARTESIAN_POINT('',(-7.575E1,-3.E1,1.E0));
#1036=LINE('',#1035,#1034);
#1037=DIRECTION('',(0.E0,0.E0,-1.E0));
#1038=VECTOR('',#1037,5.E-1);
#1039=CARTESIAN_POINT('',(-6.1E1,-3.15E1,1.E0));
#1040=LINE('',#1039,#1038);
#1041=DIRECTION('',(0.E0,0.E0,-1.E0));
#1042=VECTOR('',#1041,5.E-1);
#1043=CARTESIAN_POINT('',(-6.1E1,3.15E1,1.E0));
#1044=LINE('',#1043,#1042);
#1045=CARTESIAN_POINT('',(-5.6E1,-3.15E1,1.E0));
#1046=DIRECTION('',(0.E0,0.E0,-1.E0));
#1047=DIRECTION('',(0.E0,-1.E0,0.E0));
#1048=AXIS2_PLACEMENT_3D('',#1045,#1046,#1047);
#1050=CARTESIAN_POINT('',(5.6E1,-3.15E1,5.E-1));
#1051=DIRECTION('',(0.E0,0.E0,1.E0));
#1052=DIRECTION('',(0.E0,-1.E0,0.E0));
#1053=AXIS2_PLACEMENT_3D('',#1050,#1051,#1052);
#1055=DIRECTION('',(1.E0,0.E0,0.E0));
#1056=VECTOR('',#1055,1.12E2);
#1057=CARTESIAN_POINT('',(-5.6E1,-3.65E1,5.E-1));
#1058=LINE('',#1057,#1056);
#1059=CARTESIAN_POINT('',(-5.6E1,-3.15E1,5.E-1));
#1060=DIRECTION('',(0.E0,0.E0,1.E0));
#1061=DIRECTION('',(-1.E0,0.E0,0.E0));
#1062=AXIS2_PLACEMENT_3D('',#1059,#1060,#1061);
#1064=DIRECTION('',(0.E0,-1.E0,0.E0));
#1065=VECTOR('',#1064,6.3E1);
#1066=CARTESIAN_POINT('',(-6.1E1,3.15E1,5.E-1));
#1067=LINE('',#1066,#1065);
#1068=CARTESIAN_POINT('',(-5.6E1,3.15E1,5.E-1));
#1069=DIRECTION('',(0.E0,0.E0,1.E0));
#1070=DIRECTION('',(0.E0,1.E0,0.E0));
#1071=AXIS2_PLACEMENT_3D('',#1068,#1069,#1070);
#1073=DIRECTION('',(-1.E0,0.E0,0.E0));
#1074=VECTOR('',#1073,1.12E2);
#1075=CARTESIAN_POINT('',(5.6E1,3.65E1,5.E-1));
#1076=LINE('',#1075,#1074);
#1077=CARTESIAN_POINT('',(5.6E1,3.15E1,5.E-1));
#1078=DIRECTION('',(0.E0,0.E0,1.E0));
#1079=DIRECTION('',(1.E0,0.E0,0.E0));
#1080=AXIS2_PLACEMENT_3D('',#1077,#1078,#1079);
#1082=DIRECTION('',(0.E0,1.E0,0.E0));
#1083=VECTOR('',#1082,6.3E1);
#1084=CARTESIAN_POINT('',(6.1E1,-3.15E1,5.E-1));
#1085=LINE('',#1084,#1083);
#1086=CARTESIAN_POINT('',(5.6E1,-3.15E1,1.E0));
#1087=DIRECTION('',(0.E0,0.E0,-1.E0));
#1088=DIRECTION('',(1.E0,0.E0,0.E0));
#1089=AXIS2_PLACEMENT_3D('',#1086,#1087,#1088);
#1091=DIRECTION('',(0.E0,0.E0,-1.E0));
#1092=VECTOR('',#1091,5.E-1);
#1093=CARTESIAN_POINT('',(6.1E1,-3.15E1,1.E0));
#1094=LINE('',#1093,#1092);
#1095=DIRECTION('',(0.E0,0.E0,-1.E0));
#1096=VECTOR('',#1095,5.E-1);
#1097=CARTESIAN_POINT('',(6.1E1,3.15E1,1.E0));
#1098=LINE('',#1097,#1096);
#1099=CARTESIAN_POINT('',(5.6E1,3.15E1,1.E0));
#1100=DIRECTION('',(0.E0,0.E0,-1.E0));
#1101=DIRECTION('',(0.E0,1.E0,0.E0));
#1102=AXIS2_PLACEMENT_3D('',#1099,#1100,#1101);
#1104=DIRECTION('',(0.E0,0.E0,-1.E0));
#1105=VECTOR('',#1104,5.E-1);
#1106=CARTESIAN_POINT('',(-5.6E1,3.65E1,1.E0));
#1107=LINE('',#1106,#1105);
#1108=DIRECTION('',(0.E0,0.E0,-1.E0));
#1109=VECTOR('',#1108,5.E-1);
#1110=CARTESIAN_POINT('',(5.6E1,3.65E1,1.E0));
#1111=LINE('',#1110,#1109);
#1112=CARTESIAN_POINT('',(-5.6E1,3.15E1,1.E0));
#1113=DIRECTION('',(0.E0,0.E0,-1.E0));
#1114=DIRECTION('',(-1.E0,0.E0,0.E0));
#1115=AXIS2_PLACEMENT_3D('',#1112,#1113,#1114);
#1117=DIRECTION('',(0.E0,0.E0,-1.E0));
#1118=VECTOR('',#1117,5.E-1);
#1119=CARTESIAN_POINT('',(5.6E1,-3.65E1,1.E0));
#1120=LINE('',#1119,#1118);
#1121=DIRECTION('',(0.E0,0.E0,-1.E0));
#1122=VECTOR('',#1121,5.E-1);
#1123=CARTESIAN_POINT('',(-5.6E1,-3.65E1,1.E0));
#1124=LINE('',#1123,#1122);
#1125=CARTESIAN_POINT('',(6.225E1,-3.9E1,8.E0));
#1126=CARTESIAN_POINT('',(6.475E1,-3.9E1,8.E0));
#1127=VERTEX_POINT('',#1125);
#1128=VERTEX_POINT('',#1126);
#1129=CARTESIAN_POINT('',(-6.475E1,-3.9E1,8.E0));
#1130=CARTESIAN_POINT('',(-6.225E1,-3.9E1,8.E0));
#1131=VERTEX_POINT('',#1129);
#1132=VERTEX_POINT('',#1130);
#1133=CARTESIAN_POINT('',(6.225E1,3.9E1,8.E0));
#1134=CARTESIAN_POINT('',(6.475E1,3.9E1,8.E0));
#1135=VERTEX_POINT('',#1133);
#1136=VERTEX_POINT('',#1134);
#1137=CARTESIAN_POINT('',(-6.475E1,3.9E1,8.E0));
#1138=CARTESIAN_POINT('',(-6.225E1,3.9E1,8.E0));
#1139=VERTEX_POINT('',#1137);
#1140=VERTEX_POINT('',#1138);
#1141=CARTESIAN_POINT('',(6.475E1,-3.9E1,1.E0));
#1142=CARTESIAN_POINT('',(6.225E1,-3.9E1,1.E0));
#1143=VERTEX_POINT('',#1141);
#1144=VERTEX_POINT('',#1142);
#1145=CARTESIAN_POINT('',(-6.225E1,-3.9E1,1.E0));
#1146=CARTESIAN_POINT('',(-6.475E1,-3.9E1,1.E0));
#1147=VERTEX_POINT('',#1145);
#1148=VERTEX_POINT('',#1146);
#1149=CARTESIAN_POINT('',(6.475E1,3.9E1,1.E0));
#1150=CARTESIAN_POINT('',(6.225E1,3.9E1,1.E0));
#1151=VERTEX_POINT('',#1149);
#1152=VERTEX_POINT('',#1150);
#1153=CARTESIAN_POINT('',(-6.225E1,3.9E1,1.E0));
#1154=CARTESIAN_POINT('',(-6.475E1,3.9E1,1.E0));
#1155=VERTEX_POINT('',#1153);
#1156=VERTEX_POINT('',#1154);
#1157=CARTESIAN_POINT('',(6.9E1,-4.45E1,1.E0));
#1158=CARTESIAN_POINT('',(6.9E1,4.45E1,1.E0));
#1159=VERTEX_POINT('',#1157);
#1160=VERTEX_POINT('',#1158);
#1161=CARTESIAN_POINT('',(-6.9E1,4.45E1,1.E0));
#1162=CARTESIAN_POINT('',(-6.9E1,-4.45E1,1.E0));
#1163=VERTEX_POINT('',#1161);
#1164=VERTEX_POINT('',#1162);
#1165=CARTESIAN_POINT('',(-6.9E1,4.45E1,2.22E1));
#1166=CARTESIAN_POINT('',(-6.9E1,-4.45E1,2.22E1));
#1167=VERTEX_POINT('',#1165);
#1168=VERTEX_POINT('',#1166);
#1169=CARTESIAN_POINT('',(-6.75E1,-4.3E1,2.22E1));
#1170=CARTESIAN_POINT('',(-6.75E1,4.3E1,2.22E1));
#1171=VERTEX_POINT('',#1169);
#1172=VERTEX_POINT('',#1170);
#1173=CARTESIAN_POINT('',(-6.75E1,-4.3E1,8.E0));
#1174=CARTESIAN_POINT('',(-6.75E1,4.3E1,8.E0));
#1175=VERTEX_POINT('',#1173);
#1176=VERTEX_POINT('',#1174);
#1177=CARTESIAN_POINT('',(6.75E1,4.3E1,8.E0));
#1178=VERTEX_POINT('',#1177);
#1179=CARTESIAN_POINT('',(6.75E1,-4.3E1,8.E0));
#1180=VERTEX_POINT('',#1179);
#1181=CARTESIAN_POINT('',(6.75E1,4.3E1,2.22E1));
#1182=VERTEX_POINT('',#1181);
#1183=CARTESIAN_POINT('',(6.75E1,-4.3E1,2.22E1));
#1184=VERTEX_POINT('',#1183);
#1185=CARTESIAN_POINT('',(6.9E1,4.45E1,2.22E1));
#1186=VERTEX_POINT('',#1185);
#1187=CARTESIAN_POINT('',(6.9E1,-4.45E1,2.22E1));
#1188=VERTEX_POINT('',#1187);
#1189=CARTESIAN_POINT('',(5.9E1,4.3E1,9.6E0));
#1190=CARTESIAN_POINT('',(-5.9E1,4.3E1,9.6E0));
#1191=VERTEX_POINT('',#1189);
#1192=VERTEX_POINT('',#1190);
#1193=CARTESIAN_POINT('',(5.9E1,4.3E1,2.22E1));
#1194=VERTEX_POINT('',#1193);
#1195=CARTESIAN_POINT('',(-5.9E1,4.3E1,2.22E1));
#1196=VERTEX_POINT('',#1195);
#1197=CARTESIAN_POINT('',(5.9E1,4.45E1,9.6E0));
#1198=VERTEX_POINT('',#1197);
#1199=CARTESIAN_POINT('',(-5.9E1,4.45E1,9.6E0));
#1200=VERTEX_POINT('',#1199);
#1201=CARTESIAN_POINT('',(5.9E1,4.45E1,2.22E1));
#1202=VERTEX_POINT('',#1201);
#1203=CARTESIAN_POINT('',(-5.9E1,4.45E1,2.22E1));
#1204=VERTEX_POINT('',#1203);
#1205=CARTESIAN_POINT('',(6.05E1,-4.45E1,2.22E1));
#1206=CARTESIAN_POINT('',(6.05E1,-4.45E1,9.6E0));
#1207=VERTEX_POINT('',#1205);
#1208=VERTEX_POINT('',#1206);
#1209=CARTESIAN_POINT('',(4.5E0,-4.45E1,2.22E1));
#1210=CARTESIAN_POINT('',(4.5E0,-4.45E1,9.6E0));
#1211=VERTEX_POINT('',#1209);
#1212=VERTEX_POINT('',#1210);
#1213=CARTESIAN_POINT('',(6.05E1,-4.3E1,2.22E1));
#1214=VERTEX_POINT('',#1213);
#1215=CARTESIAN_POINT('',(4.5E0,-4.3E1,2.22E1));
#1216=VERTEX_POINT('',#1215);
#1217=CARTESIAN_POINT('',(6.05E1,-4.3E1,9.6E0));
#1218=VERTEX_POINT('',#1217);
#1219=CARTESIAN_POINT('',(4.5E0,-4.3E1,9.6E0));
#1220=VERTEX_POINT('',#1219);
#1221=CARTESIAN_POINT('',(6.9E1,-5.E0,1.28E1));
#1222=CARTESIAN_POINT('',(6.9E1,-5.E0,9.6E0));
#1223=VERTEX_POINT('',#1221);
#1224=VERTEX_POINT('',#1222);
#1225=CARTESIAN_POINT('',(6.9E1,1.3E1,9.6E0));
#1226=VERTEX_POINT('',#1225);
#1227=CARTESIAN_POINT('',(6.9E1,1.3E1,1.28E1));
#1228=VERTEX_POINT('',#1227);
#1229=CARTESIAN_POINT('',(6.75E1,-5.E0,1.28E1));
#1230=CARTESIAN_POINT('',(6.75E1,-5.E0,9.6E0));
#1231=VERTEX_POINT('',#1229);
#1232=VERTEX_POINT('',#1230);
#1233=CARTESIAN_POINT('',(6.75E1,1.3E1,9.6E0));
#1234=VERTEX_POINT('',#1233);
#1235=CARTESIAN_POINT('',(6.75E1,1.3E1,1.28E1));
#1236=VERTEX_POINT('',#1235);
#1237=CARTESIAN_POINT('',(6.9E1,-1.2E1,2.22E1));
#1238=CARTESIAN_POINT('',(6.9E1,-1.2E1,2.02E1));
#1239=VERTEX_POINT('',#1237);
#1240=VERTEX_POINT('',#1238);
#1241=CARTESIAN_POINT('',(6.9E1,1.4E1,2.02E1));
#1242=VERTEX_POINT('',#1241);
#1243=CARTESIAN_POINT('',(6.9E1,1.4E1,2.22E1));
#1244=VERTEX_POINT('',#1243);
#1245=CARTESIAN_POINT('',(6.75E1,-1.2E1,2.22E1));
#1246=VERTEX_POINT('',#1245);
#1247=CARTESIAN_POINT('',(6.75E1,1.4E1,2.22E1));
#1248=VERTEX_POINT('',#1247);
#1249=CARTESIAN_POINT('',(6.75E1,-1.2E1,2.02E1));
#1250=VERTEX_POINT('',#1249);
#1251=CARTESIAN_POINT('',(6.75E1,1.4E1,2.02E1));
#1252=VERTEX_POINT('',#1251);
#1253=CARTESIAN_POINT('',(7.35E1,4.45E1,0.E0));
#1254=CARTESIAN_POINT('',(7.85E1,3.95E1,0.E0));
#1255=VERTEX_POINT('',#1253);
#1256=VERTEX_POINT('',#1254);
#1257=CARTESIAN_POINT('',(7.85E1,3.95E1,1.E0));
#1258=VERTEX_POINT('',#1257);
#1259=CARTESIAN_POINT('',(7.35E1,4.45E1,1.E0));
#1260=VERTEX_POINT('',#1259);
#1261=CARTESIAN_POINT('',(7.85E1,-3.95E1,0.E0));
#1262=CARTESIAN_POINT('',(7.35E1,-4.45E1,0.E0));
#1263=VERTEX_POINT('',#1261);
#1264=VERTEX_POINT('',#1262);
#1265=CARTESIAN_POINT('',(7.35E1,-4.45E1,1.E0));
#1266=VERTEX_POINT('',#1265);
#1267=CARTESIAN_POINT('',(7.85E1,-3.95E1,1.E0));
#1268=VERTEX_POINT('',#1267);
#1269=CARTESIAN_POINT('',(-7.85E1,3.95E1,0.E0));
#1270=CARTESIAN_POINT('',(-7.35E1,4.45E1,0.E0));
#1271=VERTEX_POINT('',#1269);
#1272=VERTEX_POINT('',#1270);
#1273=CARTESIAN_POINT('',(-7.35E1,4.45E1,1.E0));
#1274=VERTEX_POINT('',#1273);
#1275=CARTESIAN_POINT('',(-7.85E1,3.95E1,1.E0));
#1276=VERTEX_POINT('',#1275);
#1277=CARTESIAN_POINT('',(-7.35E1,-4.45E1,0.E0));
#1278=CARTESIAN_POINT('',(-7.85E1,-3.95E1,0.E0));
#1279=VERTEX_POINT('',#1277);
#1280=VERTEX_POINT('',#1278);
#1281=CARTESIAN_POINT('',(-7.85E1,-3.95E1,1.E0));
#1282=VERTEX_POINT('',#1281);
#1283=CARTESIAN_POINT('',(-7.35E1,-4.45E1,1.E0));
#1284=VERTEX_POINT('',#1283);
#1285=CARTESIAN_POINT('',(7.025E1,3.E1,0.E0));
#1286=CARTESIAN_POINT('',(7.575E1,3.E1,0.E0));
#1287=VERTEX_POINT('',#1285);
#1288=VERTEX_POINT('',#1286);
#1289=CARTESIAN_POINT('',(7.025E1,3.E1,1.E0));
#1290=CARTESIAN_POINT('',(7.575E1,3.E1,1.E0));
#1291=VERTEX_POINT('',#1289);
#1292=VERTEX_POINT('',#1290);
#1293=CARTESIAN_POINT('',(7.025E1,1.E1,0.E0));
#1294=CARTESIAN_POINT('',(7.575E1,1.E1,0.E0));
#1295=VERTEX_POINT('',#1293);
#1296=VERTEX_POINT('',#1294);
#1297=CARTESIAN_POINT('',(7.025E1,1.E1,1.E0));
#1298=CARTESIAN_POINT('',(7.575E1,1.E1,1.E0));
#1299=VERTEX_POINT('',#1297);
#1300=VERTEX_POINT('',#1298);
#1301=CARTESIAN_POINT('',(7.025E1,-1.E1,0.E0));
#1302=CARTESIAN_POINT('',(7.575E1,-1.E1,0.E0));
#1303=VERTEX_POINT('',#1301);
#1304=VERTEX_POINT('',#1302);
#1305=CARTESIAN_POINT('',(7.025E1,-1.E1,1.E0));
#1306=CARTESIAN_POINT('',(7.575E1,-1.E1,1.E0));
#1307=VERTEX_POINT('',#1305);
#1308=VERTEX_POINT('',#1306);
#1309=CARTESIAN_POINT('',(7.025E1,-3.E1,0.E0));
#1310=CARTESIAN_POINT('',(7.575E1,-3.E1,0.E0));
#1311=VERTEX_POINT('',#1309);
#1312=VERTEX_POINT('',#1310);
#1313=CARTESIAN_POINT('',(7.025E1,-3.E1,1.E0));
#1314=CARTESIAN_POINT('',(7.575E1,-3.E1,1.E0));
#1315=VERTEX_POINT('',#1313);
#1316=VERTEX_POINT('',#1314);
#1317=CARTESIAN_POINT('',(-7.025E1,3.E1,1.E0));
#1318=CARTESIAN_POINT('',(-7.025E1,3.E1,0.E0));
#1319=VERTEX_POINT('',#1317);
#1320=VERTEX_POINT('',#1318);
#1321=CARTESIAN_POINT('',(-7.575E1,3.E1,1.E0));
#1322=CARTESIAN_POINT('',(-7.575E1,3.E1,0.E0));
#1323=VERTEX_POINT('',#1321);
#1324=VERTEX_POINT('',#1322);
#1325=CARTESIAN_POINT('',(-7.025E1,1.E1,1.E0));
#1326=CARTESIAN_POINT('',(-7.025E1,1.E1,0.E0));
#1327=VERTEX_POINT('',#1325);
#1328=VERTEX_POINT('',#1326);
#1329=CARTESIAN_POINT('',(-7.575E1,1.E1,1.E0));
#1330=CARTESIAN_POINT('',(-7.575E1,1.E1,0.E0));
#1331=VERTEX_POINT('',#1329);
#1332=VERTEX_POINT('',#1330);
#1333=CARTESIAN_POINT('',(-7.025E1,-1.E1,1.E0));
#1334=CARTESIAN_POINT('',(-7.025E1,-1.E1,0.E0));
#1335=VERTEX_POINT('',#1333);
#1336=VERTEX_POINT('',#1334);
#1337=CARTESIAN_POINT('',(-7.575E1,-1.E1,1.E0));
#1338=CARTESIAN_POINT('',(-7.575E1,-1.E1,0.E0));
#1339=VERTEX_POINT('',#1337);
#1340=VERTEX_POINT('',#1338);
#1341=CARTESIAN_POINT('',(-7.025E1,-3.E1,1.E0));
#1342=CARTESIAN_POINT('',(-7.025E1,-3.E1,0.E0));
#1343=VERTEX_POINT('',#1341);
#1344=VERTEX_POINT('',#1342);
#1345=CARTESIAN_POINT('',(-7.575E1,-3.E1,1.E0));
#1346=CARTESIAN_POINT('',(-7.575E1,-3.E1,0.E0));
#1347=VERTEX_POINT('',#1345);
#1348=VERTEX_POINT('',#1346);
#1349=CARTESIAN_POINT('',(5.6E1,-3.65E1,5.E-1));
#1350=CARTESIAN_POINT('',(6.1E1,-3.15E1,5.E-1));
#1351=VERTEX_POINT('',#1349);
#1352=VERTEX_POINT('',#1350);
#1353=CARTESIAN_POINT('',(6.1E1,-3.15E1,1.E0));
#1354=VERTEX_POINT('',#1353);
#1355=CARTESIAN_POINT('',(5.6E1,-3.65E1,1.E0));
#1356=VERTEX_POINT('',#1355);
#1357=CARTESIAN_POINT('',(-6.1E1,-3.15E1,5.E-1));
#1358=CARTESIAN_POINT('',(-5.6E1,-3.65E1,5.E-1));
#1359=VERTEX_POINT('',#1357);
#1360=VERTEX_POINT('',#1358);
#1361=CARTESIAN_POINT('',(-5.6E1,-3.65E1,1.E0));
#1362=VERTEX_POINT('',#1361);
#1363=CARTESIAN_POINT('',(-6.1E1,-3.15E1,1.E0));
#1364=VERTEX_POINT('',#1363);
#1365=CARTESIAN_POINT('',(-5.6E1,3.65E1,5.E-1));
#1366=CARTESIAN_POINT('',(-6.1E1,3.15E1,5.E-1));
#1367=VERTEX_POINT('',#1365);
#1368=VERTEX_POINT('',#1366);
#1369=CARTESIAN_POINT('',(-6.1E1,3.15E1,1.E0));
#1370=VERTEX_POINT('',#1369);
#1371=CARTESIAN_POINT('',(-5.6E1,3.65E1,1.E0));
#1372=VERTEX_POINT('',#1371);
#1373=CARTESIAN_POINT('',(6.1E1,3.15E1,5.E-1));
#1374=CARTESIAN_POINT('',(5.6E1,3.65E1,5.E-1));
#1375=VERTEX_POINT('',#1373);
#1376=VERTEX_POINT('',#1374);
#1377=CARTESIAN_POINT('',(5.6E1,3.65E1,1.E0));
#1378=VERTEX_POINT('',#1377);
#1379=CARTESIAN_POINT('',(6.1E1,3.15E1,1.E0));
#1380=VERTEX_POINT('',#1379);
#1381=CARTESIAN_POINT('',(-6.5E1,-3.503137303340E1,1.E0));
#1382=CARTESIAN_POINT('',(-6.3875E1,-3.602352977505E1,1.E0));
#1383=VERTEX_POINT('',#1381);
#1384=VERTEX_POINT('',#1382);
#1385=CARTESIAN_POINT('',(-6.3875E1,-3.602352977505E1,8.E0));
#1386=VERTEX_POINT('',#1385);
#1387=CARTESIAN_POINT('',(-6.5E1,-3.503137303340E1,8.E0));
#1388=VERTEX_POINT('',#1387);
#1389=CARTESIAN_POINT('',(-6.052352977505E1,-3.9375E1,1.E0));
#1390=CARTESIAN_POINT('',(-6.052352977505E1,-3.9375E1,8.E0));
#1391=VERTEX_POINT('',#1389);
#1392=VERTEX_POINT('',#1390);
#1393=CARTESIAN_POINT('',(-5.953137303340E1,-4.05E1,1.E0));
#1394=VERTEX_POINT('',#1393);
#1395=CARTESIAN_POINT('',(-5.953137303340E1,-4.05E1,8.E0));
#1396=VERTEX_POINT('',#1395);
#1397=CARTESIAN_POINT('',(-5.953137303340E1,4.05E1,1.E0));
#1398=CARTESIAN_POINT('',(-6.052352977505E1,3.9375E1,1.E0));
#1399=VERTEX_POINT('',#1397);
#1400=VERTEX_POINT('',#1398);
#1401=CARTESIAN_POINT('',(-6.052352977505E1,3.9375E1,8.E0));
#1402=VERTEX_POINT('',#1401);
#1403=CARTESIAN_POINT('',(-5.953137303340E1,4.05E1,8.E0));
#1404=VERTEX_POINT('',#1403);
#1405=CARTESIAN_POINT('',(-6.3875E1,3.602352977505E1,1.E0));
#1406=CARTESIAN_POINT('',(-6.3875E1,3.602352977505E1,8.E0));
#1407=VERTEX_POINT('',#1405);
#1408=VERTEX_POINT('',#1406);
#1409=CARTESIAN_POINT('',(-6.5E1,3.503137303340E1,1.E0));
#1410=VERTEX_POINT('',#1409);
#1411=CARTESIAN_POINT('',(-6.5E1,3.503137303340E1,8.E0));
#1412=VERTEX_POINT('',#1411);
#1413=CARTESIAN_POINT('',(6.3875E1,-3.602352977505E1,1.E0));
#1414=CARTESIAN_POINT('',(6.3875E1,-3.602352977505E1,8.E0));
#1415=VERTEX_POINT('',#1413);
#1416=VERTEX_POINT('',#1414);
#1417=CARTESIAN_POINT('',(6.5E1,-3.503137303340E1,1.E0));
#1418=VERTEX_POINT('',#1417);
#1419=CARTESIAN_POINT('',(6.5E1,-3.503137303340E1,8.E0));
#1420=VERTEX_POINT('',#1419);
#1421=CARTESIAN_POINT('',(5.953137303340E1,-4.05E1,1.E0));
#1422=CARTESIAN_POINT('',(6.052352977505E1,-3.9375E1,1.E0));
#1423=VERTEX_POINT('',#1421);
#1424=VERTEX_POINT('',#1422);
#1425=CARTESIAN_POINT('',(6.052352977505E1,-3.9375E1,8.E0));
#1426=VERTEX_POINT('',#1425);
#1427=CARTESIAN_POINT('',(5.953137303340E1,-4.05E1,8.E0));
#1428=VERTEX_POINT('',#1427);
#1429=CARTESIAN_POINT('',(6.052352977505E1,3.9375E1,1.E0));
#1430=CARTESIAN_POINT('',(6.052352977505E1,3.9375E1,8.E0));
#1431=VERTEX_POINT('',#1429);
#1432=VERTEX_POINT('',#1430);
#1433=CARTESIAN_POINT('',(5.953137303340E1,4.05E1,1.E0));
#1434=VERTEX_POINT('',#1433);
#1435=CARTESIAN_POINT('',(5.953137303340E1,4.05E1,8.E0));
#1436=VERTEX_POINT('',#1435);
#1437=CARTESIAN_POINT('',(6.5E1,3.503137303340E1,1.E0));
#1438=CARTESIAN_POINT('',(6.3875E1,3.602352977505E1,1.E0));
#1439=VERTEX_POINT('',#1437);
#1440=VERTEX_POINT('',#1438);
#1441=CARTESIAN_POINT('',(6.3875E1,3.602352977505E1,8.E0));
#1442=VERTEX_POINT('',#1441);
#1443=CARTESIAN_POINT('',(6.5E1,3.503137303340E1,8.E0));
#1444=VERTEX_POINT('',#1443);
#1445=CARTESIAN_POINT('',(6.75E1,-1.2E1,6.E0));
#1446=CARTESIAN_POINT('',(6.75E1,1.7E1,6.E0));
#1447=VERTEX_POINT('',#1445);
#1448=VERTEX_POINT('',#1446);
#1449=CARTESIAN_POINT('',(6.75E1,-1.2E1,8.E0));
#1450=CARTESIAN_POINT('',(6.5E1,-1.2E1,8.E0));
#1451=VERTEX_POINT('',#1449);
#1452=VERTEX_POINT('',#1450);
#1453=CARTESIAN_POINT('',(6.75E1,1.7E1,8.E0));
#1454=CARTESIAN_POINT('',(6.5E1,1.7E1,8.E0));
#1455=VERTEX_POINT('',#1453);
#1456=VERTEX_POINT('',#1454);
#1457=CARTESIAN_POINT('',(6.5E1,1.7E1,6.E0));
#1458=CARTESIAN_POINT('',(6.5E1,-1.2E1,6.E0));
#1459=VERTEX_POINT('',#1457);
#1460=VERTEX_POINT('',#1458);
#1461=CARTESIAN_POINT('',(0.E0,0.E0,0.E0));
#1462=DIRECTION('',(0.E0,0.E0,1.E0));
#1463=DIRECTION('',(-1.E0,0.E0,0.E0));
#1464=AXIS2_PLACEMENT_3D('',#1461,#1462,#1463);
#1465=PLANE('',#1464);
#1467=ORIENTED_EDGE('',*,*,#1466,.F.);
#1469=ORIENTED_EDGE('',*,*,#1468,.F.);
#1471=ORIENTED_EDGE('',*,*,#1470,.F.);
#1473=ORIENTED_EDGE('',*,*,#1472,.T.);
#1475=ORIENTED_EDGE('',*,*,#1474,.F.);
#1477=ORIENTED_EDGE('',*,*,#1476,.F.);
#1479=ORIENTED_EDGE('',*,*,#1478,.F.);
#1481=ORIENTED_EDGE('',*,*,#1480,.T.);
#1482=EDGE_LOOP('',(#1467,#1469,#1471,#1473,#1475,#1477,#1479,#1481));
#1483=FACE_OUTER_BOUND('',#1482,.F.);
#1485=ORIENTED_EDGE('',*,*,#1484,.F.);
#1487=ORIENTED_EDGE('',*,*,#1486,.F.);
#1488=EDGE_LOOP('',(#1485,#1487));
#1489=FACE_BOUND('',#1488,.F.);
#1491=ORIENTED_EDGE('',*,*,#1490,.F.);
#1493=ORIENTED_EDGE('',*,*,#1492,.F.);
#1494=EDGE_LOOP('',(#1491,#1493));
#1495=FACE_BOUND('',#1494,.F.);
#1497=ORIENTED_EDGE('',*,*,#1496,.F.);
#1499=ORIENTED_EDGE('',*,*,#1498,.F.);
#1500=EDGE_LOOP('',(#1497,#1499));
#1501=FACE_BOUND('',#1500,.F.);
#1503=ORIENTED_EDGE('',*,*,#1502,.F.);
#1505=ORIENTED_EDGE('',*,*,#1504,.F.);
#1506=EDGE_LOOP('',(#1503,#1505));
#1507=FACE_BOUND('',#1506,.F.);
#1509=ORIENTED_EDGE('',*,*,#1508,.T.);
#1511=ORIENTED_EDGE('',*,*,#1510,.T.);
#1512=EDGE_LOOP('',(#1509,#1511));
#1513=FACE_BOUND('',#1512,.F.);
#1515=ORIENTED_EDGE('',*,*,#1514,.T.);
#1517=ORIENTED_EDGE('',*,*,#1516,.T.);
#1518=EDGE_LOOP('',(#1515,#1517));
#1519=FACE_BOUND('',#1518,.F.);
#1521=ORIENTED_EDGE('',*,*,#1520,.T.);
#1523=ORIENTED_EDGE('',*,*,#1522,.T.);
#1524=EDGE_LOOP('',(#1521,#1523));
#1525=FACE_BOUND('',#1524,.F.);
#1527=ORIENTED_EDGE('',*,*,#1526,.T.);
#1529=ORIENTED_EDGE('',*,*,#1528,.T.);
#1530=EDGE_LOOP('',(#1527,#1529));
#1531=FACE_BOUND('',#1530,.F.);
#1532=ADVANCED_FACE('',(#1483,#1489,#1495,#1501,#1507,#1513,#1519,#1525,#1531),
#1465,.F.);
#1533=CARTESIAN_POINT('',(7.35E1,3.95E1,5.113992E1));
#1534=DIRECTION('',(0.E0,0.E0,-1.E0));
#1535=DIRECTION('',(0.E0,1.E0,0.E0));
#1536=AXIS2_PLACEMENT_3D('',#1533,#1534,#1535);
#1537=CYLINDRICAL_SURFACE('',#1536,5.E0);
#1538=ORIENTED_EDGE('',*,*,#1466,.T.);
#1540=ORIENTED_EDGE('',*,*,#1539,.F.);
#1542=ORIENTED_EDGE('',*,*,#1541,.T.);
#1544=ORIENTED_EDGE('',*,*,#1543,.T.);
#1545=EDGE_LOOP('',(#1538,#1540,#1542,#1544));
#1546=FACE_OUTER_BOUND('',#1545,.F.);
#1547=ADVANCED_FACE('',(#1546),#1537,.T.);
#1548=CARTESIAN_POINT('',(7.85E1,-4.45E1,0.E0));
#1549=DIRECTION('',(1.E0,0.E0,0.E0));
#1550=DIRECTION('',(0.E0,1.E0,0.E0));
#1551=AXIS2_PLACEMENT_3D('',#1548,#1549,#1550);
#1552=PLANE('',#1551);
#1553=ORIENTED_EDGE('',*,*,#1539,.T.);
#1554=ORIENTED_EDGE('',*,*,#1480,.F.);
#1556=ORIENTED_EDGE('',*,*,#1555,.F.);
#1558=ORIENTED_EDGE('',*,*,#1557,.T.);
#1559=EDGE_LOOP('',(#1553,#1554,#1556,#1558));
#1560=FACE_OUTER_BOUND('',#1559,.F.);
#1561=ADVANCED_FACE('',(#1560),#1552,.T.);
#1562=CARTESIAN_POINT('',(7.35E1,-3.95E1,5.113992E1));
#1563=DIRECTION('',(0.E0,0.E0,-1.E0));
#1564=DIRECTION('',(1.E0,0.E0,0.E0));
#1565=AXIS2_PLACEMENT_3D('',#1562,#1563,#1564);
#1566=CYLINDRICAL_SURFACE('',#1565,5.E0);
#1567=ORIENTED_EDGE('',*,*,#1478,.T.);
#1569=ORIENTED_EDGE('',*,*,#1568,.F.);
#1571=ORIENTED_EDGE('',*,*,#1570,.T.);
#1572=ORIENTED_EDGE('',*,*,#1555,.T.);
#1573=EDGE_LOOP('',(#1567,#1569,#1571,#1572));
#1574=FACE_OUTER_BOUND('',#1573,.F.);
#1575=ADVANCED_FACE('',(#1574),#1566,.T.);
#1576=CARTESIAN_POINT('',(-6.9E1,-4.45E1,0.E0));
#1577=DIRECTION('',(0.E0,-1.E0,0.E0));
#1578=DIRECTION('',(1.E0,0.E0,0.E0));
#1579=AXIS2_PLACEMENT_3D('',#1576,#1577,#1578);
#1580=PLANE('',#1579);
#1581=ORIENTED_EDGE('',*,*,#1568,.T.);
#1582=ORIENTED_EDGE('',*,*,#1476,.T.);
#1584=ORIENTED_EDGE('',*,*,#1583,.F.);
#1586=ORIENTED_EDGE('',*,*,#1585,.T.);
#1588=ORIENTED_EDGE('',*,*,#1587,.T.);
#1590=ORIENTED_EDGE('',*,*,#1589,.T.);
#1592=ORIENTED_EDGE('',*,*,#1591,.T.);
#1594=ORIENTED_EDGE('',*,*,#1593,.F.);
#1596=ORIENTED_EDGE('',*,*,#1595,.F.);
#1598=ORIENTED_EDGE('',*,*,#1597,.T.);
#1600=ORIENTED_EDGE('',*,*,#1599,.T.);
#1602=ORIENTED_EDGE('',*,*,#1601,.T.);
#1603=EDGE_LOOP('',(#1581,#1582,#1584,#1586,#1588,#1590,#1592,#1594,#1596,#1598,
#1600,#1602));
#1604=FACE_OUTER_BOUND('',#1603,.F.);
#1605=ADVANCED_FACE('',(#1604),#1580,.T.);
#1606=CARTESIAN_POINT('',(-7.35E1,-3.95E1,5.113992E1));
#1607=DIRECTION('',(0.E0,0.E0,-1.E0));
#1608=DIRECTION('',(0.E0,-1.E0,0.E0));
#1609=AXIS2_PLACEMENT_3D('',#1606,#1607,#1608);
#1610=CYLINDRICAL_SURFACE('',#1609,5.E0);
#1611=ORIENTED_EDGE('',*,*,#1474,.T.);
#1613=ORIENTED_EDGE('',*,*,#1612,.F.);
#1615=ORIENTED_EDGE('',*,*,#1614,.T.);
#1616=ORIENTED_EDGE('',*,*,#1583,.T.);
#1617=EDGE_LOOP('',(#1611,#1613,#1615,#1616));
#1618=FACE_OUTER_BOUND('',#1617,.F.);
#1619=ADVANCED_FACE('',(#1618),#1610,.T.);
#1620=CARTESIAN_POINT('',(-7.85E1,4.45E1,0.E0));
#1621=DIRECTION('',(-1.E0,0.E0,0.E0));
#1622=DIRECTION('',(0.E0,-1.E0,0.E0));
#1623=AXIS2_PLACEMENT_3D('',#1620,#1621,#1622);
#1624=PLANE('',#1623);
#1626=ORIENTED_EDGE('',*,*,#1625,.F.);
#1628=ORIENTED_EDGE('',*,*,#1627,.T.);
#1629=ORIENTED_EDGE('',*,*,#1612,.T.);
#1630=ORIENTED_EDGE('',*,*,#1472,.F.);
#1631=EDGE_LOOP('',(#1626,#1628,#1629,#1630));
#1632=FACE_OUTER_BOUND('',#1631,.F.);
#1633=ADVANCED_FACE('',(#1632),#1624,.T.);
#1634=CARTESIAN_POINT('',(-7.35E1,3.95E1,5.113992E1));
#1635=DIRECTION('',(0.E0,0.E0,-1.E0));
#1636=DIRECTION('',(-1.E0,0.E0,0.E0));
#1637=AXIS2_PLACEMENT_3D('',#1634,#1635,#1636);
#1638=CYLINDRICAL_SURFACE('',#1637,5.E0);
#1639=ORIENTED_EDGE('',*,*,#1470,.T.);
#1641=ORIENTED_EDGE('',*,*,#1640,.F.);
#1643=ORIENTED_EDGE('',*,*,#1642,.T.);
#1644=ORIENTED_EDGE('',*,*,#1625,.T.);
#1645=EDGE_LOOP('',(#1639,#1641,#1643,#1644));
#1646=FACE_OUTER_BOUND('',#1645,.F.);
#1647=ADVANCED_FACE('',(#1646),#1638,.T.);
#1648=CARTESIAN_POINT('',(6.9E1,4.45E1,0.E0));
#1649=DIRECTION('',(0.E0,1.E0,0.E0));
#1650=DIRECTION('',(-1.E0,0.E0,0.E0));
#1651=AXIS2_PLACEMENT_3D('',#1648,#1649,#1650);
#1652=PLANE('',#1651);
#1653=ORIENTED_EDGE('',*,*,#1543,.F.);
#1655=ORIENTED_EDGE('',*,*,#1654,.T.);
#1657=ORIENTED_EDGE('',*,*,#1656,.T.);
#1659=ORIENTED_EDGE('',*,*,#1658,.T.);
#1661=ORIENTED_EDGE('',*,*,#1660,.T.);
#1663=ORIENTED_EDGE('',*,*,#1662,.T.);
#1665=ORIENTED_EDGE('',*,*,#1664,.F.);
#1667=ORIENTED_EDGE('',*,*,#1666,.T.);
#1669=ORIENTED_EDGE('',*,*,#1668,.F.);
#1671=ORIENTED_EDGE('',*,*,#1670,.T.);
#1672=ORIENTED_EDGE('',*,*,#1640,.T.);
#1673=ORIENTED_EDGE('',*,*,#1468,.T.);
#1674=EDGE_LOOP('',(#1653,#1655,#1657,#1659,#1661,#1663,#1665,#1667,#1669,#1671,
#1672,#1673));
#1675=FACE_OUTER_BOUND('',#1674,.F.);
#1676=ADVANCED_FACE('',(#1675),#1652,.T.);
#1677=CARTESIAN_POINT('',(0.E0,0.E0,1.E0));
#1678=DIRECTION('',(0.E0,0.E0,1.E0));
#1679=DIRECTION('',(-1.E0,0.E0,0.E0));
#1680=AXIS2_PLACEMENT_3D('',#1677,#1678,#1679);
#1681=PLANE('',#1680);
#1683=ORIENTED_EDGE('',*,*,#1682,.F.);
#1685=ORIENTED_EDGE('',*,*,#1684,.F.);
#1686=EDGE_LOOP('',(#1683,#1685));
#1687=FACE_OUTER_BOUND('',#1686,.F.);
#1688=ADVANCED_FACE('',(#1687),#1681,.T.);
#1689=CARTESIAN_POINT('',(0.E0,0.E0,1.E0));
#1690=DIRECTION('',(0.E0,0.E0,1.E0));
#1691=DIRECTION('',(-1.E0,0.E0,0.E0));
#1692=AXIS2_PLACEMENT_3D('',#1689,#1690,#1691);
#1693=PLANE('',#1692);
#1695=ORIENTED_EDGE('',*,*,#1694,.F.);
#1697=ORIENTED_EDGE('',*,*,#1696,.F.);
#1698=EDGE_LOOP('',(#1695,#1697));
#1699=FACE_OUTER_BOUND('',#1698,.F.);
#1700=ADVANCED_FACE('',(#1699),#1693,.T.);
#1701=CARTESIAN_POINT('',(0.E0,0.E0,1.E0));
#1702=DIRECTION('',(0.E0,0.E0,1.E0));
#1703=DIRECTION('',(-1.E0,0.E0,0.E0));
#1704=AXIS2_PLACEMENT_3D('',#1701,#1702,#1703);
#1705=PLANE('',#1704);
#1707=ORIENTED_EDGE('',*,*,#1706,.F.);
#1709=ORIENTED_EDGE('',*,*,#1708,.F.);
#1710=EDGE_LOOP('',(#1707,#1709));
#1711=FACE_OUTER_BOUND('',#1710,.F.);
#1712=ADVANCED_FACE('',(#1711),#1705,.T.);
#1713=CARTESIAN_POINT('',(0.E0,0.E0,1.E0));
#1714=DIRECTION('',(0.E0,0.E0,1.E0));
#1715=DIRECTION('',(-1.E0,0.E0,0.E0));
#1716=AXIS2_PLACEMENT_3D('',#1713,#1714,#1715);
#1717=PLANE('',#1716);
#1719=ORIENTED_EDGE('',*,*,#1718,.F.);
#1721=ORIENTED_EDGE('',*,*,#1720,.F.);
#1722=EDGE_LOOP('',(#1719,#1721));
#1723=FACE_OUTER_BOUND('',#1722,.F.);
#1724=ADVANCED_FACE('',(#1723),#1717,.T.);
#1725=CARTESIAN_POINT('',(0.E0,0.E0,1.E0));
#1726=DIRECTION('',(0.E0,0.E0,1.E0));
#1727=DIRECTION('',(-1.E0,0.E0,0.E0));
#1728=AXIS2_PLACEMENT_3D('',#1725,#1726,#1727);
#1729=PLANE('',#1728);
#1730=ORIENTED_EDGE('',*,*,#1541,.F.);
#1731=ORIENTED_EDGE('',*,*,#1557,.F.);
#1732=ORIENTED_EDGE('',*,*,#1570,.F.);
#1733=ORIENTED_EDGE('',*,*,#1601,.F.);
#1735=ORIENTED_EDGE('',*,*,#1734,.T.);
#1736=ORIENTED_EDGE('',*,*,#1654,.F.);
#1737=EDGE_LOOP('',(#1730,#1731,#1732,#1733,#1735,#1736));
#1738=FACE_OUTER_BOUND('',#1737,.F.);
#1740=ORIENTED_EDGE('',*,*,#1739,.T.);
#1742=ORIENTED_EDGE('',*,*,#1741,.T.);
#1743=EDGE_LOOP('',(#1740,#1742));
#1744=FACE_BOUND('',#1743,.F.);
#1746=ORIENTED_EDGE('',*,*,#1745,.T.);
#1748=ORIENTED_EDGE('',*,*,#1747,.T.);
#1749=EDGE_LOOP('',(#1746,#1748));
#1750=FACE_BOUND('',#1749,.F.);
#1752=ORIENTED_EDGE('',*,*,#1751,.T.);
#1754=ORIENTED_EDGE('',*,*,#1753,.T.);
#1755=EDGE_LOOP('',(#1752,#1754));
#1756=FACE_BOUND('',#1755,.F.);
#1758=ORIENTED_EDGE('',*,*,#1757,.T.);
#1760=ORIENTED_EDGE('',*,*,#1759,.T.);
#1761=EDGE_LOOP('',(#1758,#1760));
#1762=FACE_BOUND('',#1761,.F.);
#1763=ADVANCED_FACE('',(#1738,#1744,#1750,#1756,#1762),#1729,.T.);
#1764=CARTESIAN_POINT('',(0.E0,0.E0,1.E0));
#1765=DIRECTION('',(0.E0,0.E0,1.E0));
#1766=DIRECTION('',(-1.E0,0.E0,0.E0));
#1767=AXIS2_PLACEMENT_3D('',#1764,#1765,#1766);
#1768=PLANE('',#1767);
#1769=ORIENTED_EDGE('',*,*,#1642,.F.);
#1770=ORIENTED_EDGE('',*,*,#1670,.F.);
#1772=ORIENTED_EDGE('',*,*,#1771,.T.);
#1773=ORIENTED_EDGE('',*,*,#1585,.F.);
#1774=ORIENTED_EDGE('',*,*,#1614,.F.);
#1775=ORIENTED_EDGE('',*,*,#1627,.F.);
#1776=EDGE_LOOP('',(#1769,#1770,#1772,#1773,#1774,#1775));
#1777=FACE_OUTER_BOUND('',#1776,.F.);
#1779=ORIENTED_EDGE('',*,*,#1778,.F.);
#1781=ORIENTED_EDGE('',*,*,#1780,.F.);
#1782=EDGE_LOOP('',(#1779,#1781));
#1783=FACE_BOUND('',#1782,.F.);
#1785=ORIENTED_EDGE('',*,*,#1784,.F.);
#1787=ORIENTED_EDGE('',*,*,#1786,.F.);
#1788=EDGE_LOOP('',(#1785,#1787));
#1789=FACE_BOUND('',#1788,.F.);
#1791=ORIENTED_EDGE('',*,*,#1790,.F.);
#1793=ORIENTED_EDGE('',*,*,#1792,.F.);
#1794=EDGE_LOOP('',(#1791,#1793));
#1795=FACE_BOUND('',#1794,.F.);
#1797=ORIENTED_EDGE('',*,*,#1796,.F.);
#1799=ORIENTED_EDGE('',*,*,#1798,.F.);
#1800=EDGE_LOOP('',(#1797,#1799));
#1801=FACE_BOUND('',#1800,.F.);
#1802=ADVANCED_FACE('',(#1777,#1783,#1789,#1795,#1801),#1768,.T.);
#1803=CARTESIAN_POINT('',(0.E0,0.E0,1.E0));
#1804=DIRECTION('',(0.E0,0.E0,1.E0));
#1805=DIRECTION('',(-1.E0,0.E0,0.E0));
#1806=AXIS2_PLACEMENT_3D('',#1803,#1804,#1805);
#1807=PLANE('',#1806);
#1809=ORIENTED_EDGE('',*,*,#1808,.F.);
#1811=ORIENTED_EDGE('',*,*,#1810,.T.);
#1813=ORIENTED_EDGE('',*,*,#1812,.F.);
#1815=ORIENTED_EDGE('',*,*,#1814,.T.);
#1817=ORIENTED_EDGE('',*,*,#1816,.F.);
#1819=ORIENTED_EDGE('',*,*,#1818,.T.);
#1821=ORIENTED_EDGE('',*,*,#1820,.F.);
#1823=ORIENTED_EDGE('',*,*,#1822,.T.);
#1825=ORIENTED_EDGE('',*,*,#1824,.F.);
#1827=ORIENTED_EDGE('',*,*,#1826,.T.);
#1829=ORIENTED_EDGE('',*,*,#1828,.F.);
#1831=ORIENTED_EDGE('',*,*,#1830,.T.);
#1833=ORIENTED_EDGE('',*,*,#1832,.F.);
#1835=ORIENTED_EDGE('',*,*,#1834,.T.);
#1837=ORIENTED_EDGE('',*,*,#1836,.F.);
#1839=ORIENTED_EDGE('',*,*,#1838,.T.);
#1840=EDGE_LOOP('',(#1809,#1811,#1813,#1815,#1817,#1819,#1821,#1823,#1825,#1827,
#1829,#1831,#1833,#1835,#1837,#1839));
#1841=FACE_OUTER_BOUND('',#1840,.F.);
#1843=ORIENTED_EDGE('',*,*,#1842,.T.);
#1845=ORIENTED_EDGE('',*,*,#1844,.F.);
#1847=ORIENTED_EDGE('',*,*,#1846,.T.);
#1849=ORIENTED_EDGE('',*,*,#1848,.F.);
#1851=ORIENTED_EDGE('',*,*,#1850,.T.);
#1853=ORIENTED_EDGE('',*,*,#1852,.F.);
#1855=ORIENTED_EDGE('',*,*,#1854,.T.);
#1857=ORIENTED_EDGE('',*,*,#1856,.F.);
#1858=EDGE_LOOP('',(#1843,#1845,#1847,#1849,#1851,#1853,#1855,#1857));
#1859=FACE_BOUND('',#1858,.F.);
#1860=ADVANCED_FACE('',(#1841,#1859),#1807,.T.);
#1861=CARTESIAN_POINT('',(6.35E1,-3.9E1,0.E0));
#1862=DIRECTION('',(0.E0,0.E0,1.E0));
#1863=DIRECTION('',(-1.E0,0.E0,0.E0));
#1864=AXIS2_PLACEMENT_3D('',#1861,#1862,#1863);
#1865=CYLINDRICAL_SURFACE('',#1864,1.25E0);
#1866=ORIENTED_EDGE('',*,*,#1682,.T.);
#1868=ORIENTED_EDGE('',*,*,#1867,.T.);
#1870=ORIENTED_EDGE('',*,*,#1869,.T.);
#1872=ORIENTED_EDGE('',*,*,#1871,.F.);
#1873=EDGE_LOOP('',(#1866,#1868,#1870,#1872));
#1874=FACE_OUTER_BOUND('',#1873,.F.);
#1875=ADVANCED_FACE('',(#1874),#1865,.F.);
#1876=CARTESIAN_POINT('',(6.35E1,-3.9E1,0.E0));
#1877=DIRECTION('',(0.E0,0.E0,1.E0));
#1878=DIRECTION('',(-1.E0,0.E0,0.E0));
#1879=AXIS2_PLACEMENT_3D('',#1876,#1877,#1878);
#1880=CYLINDRICAL_SURFACE('',#1879,1.25E0);
#1881=ORIENTED_EDGE('',*,*,#1684,.T.);
#1882=ORIENTED_EDGE('',*,*,#1871,.T.);
#1884=ORIENTED_EDGE('',*,*,#1883,.T.);
#1885=ORIENTED_EDGE('',*,*,#1867,.F.);
#1886=EDGE_LOOP('',(#1881,#1882,#1884,#1885));
#1887=FACE_OUTER_BOUND('',#1886,.F.);
#1888=ADVANCED_FACE('',(#1887),#1880,.F.);
#1889=CARTESIAN_POINT('',(0.E0,0.E0,8.E0));
#1890=DIRECTION('',(0.E0,0.E0,1.E0));
#1891=DIRECTION('',(-1.E0,0.E0,0.E0));
#1892=AXIS2_PLACEMENT_3D('',#1889,#1890,#1891);
#1893=PLANE('',#1892);
#1895=ORIENTED_EDGE('',*,*,#1894,.F.);
#1897=ORIENTED_EDGE('',*,*,#1896,.T.);
#1899=ORIENTED_EDGE('',*,*,#1898,.T.);
#1901=ORIENTED_EDGE('',*,*,#1900,.T.);
#1903=ORIENTED_EDGE('',*,*,#1902,.T.);
#1905=ORIENTED_EDGE('',*,*,#1904,.T.);
#1907=ORIENTED_EDGE('',*,*,#1906,.T.);
#1909=ORIENTED_EDGE('',*,*,#1908,.F.);
#1911=ORIENTED_EDGE('',*,*,#1910,.F.);
#1913=ORIENTED_EDGE('',*,*,#1912,.F.);
#1915=ORIENTED_EDGE('',*,*,#1914,.F.);
#1917=ORIENTED_EDGE('',*,*,#1916,.F.);
#1919=ORIENTED_EDGE('',*,*,#1918,.F.);
#1921=ORIENTED_EDGE('',*,*,#1920,.F.);
#1923=ORIENTED_EDGE('',*,*,#1922,.F.);
#1925=ORIENTED_EDGE('',*,*,#1924,.F.);
#1927=ORIENTED_EDGE('',*,*,#1926,.F.);
#1929=ORIENTED_EDGE('',*,*,#1928,.F.);
#1931=ORIENTED_EDGE('',*,*,#1930,.F.);
#1933=ORIENTED_EDGE('',*,*,#1932,.F.);
#1935=ORIENTED_EDGE('',*,*,#1934,.F.);
#1937=ORIENTED_EDGE('',*,*,#1936,.F.);
#1939=ORIENTED_EDGE('',*,*,#1938,.F.);
#1941=ORIENTED_EDGE('',*,*,#1940,.F.);
#1942=EDGE_LOOP('',(#1895,#1897,#1899,#1901,#1903,#1905,#1907,#1909,#1911,#1913,
#1915,#1917,#1919,#1921,#1923,#1925,#1927,#1929,#1931,#1933,#1935,#1937,#1939,
#1941));
#1943=FACE_OUTER_BOUND('',#1942,.F.);
#1945=ORIENTED_EDGE('',*,*,#1944,.F.);
#1947=ORIENTED_EDGE('',*,*,#1946,.F.);
#1948=EDGE_LOOP('',(#1945,#1947));
#1949=FACE_BOUND('',#1948,.F.);
#1951=ORIENTED_EDGE('',*,*,#1950,.F.);
#1953=ORIENTED_EDGE('',*,*,#1952,.F.);
#1954=EDGE_LOOP('',(#1951,#1953));
#1955=FACE_BOUND('',#1954,.F.);
#1957=ORIENTED_EDGE('',*,*,#1956,.F.);
#1959=ORIENTED_EDGE('',*,*,#1958,.F.);
#1960=EDGE_LOOP('',(#1957,#1959));
#1961=FACE_BOUND('',#1960,.F.);
#1962=ORIENTED_EDGE('',*,*,#1869,.F.);
#1963=ORIENTED_EDGE('',*,*,#1883,.F.);
#1964=EDGE_LOOP('',(#1962,#1963));
#1965=FACE_BOUND('',#1964,.F.);
#1966=ADVANCED_FACE('',(#1943,#1949,#1955,#1961,#1965),#1893,.T.);
#1967=CARTESIAN_POINT('',(-6.35E1,-3.9E1,0.E0));
#1968=DIRECTION('',(0.E0,0.E0,1.E0));
#1969=DIRECTION('',(-1.E0,0.E0,0.E0));
#1970=AXIS2_PLACEMENT_3D('',#1967,#1968,#1969);
#1971=CYLINDRICAL_SURFACE('',#1970,1.25E0);
#1972=ORIENTED_EDGE('',*,*,#1694,.T.);
#1974=ORIENTED_EDGE('',*,*,#1973,.T.);
#1975=ORIENTED_EDGE('',*,*,#1944,.T.);
#1977=ORIENTED_EDGE('',*,*,#1976,.F.);
#1978=EDGE_LOOP('',(#1972,#1974,#1975,#1977));
#1979=FACE_OUTER_BOUND('',#1978,.F.);
#1980=ADVANCED_FACE('',(#1979),#1971,.F.);
#1981=CARTESIAN_POINT('',(-6.35E1,-3.9E1,0.E0));
#1982=DIRECTION('',(0.E0,0.E0,1.E0));
#1983=DIRECTION('',(-1.E0,0.E0,0.E0));
#1984=AXIS2_PLACEMENT_3D('',#1981,#1982,#1983);
#1985=CYLINDRICAL_SURFACE('',#1984,1.25E0);
#1986=ORIENTED_EDGE('',*,*,#1696,.T.);
#1987=ORIENTED_EDGE('',*,*,#1976,.T.);
#1988=ORIENTED_EDGE('',*,*,#1946,.T.);
#1989=ORIENTED_EDGE('',*,*,#1973,.F.);
#1990=EDGE_LOOP('',(#1986,#1987,#1988,#1989));
#1991=FACE_OUTER_BOUND('',#1990,.F.);
#1992=ADVANCED_FACE('',(#1991),#1985,.F.);
#1993=CARTESIAN_POINT('',(6.35E1,3.9E1,0.E0));
#1994=DIRECTION('',(0.E0,0.E0,1.E0));
#1995=DIRECTION('',(-1.E0,0.E0,0.E0));
#1996=AXIS2_PLACEMENT_3D('',#1993,#1994,#1995);
#1997=CYLINDRICAL_SURFACE('',#1996,1.25E0);
#1998=ORIENTED_EDGE('',*,*,#1706,.T.);
#2000=ORIENTED_EDGE('',*,*,#1999,.T.);
#2001=ORIENTED_EDGE('',*,*,#1950,.T.);
#2003=ORIENTED_EDGE('',*,*,#2002,.F.);
#2004=EDGE_LOOP('',(#1998,#2000,#2001,#2003));
#2005=FACE_OUTER_BOUND('',#2004,.F.);
#2006=ADVANCED_FACE('',(#2005),#1997,.F.);
#2007=CARTESIAN_POINT('',(6.35E1,3.9E1,0.E0));
#2008=DIRECTION('',(0.E0,0.E0,1.E0));
#2009=DIRECTION('',(-1.E0,0.E0,0.E0));
#2010=AXIS2_PLACEMENT_3D('',#2007,#2008,#2009);
#2011=CYLINDRICAL_SURFACE('',#2010,1.25E0);
#2012=ORIENTED_EDGE('',*,*,#1708,.T.);
#2013=ORIENTED_EDGE('',*,*,#2002,.T.);
#2014=ORIENTED_EDGE('',*,*,#1952,.T.);
#2015=ORIENTED_EDGE('',*,*,#1999,.F.);
#2016=EDGE_LOOP('',(#2012,#2013,#2014,#2015));
#2017=FACE_OUTER_BOUND('',#2016,.F.);
#2018=ADVANCED_FACE('',(#2017),#2011,.F.);
#2019=CARTESIAN_POINT('',(-6.35E1,3.9E1,0.E0));
#2020=DIRECTION('',(0.E0,0.E0,1.E0));
#2021=DIRECTION('',(-1.E0,0.E0,0.E0));
#2022=AXIS2_PLACEMENT_3D('',#2019,#2020,#2021);
#2023=CYLINDRICAL_SURFACE('',#2022,1.25E0);
#2024=ORIENTED_EDGE('',*,*,#1718,.T.);
#2026=ORIENTED_EDGE('',*,*,#2025,.T.);
#2027=ORIENTED_EDGE('',*,*,#1956,.T.);
#2029=ORIENTED_EDGE('',*,*,#2028,.F.);
#2030=EDGE_LOOP('',(#2024,#2026,#2027,#2029));
#2031=FACE_OUTER_BOUND('',#2030,.F.);
#2032=ADVANCED_FACE('',(#2031),#2023,.F.);
#2033=CARTESIAN_POINT('',(-6.35E1,3.9E1,0.E0));
#2034=DIRECTION('',(0.E0,0.E0,1.E0));
#2035=DIRECTION('',(-1.E0,0.E0,0.E0));
#2036=AXIS2_PLACEMENT_3D('',#2033,#2034,#2035);
#2037=CYLINDRICAL_SURFACE('',#2036,1.25E0);
#2038=ORIENTED_EDGE('',*,*,#1720,.T.);
#2039=ORIENTED_EDGE('',*,*,#2028,.T.);
#2040=ORIENTED_EDGE('',*,*,#1958,.T.);
#2041=ORIENTED_EDGE('',*,*,#2025,.F.);
#2042=EDGE_LOOP('',(#2038,#2039,#2040,#2041));
#2043=FACE_OUTER_BOUND('',#2042,.F.);
#2044=ADVANCED_FACE('',(#2043),#2037,.F.);
#2045=CARTESIAN_POINT('',(6.5E1,-1.2E1,8.E0));
#2046=DIRECTION('',(0.E0,-1.E0,0.E0));
#2047=DIRECTION('',(1.E0,0.E0,0.E0));
#2048=AXIS2_PLACEMENT_3D('',#2045,#2046,#2047);
#2049=PLANE('',#2048);
#2050=ORIENTED_EDGE('',*,*,#1894,.T.);
#2052=ORIENTED_EDGE('',*,*,#2051,.T.);
#2054=ORIENTED_EDGE('',*,*,#2053,.T.);
#2056=ORIENTED_EDGE('',*,*,#2055,.F.);
#2057=EDGE_LOOP('',(#2050,#2052,#2054,#2056));
#2058=FACE_OUTER_BOUND('',#2057,.F.);
#2059=ADVANCED_FACE('',(#2058),#2049,.F.);
#2060=CARTESIAN_POINT('',(6.5E1,4.05E1,0.E0));
#2061=DIRECTION('',(-1.E0,0.E0,0.E0));
#2062=DIRECTION('',(0.E0,-1.E0,0.E0));
#2063=AXIS2_PLACEMENT_3D('',#2060,#2061,#2062);
#2064=PLANE('',#2063);
#2066=ORIENTED_EDGE('',*,*,#2065,.T.);
#2067=ORIENTED_EDGE('',*,*,#2051,.F.);
#2068=ORIENTED_EDGE('',*,*,#1940,.T.);
#2070=ORIENTED_EDGE('',*,*,#2069,.F.);
#2071=ORIENTED_EDGE('',*,*,#1826,.F.);
#2073=ORIENTED_EDGE('',*,*,#2072,.F.);
#2074=ORIENTED_EDGE('',*,*,#1908,.T.);
#2076=ORIENTED_EDGE('',*,*,#2075,.T.);
#2077=EDGE_LOOP('',(#2066,#2067,#2068,#2070,#2071,#2073,#2074,#2076));
#2078=FACE_OUTER_BOUND('',#2077,.F.);
#2079=ADVANCED_FACE('',(#2078),#2064,.T.);
#2080=CARTESIAN_POINT('',(0.E0,0.E0,6.E0));
#2081=DIRECTION('',(0.E0,0.E0,1.E0));
#2082=DIRECTION('',(-1.E0,0.E0,0.E0));
#2083=AXIS2_PLACEMENT_3D('',#2080,#2081,#2082);
#2084=PLANE('',#2083);
#2085=ORIENTED_EDGE('',*,*,#2065,.F.);
#2087=ORIENTED_EDGE('',*,*,#2086,.F.);
#2089=ORIENTED_EDGE('',*,*,#2088,.F.);
#2090=ORIENTED_EDGE('',*,*,#2053,.F.);
#2091=EDGE_LOOP('',(#2085,#2087,#2089,#2090));
#2092=FACE_OUTER_BOUND('',#2091,.F.);
#2093=ADVANCED_FACE('',(#2092),#2084,.T.);
#2094=CARTESIAN_POINT('',(6.75E1,1.7E1,8.E0));
#2095=DIRECTION('',(0.E0,1.E0,0.E0));
#2096=DIRECTION('',(-1.E0,0.E0,0.E0));
#2097=AXIS2_PLACEMENT_3D('',#2094,#2095,#2096);
#2098=PLANE('',#2097);
#2099=ORIENTED_EDGE('',*,*,#1906,.F.);
#2101=ORIENTED_EDGE('',*,*,#2100,.T.);
#2102=ORIENTED_EDGE('',*,*,#2086,.T.);
#2103=ORIENTED_EDGE('',*,*,#2075,.F.);
#2104=EDGE_LOOP('',(#2099,#2101,#2102,#2103));
#2105=FACE_OUTER_BOUND('',#2104,.F.);
#2106=ADVANCED_FACE('',(#2105),#2098,.F.);
#2107=CARTESIAN_POINT('',(6.75E1,4.3E1,8.E0));
#2108=DIRECTION('',(-1.E0,0.E0,0.E0));
#2109=DIRECTION('',(0.E0,-1.E0,0.E0));
#2110=AXIS2_PLACEMENT_3D('',#2107,#2108,#2109);
#2111=PLANE('',#2110);
#2112=ORIENTED_EDGE('',*,*,#1896,.F.);
#2113=ORIENTED_EDGE('',*,*,#2055,.T.);
#2114=ORIENTED_EDGE('',*,*,#2088,.T.);
#2115=ORIENTED_EDGE('',*,*,#2100,.F.);
#2116=ORIENTED_EDGE('',*,*,#1904,.F.);
#2118=ORIENTED_EDGE('',*,*,#2117,.T.);
#2120=ORIENTED_EDGE('',*,*,#2119,.T.);
#2122=ORIENTED_EDGE('',*,*,#2121,.T.);
#2124=ORIENTED_EDGE('',*,*,#2123,.F.);
#2126=ORIENTED_EDGE('',*,*,#2125,.F.);
#2128=ORIENTED_EDGE('',*,*,#2127,.T.);
#2130=ORIENTED_EDGE('',*,*,#2129,.F.);
#2131=EDGE_LOOP('',(#2112,#2113,#2114,#2115,#2116,#2118,#2120,#2122,#2124,#2126,
#2128,#2130));
#2132=FACE_OUTER_BOUND('',#2131,.F.);
#2134=ORIENTED_EDGE('',*,*,#2133,.F.);
#2136=ORIENTED_EDGE('',*,*,#2135,.F.);
#2138=ORIENTED_EDGE('',*,*,#2137,.F.);
#2140=ORIENTED_EDGE('',*,*,#2139,.F.);
#2141=EDGE_LOOP('',(#2134,#2136,#2138,#2140));
#2142=FACE_BOUND('',#2141,.F.);
#2143=ADVANCED_FACE('',(#2132,#2142),#2111,.T.);
#2144=CARTESIAN_POINT('',(6.9E1,-5.E0,1.28E1));
#2145=DIRECTION('',(0.E0,-1.E0,0.E0));
#2146=DIRECTION('',(0.E0,0.E0,-1.E0));
#2147=AXIS2_PLACEMENT_3D('',#2144,#2145,#2146);
#2148=PLANE('',#2147);
#2150=ORIENTED_EDGE('',*,*,#2149,.F.);
#2152=ORIENTED_EDGE('',*,*,#2151,.T.);
#2153=ORIENTED_EDGE('',*,*,#2133,.T.);
#2155=ORIENTED_EDGE('',*,*,#2154,.F.);
#2156=EDGE_LOOP('',(#2150,#2152,#2153,#2155));
#2157=FACE_OUTER_BOUND('',#2156,.F.);
#2158=ADVANCED_FACE('',(#2157),#2148,.F.);
#2159=CARTESIAN_POINT('',(6.9E1,-4.45E1,0.E0));
#2160=DIRECTION('',(1.E0,0.E0,0.E0));
#2161=DIRECTION('',(0.E0,1.E0,0.E0));
#2162=AXIS2_PLACEMENT_3D('',#2159,#2160,#2161);
#2163=PLANE('',#2162);
#2165=ORIENTED_EDGE('',*,*,#2164,.T.);
#2167=ORIENTED_EDGE('',*,*,#2166,.T.);
#2169=ORIENTED_EDGE('',*,*,#2168,.F.);
#2171=ORIENTED_EDGE('',*,*,#2170,.T.);
#2172=ORIENTED_EDGE('',*,*,#1656,.F.);
#2173=ORIENTED_EDGE('',*,*,#1734,.F.);
#2174=ORIENTED_EDGE('',*,*,#1599,.F.);
#2176=ORIENTED_EDGE('',*,*,#2175,.T.);
#2177=EDGE_LOOP('',(#2165,#2167,#2169,#2171,#2172,#2173,#2174,#2176));
#2178=FACE_OUTER_BOUND('',#2177,.F.);
#2179=ORIENTED_EDGE('',*,*,#2149,.T.);
#2181=ORIENTED_EDGE('',*,*,#2180,.T.);
#2183=ORIENTED_EDGE('',*,*,#2182,.T.);
#2185=ORIENTED_EDGE('',*,*,#2184,.T.);
#2186=EDGE_LOOP('',(#2179,#2181,#2183,#2185));
#2187=FACE_BOUND('',#2186,.F.);
#2188=ADVANCED_FACE('',(#2178,#2187),#2163,.T.);
#2189=CARTESIAN_POINT('',(6.9E1,-5.E0,9.6E0));
#2190=DIRECTION('',(0.E0,0.E0,-1.E0));
#2191=DIRECTION('',(0.E0,1.E0,0.E0));
#2192=AXIS2_PLACEMENT_3D('',#2189,#2190,#2191);
#2193=PLANE('',#2192);
#2194=ORIENTED_EDGE('',*,*,#2180,.F.);
#2195=ORIENTED_EDGE('',*,*,#2154,.T.);
#2196=ORIENTED_EDGE('',*,*,#2139,.T.);
#2198=ORIENTED_EDGE('',*,*,#2197,.F.);
#2199=EDGE_LOOP('',(#2194,#2195,#2196,#2198));
#2200=FACE_OUTER_BOUND('',#2199,.F.);
#2201=ADVANCED_FACE('',(#2200),#2193,.F.);
#2202=CARTESIAN_POINT('',(6.9E1,1.3E1,9.6E0));
#2203=DIRECTION('',(0.E0,1.E0,0.E0));
#2204=DIRECTION('',(0.E0,0.E0,1.E0));
#2205=AXIS2_PLACEMENT_3D('',#2202,#2203,#2204);
#2206=PLANE('',#2205);
#2207=ORIENTED_EDGE('',*,*,#2182,.F.);
#2208=ORIENTED_EDGE('',*,*,#2197,.T.);
#2209=ORIENTED_EDGE('',*,*,#2137,.T.);
#2211=ORIENTED_EDGE('',*,*,#2210,.F.);
#2212=EDGE_LOOP('',(#2207,#2208,#2209,#2211));
#2213=FACE_OUTER_BOUND('',#2212,.F.);
#2214=ADVANCED_FACE('',(#2213),#2206,.F.);
#2215=CARTESIAN_POINT('',(6.9E1,1.3E1,1.28E1));
#2216=DIRECTION('',(0.E0,0.E0,1.E0));
#2217=DIRECTION('',(0.E0,-1.E0,0.E0));
#2218=AXIS2_PLACEMENT_3D('',#2215,#2216,#2217);
#2219=PLANE('',#2218);
#2220=ORIENTED_EDGE('',*,*,#2184,.F.);
#2221=ORIENTED_EDGE('',*,*,#2210,.T.);
#2222=ORIENTED_EDGE('',*,*,#2135,.T.);
#2223=ORIENTED_EDGE('',*,*,#2151,.F.);
#2224=EDGE_LOOP('',(#2220,#2221,#2222,#2223));
#2225=FACE_OUTER_BOUND('',#2224,.F.);
#2226=ADVANCED_FACE('',(#2225),#2219,.F.);
#2227=CARTESIAN_POINT('',(6.9E1,-1.2E1,2.22E1));
#2228=DIRECTION('',(0.E0,-1.E0,0.E0));
#2229=DIRECTION('',(0.E0,0.E0,-1.E0));
#2230=AXIS2_PLACEMENT_3D('',#2227,#2228,#2229);
#2231=PLANE('',#2230);
#2232=ORIENTED_EDGE('',*,*,#2164,.F.);
#2234=ORIENTED_EDGE('',*,*,#2233,.T.);
#2235=ORIENTED_EDGE('',*,*,#2125,.T.);
#2237=ORIENTED_EDGE('',*,*,#2236,.F.);
#2238=EDGE_LOOP('',(#2232,#2234,#2235,#2237));
#2239=FACE_OUTER_BOUND('',#2238,.F.);
#2240=ADVANCED_FACE('',(#2239),#2231,.F.);
#2241=CARTESIAN_POINT('',(0.E0,0.E0,2.22E1));
#2242=DIRECTION('',(0.E0,0.E0,1.E0));
#2243=DIRECTION('',(-1.E0,0.E0,0.E0));
#2244=AXIS2_PLACEMENT_3D('',#2241,#2242,#2243);
#2245=PLANE('',#2244);
#2247=ORIENTED_EDGE('',*,*,#2246,.F.);
#2248=ORIENTED_EDGE('',*,*,#1589,.F.);
#2250=ORIENTED_EDGE('',*,*,#2249,.F.);
#2251=ORIENTED_EDGE('',*,*,#1666,.F.);
#2253=ORIENTED_EDGE('',*,*,#2252,.T.);
#2255=ORIENTED_EDGE('',*,*,#2254,.F.);
#2257=ORIENTED_EDGE('',*,*,#2256,.F.);
#2259=ORIENTED_EDGE('',*,*,#2258,.F.);
#2260=EDGE_LOOP('',(#2247,#2248,#2250,#2251,#2253,#2255,#2257,#2259));
#2261=FACE_OUTER_BOUND('',#2260,.F.);
#2262=ADVANCED_FACE('',(#2261),#2245,.T.);
#2263=CARTESIAN_POINT('',(0.E0,0.E0,2.22E1));
#2264=DIRECTION('',(0.E0,0.E0,1.E0));
#2265=DIRECTION('',(-1.E0,0.E0,0.E0));
#2266=AXIS2_PLACEMENT_3D('',#2263,#2264,#2265);
#2267=PLANE('',#2266);
#2268=ORIENTED_EDGE('',*,*,#2233,.F.);
#2269=ORIENTED_EDGE('',*,*,#2175,.F.);
#2270=ORIENTED_EDGE('',*,*,#1597,.F.);
#2272=ORIENTED_EDGE('',*,*,#2271,.T.);
#2274=ORIENTED_EDGE('',*,*,#2273,.F.);
#2275=ORIENTED_EDGE('',*,*,#2127,.F.);
#2276=EDGE_LOOP('',(#2268,#2269,#2270,#2272,#2274,#2275));
#2277=FACE_OUTER_BOUND('',#2276,.F.);
#2278=ADVANCED_FACE('',(#2277),#2267,.T.);
#2279=CARTESIAN_POINT('',(0.E0,0.E0,2.22E1));
#2280=DIRECTION('',(0.E0,0.E0,1.E0));
#2281=DIRECTION('',(-1.E0,0.E0,0.E0));
#2282=AXIS2_PLACEMENT_3D('',#2279,#2280,#2281);
#2283=PLANE('',#2282);
#2285=ORIENTED_EDGE('',*,*,#2284,.T.);
#2286=ORIENTED_EDGE('',*,*,#2119,.F.);
#2288=ORIENTED_EDGE('',*,*,#2287,.F.);
#2290=ORIENTED_EDGE('',*,*,#2289,.F.);
#2291=ORIENTED_EDGE('',*,*,#1658,.F.);
#2292=ORIENTED_EDGE('',*,*,#2170,.F.);
#2293=EDGE_LOOP('',(#2285,#2286,#2288,#2290,#2291,#2292));
#2294=FACE_OUTER_BOUND('',#2293,.F.);
#2295=ADVANCED_FACE('',(#2294),#2283,.T.);
#2296=CARTESIAN_POINT('',(4.5E0,-4.3E1,2.22E1));
#2297=DIRECTION('',(-1.E0,0.E0,0.E0));
#2298=DIRECTION('',(0.E0,-1.E0,0.E0));
#2299=AXIS2_PLACEMENT_3D('',#2296,#2297,#2298);
#2300=PLANE('',#2299);
#2301=ORIENTED_EDGE('',*,*,#1591,.F.);
#2302=ORIENTED_EDGE('',*,*,#2246,.T.);
#2304=ORIENTED_EDGE('',*,*,#2303,.T.);
#2306=ORIENTED_EDGE('',*,*,#2305,.T.);
#2307=EDGE_LOOP('',(#2301,#2302,#2304,#2306));
#2308=FACE_OUTER_BOUND('',#2307,.F.);
#2309=ADVANCED_FACE('',(#2308),#2300,.F.);
#2310=CARTESIAN_POINT('',(6.75E1,-4.3E1,8.E0));
#2311=DIRECTION('',(0.E0,1.E0,0.E0));
#2312=DIRECTION('',(-1.E0,0.E0,0.E0));
#2313=AXIS2_PLACEMENT_3D('',#2310,#2311,#2312);
#2314=PLANE('',#2313);
#2316=ORIENTED_EDGE('',*,*,#2315,.T.);
#2318=ORIENTED_EDGE('',*,*,#2317,.T.);
#2319=ORIENTED_EDGE('',*,*,#2303,.F.);
#2320=ORIENTED_EDGE('',*,*,#2258,.T.);
#2322=ORIENTED_EDGE('',*,*,#2321,.F.);
#2323=ORIENTED_EDGE('',*,*,#1898,.F.);
#2324=ORIENTED_EDGE('',*,*,#2129,.T.);
#2325=ORIENTED_EDGE('',*,*,#2273,.T.);
#2326=EDGE_LOOP('',(#2316,#2318,#2319,#2320,#2322,#2323,#2324,#2325));
#2327=FACE_OUTER_BOUND('',#2326,.F.);
#2328=ADVANCED_FACE('',(#2327),#2314,.T.);
#2329=CARTESIAN_POINT('',(6.05E1,-4.45E1,2.22E1));
#2330=DIRECTION('',(1.E0,0.E0,0.E0));
#2331=DIRECTION('',(0.E0,1.E0,0.E0));
#2332=AXIS2_PLACEMENT_3D('',#2329,#2330,#2331);
#2333=PLANE('',#2332);
#2334=ORIENTED_EDGE('',*,*,#1595,.T.);
#2336=ORIENTED_EDGE('',*,*,#2335,.T.);
#2337=ORIENTED_EDGE('',*,*,#2315,.F.);
#2338=ORIENTED_EDGE('',*,*,#2271,.F.);
#2339=EDGE_LOOP('',(#2334,#2336,#2337,#2338));
#2340=FACE_OUTER_BOUND('',#2339,.F.);
#2341=ADVANCED_FACE('',(#2340),#2333,.F.);
#2342=CARTESIAN_POINT('',(0.E0,0.E0,9.6E0));
#2343=DIRECTION('',(0.E0,0.E0,1.E0));
#2344=DIRECTION('',(-1.E0,0.E0,0.E0));
#2345=AXIS2_PLACEMENT_3D('',#2342,#2343,#2344);
#2346=PLANE('',#2345);
#2347=ORIENTED_EDGE('',*,*,#1593,.T.);
#2348=ORIENTED_EDGE('',*,*,#2305,.F.);
#2349=ORIENTED_EDGE('',*,*,#2317,.F.);
#2350=ORIENTED_EDGE('',*,*,#2335,.F.);
#2351=EDGE_LOOP('',(#2347,#2348,#2349,#2350));
#2352=FACE_OUTER_BOUND('',#2351,.F.);
#2353=ADVANCED_FACE('',(#2352),#2346,.T.);
#2354=CARTESIAN_POINT('',(-6.75E1,-4.3E1,8.E0));
#2355=DIRECTION('',(1.E0,0.E0,0.E0));
#2356=DIRECTION('',(0.E0,1.E0,0.E0));
#2357=AXIS2_PLACEMENT_3D('',#2354,#2355,#2356);
#2358=PLANE('',#2357);
#2359=ORIENTED_EDGE('',*,*,#1900,.F.);
#2360=ORIENTED_EDGE('',*,*,#2321,.T.);
#2361=ORIENTED_EDGE('',*,*,#2256,.T.);
#2363=ORIENTED_EDGE('',*,*,#2362,.F.);
#2364=EDGE_LOOP('',(#2359,#2360,#2361,#2363));
#2365=FACE_OUTER_BOUND('',#2364,.F.);
#2366=ADVANCED_FACE('',(#2365),#2358,.T.);
#2367=CARTESIAN_POINT('',(-6.75E1,4.3E1,8.E0));
#2368=DIRECTION('',(0.E0,-1.E0,0.E0));
#2369=DIRECTION('',(1.E0,0.E0,0.E0));
#2370=AXIS2_PLACEMENT_3D('',#2367,#2368,#2369);
#2371=PLANE('',#2370);
#2373=ORIENTED_EDGE('',*,*,#2372,.F.);
#2375=ORIENTED_EDGE('',*,*,#2374,.F.);
#2376=ORIENTED_EDGE('',*,*,#2287,.T.);
#2377=ORIENTED_EDGE('',*,*,#2117,.F.);
#2378=ORIENTED_EDGE('',*,*,#1902,.F.);
#2379=ORIENTED_EDGE('',*,*,#2362,.T.);
#2380=ORIENTED_EDGE('',*,*,#2254,.T.);
#2382=ORIENTED_EDGE('',*,*,#2381,.T.);
#2383=EDGE_LOOP('',(#2373,#2375,#2376,#2377,#2378,#2379,#2380,#2382));
#2384=FACE_OUTER_BOUND('',#2383,.F.);
#2385=ADVANCED_FACE('',(#2384),#2371,.T.);
#2386=CARTESIAN_POINT('',(0.E0,0.E0,9.6E0));
#2387=DIRECTION('',(0.E0,0.E0,1.E0));
#2388=DIRECTION('',(-1.E0,0.E0,0.E0));
#2389=AXIS2_PLACEMENT_3D('',#2386,#2387,#2388);
#2390=PLANE('',#2389);
#2391=ORIENTED_EDGE('',*,*,#2372,.T.);
#2393=ORIENTED_EDGE('',*,*,#2392,.T.);
#2394=ORIENTED_EDGE('',*,*,#1662,.F.);
#2396=ORIENTED_EDGE('',*,*,#2395,.T.);
#2397=EDGE_LOOP('',(#2391,#2393,#2394,#2396));
#2398=FACE_OUTER_BOUND('',#2397,.F.);
#2399=ADVANCED_FACE('',(#2398),#2390,.T.);
#2400=CARTESIAN_POINT('',(-5.9E1,4.45E1,9.6E0));
#2401=DIRECTION('',(-1.E0,0.E0,0.E0));
#2402=DIRECTION('',(0.E0,-1.E0,0.E0));
#2403=AXIS2_PLACEMENT_3D('',#2400,#2401,#2402);
#2404=PLANE('',#2403);
#2405=ORIENTED_EDGE('',*,*,#2381,.F.);
#2406=ORIENTED_EDGE('',*,*,#2252,.F.);
#2407=ORIENTED_EDGE('',*,*,#1664,.T.);
#2408=ORIENTED_EDGE('',*,*,#2392,.F.);
#2409=EDGE_LOOP('',(#2405,#2406,#2407,#2408));
#2410=FACE_OUTER_BOUND('',#2409,.F.);
#2411=ADVANCED_FACE('',(#2410),#2404,.F.);
#2412=CARTESIAN_POINT('',(5.9E1,4.3E1,9.6E0));
#2413=DIRECTION('',(1.E0,0.E0,0.E0));
#2414=DIRECTION('',(0.E0,1.E0,0.E0));
#2415=AXIS2_PLACEMENT_3D('',#2412,#2413,#2414);
#2416=PLANE('',#2415);
#2417=ORIENTED_EDGE('',*,*,#2374,.T.);
#2418=ORIENTED_EDGE('',*,*,#2395,.F.);
#2419=ORIENTED_EDGE('',*,*,#1660,.F.);
#2420=ORIENTED_EDGE('',*,*,#2289,.T.);
#2421=EDGE_LOOP('',(#2417,#2418,#2419,#2420));
#2422=FACE_OUTER_BOUND('',#2421,.F.);
#2423=ADVANCED_FACE('',(#2422),#2416,.F.);
#2424=CARTESIAN_POINT('',(-6.9E1,4.45E1,0.E0));
#2425=DIRECTION('',(-1.E0,0.E0,0.E0));
#2426=DIRECTION('',(0.E0,-1.E0,0.E0));
#2427=AXIS2_PLACEMENT_3D('',#2424,#2425,#2426);
#2428=PLANE('',#2427);
#2429=ORIENTED_EDGE('',*,*,#1668,.T.);
#2430=ORIENTED_EDGE('',*,*,#2249,.T.);
#2431=ORIENTED_EDGE('',*,*,#1587,.F.);
#2432=ORIENTED_EDGE('',*,*,#1771,.F.);
#2433=EDGE_LOOP('',(#2429,#2430,#2431,#2432));
#2434=FACE_OUTER_BOUND('',#2433,.F.);
#2435=ADVANCED_FACE('',(#2434),#2428,.T.);
#2436=CARTESIAN_POINT('',(6.9E1,1.4E1,2.02E1));
#2437=DIRECTION('',(0.E0,1.E0,0.E0));
#2438=DIRECTION('',(0.E0,0.E0,1.E0));
#2439=AXIS2_PLACEMENT_3D('',#2436,#2437,#2438);
#2440=PLANE('',#2439);
#2441=ORIENTED_EDGE('',*,*,#2168,.T.);
#2443=ORIENTED_EDGE('',*,*,#2442,.T.);
#2444=ORIENTED_EDGE('',*,*,#2121,.F.);
#2445=ORIENTED_EDGE('',*,*,#2284,.F.);
#2446=EDGE_LOOP('',(#2441,#2443,#2444,#2445));
#2447=FACE_OUTER_BOUND('',#2446,.F.);
#2448=ADVANCED_FACE('',(#2447),#2440,.F.);
#2449=CARTESIAN_POINT('',(6.9E1,-1.2E1,2.02E1));
#2450=DIRECTION('',(0.E0,0.E0,-1.E0));
#2451=DIRECTION('',(0.E0,1.E0,0.E0));
#2452=AXIS2_PLACEMENT_3D('',#2449,#2450,#2451);
#2453=PLANE('',#2452);
#2454=ORIENTED_EDGE('',*,*,#2166,.F.);
#2455=ORIENTED_EDGE('',*,*,#2236,.T.);
#2456=ORIENTED_EDGE('',*,*,#2123,.T.);
#2457=ORIENTED_EDGE('',*,*,#2442,.F.);
#2458=EDGE_LOOP('',(#2454,#2455,#2456,#2457));
#2459=FACE_OUTER_BOUND('',#2458,.F.);
#2460=ADVANCED_FACE('',(#2459),#2453,.F.);
#2461=CARTESIAN_POINT('',(6.4E1,-3.503137303340E1,-2.893992E1));
#2462=DIRECTION('',(0.E0,0.E0,1.E0));
#2463=DIRECTION('',(-1.25E-1,-9.921567416492E-1,0.E0));
#2464=AXIS2_PLACEMENT_3D('',#2461,#2462,#2463);
#2465=CYLINDRICAL_SURFACE('',#2464,1.E0);
#2467=ORIENTED_EDGE('',*,*,#2466,.F.);
#2468=ORIENTED_EDGE('',*,*,#1828,.T.);
#2469=ORIENTED_EDGE('',*,*,#2069,.T.);
#2470=ORIENTED_EDGE('',*,*,#1938,.T.);
#2471=EDGE_LOOP('',(#2467,#2468,#2469,#2470));
#2472=FACE_OUTER_BOUND('',#2471,.F.);
#2473=ADVANCED_FACE('',(#2472),#2465,.F.);
#2474=CARTESIAN_POINT('',(6.35E1,-3.9E1,0.E0));
#2475=DIRECTION('',(0.E0,0.E0,1.E0));
#2476=DIRECTION('',(-1.E0,0.E0,0.E0));
#2477=AXIS2_PLACEMENT_3D('',#2474,#2475,#2476);
#2478=CYLINDRICAL_SURFACE('',#2477,3.E0);
#2479=ORIENTED_EDGE('',*,*,#2466,.T.);
#2480=ORIENTED_EDGE('',*,*,#1936,.T.);
#2482=ORIENTED_EDGE('',*,*,#2481,.T.);
#2483=ORIENTED_EDGE('',*,*,#1830,.F.);
#2484=EDGE_LOOP('',(#2479,#2480,#2482,#2483));
#2485=FACE_OUTER_BOUND('',#2484,.F.);
#2486=ADVANCED_FACE('',(#2485),#2478,.T.);
#2487=CARTESIAN_POINT('',(5.953137303340E1,-3.95E1,5.113992E1));
#2488=DIRECTION('',(0.E0,0.E0,-1.E0));
#2489=DIRECTION('',(9.921567416492E-1,1.25E-1,0.E0));
#2490=AXIS2_PLACEMENT_3D('',#2487,#2488,#2489);
#2491=CYLINDRICAL_SURFACE('',#2490,1.E0);
#2492=ORIENTED_EDGE('',*,*,#1832,.T.);
#2493=ORIENTED_EDGE('',*,*,#2481,.F.);
#2494=ORIENTED_EDGE('',*,*,#1934,.T.);
#2496=ORIENTED_EDGE('',*,*,#2495,.T.);
#2497=EDGE_LOOP('',(#2492,#2493,#2494,#2496));
#2498=FACE_OUTER_BOUND('',#2497,.F.);
#2499=ADVANCED_FACE('',(#2498),#2491,.F.);
#2500=CARTESIAN_POINT('',(6.5E1,-4.05E1,0.E0));
#2501=DIRECTION('',(0.E0,1.E0,0.E0));
#2502=DIRECTION('',(-1.E0,0.E0,0.E0));
#2503=AXIS2_PLACEMENT_3D('',#2500,#2501,#2502);
#2504=PLANE('',#2503);
#2506=ORIENTED_EDGE('',*,*,#2505,.F.);
#2507=ORIENTED_EDGE('',*,*,#1834,.F.);
#2508=ORIENTED_EDGE('',*,*,#2495,.F.);
#2509=ORIENTED_EDGE('',*,*,#1932,.T.);
#2510=EDGE_LOOP('',(#2506,#2507,#2508,#2509));
#2511=FACE_OUTER_BOUND('',#2510,.F.);
#2512=ADVANCED_FACE('',(#2511),#2504,.T.);
#2513=CARTESIAN_POINT('',(-5.953137303340E1,-3.95E1,-2.893992E1));
#2514=DIRECTION('',(0.E0,0.E0,1.E0));
#2515=DIRECTION('',(-9.921567416492E-1,1.25E-1,0.E0));
#2516=AXIS2_PLACEMENT_3D('',#2513,#2514,#2515);
#2517=CYLINDRICAL_SURFACE('',#2516,1.E0);
#2519=ORIENTED_EDGE('',*,*,#2518,.F.);
#2520=ORIENTED_EDGE('',*,*,#1836,.T.);
#2521=ORIENTED_EDGE('',*,*,#2505,.T.);
#2522=ORIENTED_EDGE('',*,*,#1930,.T.);
#2523=EDGE_LOOP('',(#2519,#2520,#2521,#2522));
#2524=FACE_OUTER_BOUND('',#2523,.F.);
#2525=ADVANCED_FACE('',(#2524),#2517,.F.);
#2526=CARTESIAN_POINT('',(-6.35E1,-3.9E1,0.E0));
#2527=DIRECTION('',(0.E0,0.E0,1.E0));
#2528=DIRECTION('',(-1.E0,0.E0,0.E0));
#2529=AXIS2_PLACEMENT_3D('',#2526,#2527,#2528);
#2530=CYLINDRICAL_SURFACE('',#2529,3.E0);
#2532=ORIENTED_EDGE('',*,*,#2531,.T.);
#2533=ORIENTED_EDGE('',*,*,#1838,.F.);
#2534=ORIENTED_EDGE('',*,*,#2518,.T.);
#2535=ORIENTED_EDGE('',*,*,#1928,.T.);
#2536=EDGE_LOOP('',(#2532,#2533,#2534,#2535));
#2537=FACE_OUTER_BOUND('',#2536,.F.);
#2538=ADVANCED_FACE('',(#2537),#2530,.T.);
#2539=CARTESIAN_POINT('',(-6.4E1,-3.503137303340E1,5.113992E1));
#2540=DIRECTION('',(0.E0,0.E0,-1.E0));
#2541=DIRECTION('',(1.25E-1,-9.921567416492E-1,0.E0));
#2542=AXIS2_PLACEMENT_3D('',#2539,#2540,#2541);
#2543=CYLINDRICAL_SURFACE('',#2542,1.E0);
#2544=ORIENTED_EDGE('',*,*,#1808,.T.);
#2545=ORIENTED_EDGE('',*,*,#2531,.F.);
#2546=ORIENTED_EDGE('',*,*,#1926,.T.);
#2548=ORIENTED_EDGE('',*,*,#2547,.T.);
#2549=EDGE_LOOP('',(#2544,#2545,#2546,#2548));
#2550=FACE_OUTER_BOUND('',#2549,.F.);
#2551=ADVANCED_FACE('',(#2550),#2543,.F.);
#2552=CARTESIAN_POINT('',(-6.5E1,-4.05E1,0.E0));
#2553=DIRECTION('',(1.E0,0.E0,0.E0));
#2554=DIRECTION('',(0.E0,1.E0,0.E0));
#2555=AXIS2_PLACEMENT_3D('',#2552,#2553,#2554);
#2556=PLANE('',#2555);
#2557=ORIENTED_EDGE('',*,*,#2547,.F.);
#2558=ORIENTED_EDGE('',*,*,#1924,.T.);
#2560=ORIENTED_EDGE('',*,*,#2559,.F.);
#2561=ORIENTED_EDGE('',*,*,#1810,.F.);
#2562=EDGE_LOOP('',(#2557,#2558,#2560,#2561));
#2563=FACE_OUTER_BOUND('',#2562,.F.);
#2564=ADVANCED_FACE('',(#2563),#2556,.T.);
#2565=CARTESIAN_POINT('',(-6.4E1,3.503137303340E1,-2.893992E1));
#2566=DIRECTION('',(0.E0,0.E0,1.E0));
#2567=DIRECTION('',(1.25E-1,9.921567416492E-1,0.E0));
#2568=AXIS2_PLACEMENT_3D('',#2565,#2566,#2567);
#2569=CYLINDRICAL_SURFACE('',#2568,1.E0);
#2571=ORIENTED_EDGE('',*,*,#2570,.F.);
#2572=ORIENTED_EDGE('',*,*,#1812,.T.);
#2573=ORIENTED_EDGE('',*,*,#2559,.T.);
#2574=ORIENTED_EDGE('',*,*,#1922,.T.);
#2575=EDGE_LOOP('',(#2571,#2572,#2573,#2574));
#2576=FACE_OUTER_BOUND('',#2575,.F.);
#2577=ADVANCED_FACE('',(#2576),#2569,.F.);
#2578=CARTESIAN_POINT('',(-6.35E1,3.9E1,0.E0));
#2579=DIRECTION('',(0.E0,0.E0,1.E0));
#2580=DIRECTION('',(-1.E0,0.E0,0.E0));
#2581=AXIS2_PLACEMENT_3D('',#2578,#2579,#2580);
#2582=CYLINDRICAL_SURFACE('',#2581,3.E0);
#2584=ORIENTED_EDGE('',*,*,#2583,.T.);
#2585=ORIENTED_EDGE('',*,*,#1814,.F.);
#2586=ORIENTED_EDGE('',*,*,#2570,.T.);
#2587=ORIENTED_EDGE('',*,*,#1920,.T.);
#2588=EDGE_LOOP('',(#2584,#2585,#2586,#2587));
#2589=FACE_OUTER_BOUND('',#2588,.F.);
#2590=ADVANCED_FACE('',(#2589),#2582,.T.);
#2591=CARTESIAN_POINT('',(-5.953137303340E1,3.95E1,5.113992E1));
#2592=DIRECTION('',(0.E0,0.E0,-1.E0));
#2593=DIRECTION('',(-9.921567416492E-1,-1.25E-1,0.E0));
#2594=AXIS2_PLACEMENT_3D('',#2591,#2592,#2593);
#2595=CYLINDRICAL_SURFACE('',#2594,1.E0);
#2596=ORIENTED_EDGE('',*,*,#1816,.T.);
#2597=ORIENTED_EDGE('',*,*,#2583,.F.);
#2598=ORIENTED_EDGE('',*,*,#1918,.T.);
#2600=ORIENTED_EDGE('',*,*,#2599,.T.);
#2601=EDGE_LOOP('',(#2596,#2597,#2598,#2600));
#2602=FACE_OUTER_BOUND('',#2601,.F.);
#2603=ADVANCED_FACE('',(#2602),#2595,.F.);
#2604=CARTESIAN_POINT('',(-6.5E1,4.05E1,0.E0));
#2605=DIRECTION('',(0.E0,-1.E0,0.E0));
#2606=DIRECTION('',(1.E0,0.E0,0.E0));
#2607=AXIS2_PLACEMENT_3D('',#2604,#2605,#2606);
#2608=PLANE('',#2607);
#2609=ORIENTED_EDGE('',*,*,#2599,.F.);
#2610=ORIENTED_EDGE('',*,*,#1916,.T.);
#2612=ORIENTED_EDGE('',*,*,#2611,.F.);
#2613=ORIENTED_EDGE('',*,*,#1818,.F.);
#2614=EDGE_LOOP('',(#2609,#2610,#2612,#2613));
#2615=FACE_OUTER_BOUND('',#2614,.F.);
#2616=ADVANCED_FACE('',(#2615),#2608,.T.);
#2617=CARTESIAN_POINT('',(5.953137303340E1,3.95E1,-2.893992E1));
#2618=DIRECTION('',(0.E0,0.E0,1.E0));
#2619=DIRECTION('',(9.921567416492E-1,-1.25E-1,0.E0));
#2620=AXIS2_PLACEMENT_3D('',#2617,#2618,#2619);
#2621=CYLINDRICAL_SURFACE('',#2620,1.E0);
#2623=ORIENTED_EDGE('',*,*,#2622,.F.);
#2624=ORIENTED_EDGE('',*,*,#1820,.T.);
#2625=ORIENTED_EDGE('',*,*,#2611,.T.);
#2626=ORIENTED_EDGE('',*,*,#1914,.T.);
#2627=EDGE_LOOP('',(#2623,#2624,#2625,#2626));
#2628=FACE_OUTER_BOUND('',#2627,.F.);
#2629=ADVANCED_FACE('',(#2628),#2621,.F.);
#2630=CARTESIAN_POINT('',(6.35E1,3.9E1,0.E0));
#2631=DIRECTION('',(0.E0,0.E0,1.E0));
#2632=DIRECTION('',(-1.E0,0.E0,0.E0));
#2633=AXIS2_PLACEMENT_3D('',#2630,#2631,#2632);
#2634=CYLINDRICAL_SURFACE('',#2633,3.E0);
#2635=ORIENTED_EDGE('',*,*,#2622,.T.);
#2636=ORIENTED_EDGE('',*,*,#1912,.T.);
#2638=ORIENTED_EDGE('',*,*,#2637,.T.);
#2639=ORIENTED_EDGE('',*,*,#1822,.F.);
#2640=EDGE_LOOP('',(#2635,#2636,#2638,#2639));
#2641=FACE_OUTER_BOUND('',#2640,.F.);
#2642=ADVANCED_FACE('',(#2641),#2634,.T.);
#2643=CARTESIAN_POINT('',(6.4E1,3.503137303340E1,5.113992E1));
#2644=DIRECTION('',(0.E0,0.E0,-1.E0));
#2645=DIRECTION('',(-1.25E-1,9.921567416492E-1,0.E0));
#2646=AXIS2_PLACEMENT_3D('',#2643,#2644,#2645);
#2647=CYLINDRICAL_SURFACE('',#2646,1.E0);
#2648=ORIENTED_EDGE('',*,*,#1824,.T.);
#2649=ORIENTED_EDGE('',*,*,#2637,.F.);
#2650=ORIENTED_EDGE('',*,*,#1910,.T.);
#2651=ORIENTED_EDGE('',*,*,#2072,.T.);
#2652=EDGE_LOOP('',(#2648,#2649,#2650,#2651));
#2653=FACE_OUTER_BOUND('',#2652,.F.);
#2654=ADVANCED_FACE('',(#2653),#2647,.F.);
#2655=CARTESIAN_POINT('',(7.3E1,3.E1,1.E0));
#2656=DIRECTION('',(0.E0,0.E0,1.E0));
#2657=DIRECTION('',(-1.E0,0.E0,0.E0));
#2658=AXIS2_PLACEMENT_3D('',#2655,#2656,#2657);
#2659=CYLINDRICAL_SURFACE('',#2658,2.75E0);
#2660=ORIENTED_EDGE('',*,*,#1484,.T.);
#2662=ORIENTED_EDGE('',*,*,#2661,.F.);
#2663=ORIENTED_EDGE('',*,*,#1739,.F.);
#2665=ORIENTED_EDGE('',*,*,#2664,.T.);
#2666=EDGE_LOOP('',(#2660,#2662,#2663,#2665));
#2667=FACE_OUTER_BOUND('',#2666,.F.);
#2668=ADVANCED_FACE('',(#2667),#2659,.F.);
#2669=CARTESIAN_POINT('',(7.3E1,3.E1,1.E0));
#2670=DIRECTION('',(0.E0,0.E0,1.E0));
#2671=DIRECTION('',(-1.E0,0.E0,0.E0));
#2672=AXIS2_PLACEMENT_3D('',#2669,#2670,#2671);
#2673=CYLINDRICAL_SURFACE('',#2672,2.75E0);
#2674=ORIENTED_EDGE('',*,*,#1486,.T.);
#2675=ORIENTED_EDGE('',*,*,#2664,.F.);
#2676=ORIENTED_EDGE('',*,*,#1741,.F.);
#2677=ORIENTED_EDGE('',*,*,#2661,.T.);
#2678=EDGE_LOOP('',(#2674,#2675,#2676,#2677));
#2679=FACE_OUTER_BOUND('',#2678,.F.);
#2680=ADVANCED_FACE('',(#2679),#2673,.F.);
#2681=CARTESIAN_POINT('',(7.3E1,1.E1,1.E0));
#2682=DIRECTION('',(0.E0,0.E0,1.E0));
#2683=DIRECTION('',(-1.E0,0.E0,0.E0));
#2684=AXIS2_PLACEMENT_3D('',#2681,#2682,#2683);
#2685=CYLINDRICAL_SURFACE('',#2684,2.75E0);
#2686=ORIENTED_EDGE('',*,*,#1490,.T.);
#2688=ORIENTED_EDGE('',*,*,#2687,.F.);
#2689=ORIENTED_EDGE('',*,*,#1745,.F.);
#2691=ORIENTED_EDGE('',*,*,#2690,.T.);
#2692=EDGE_LOOP('',(#2686,#2688,#2689,#2691));
#2693=FACE_OUTER_BOUND('',#2692,.F.);
#2694=ADVANCED_FACE('',(#2693),#2685,.F.);
#2695=CARTESIAN_POINT('',(7.3E1,1.E1,1.E0));
#2696=DIRECTION('',(0.E0,0.E0,1.E0));
#2697=DIRECTION('',(-1.E0,0.E0,0.E0));
#2698=AXIS2_PLACEMENT_3D('',#2695,#2696,#2697);
#2699=CYLINDRICAL_SURFACE('',#2698,2.75E0);
#2700=ORIENTED_EDGE('',*,*,#1492,.T.);
#2701=ORIENTED_EDGE('',*,*,#2690,.F.);
#2702=ORIENTED_EDGE('',*,*,#1747,.F.);
#2703=ORIENTED_EDGE('',*,*,#2687,.T.);
#2704=EDGE_LOOP('',(#2700,#2701,#2702,#2703));
#2705=FACE_OUTER_BOUND('',#2704,.F.);
#2706=ADVANCED_FACE('',(#2705),#2699,.F.);
#2707=CARTESIAN_POINT('',(7.3E1,-1.E1,1.E0));
#2708=DIRECTION('',(0.E0,0.E0,1.E0));
#2709=DIRECTION('',(-1.E0,0.E0,0.E0));
#2710=AXIS2_PLACEMENT_3D('',#2707,#2708,#2709);
#2711=CYLINDRICAL_SURFACE('',#2710,2.75E0);
#2712=ORIENTED_EDGE('',*,*,#1496,.T.);
#2714=ORIENTED_EDGE('',*,*,#2713,.F.);
#2715=ORIENTED_EDGE('',*,*,#1751,.F.);
#2717=ORIENTED_EDGE('',*,*,#2716,.T.);
#2718=EDGE_LOOP('',(#2712,#2714,#2715,#2717));
#2719=FACE_OUTER_BOUND('',#2718,.F.);
#2720=ADVANCED_FACE('',(#2719),#2711,.F.);
#2721=CARTESIAN_POINT('',(7.3E1,-1.E1,1.E0));
#2722=DIRECTION('',(0.E0,0.E0,1.E0));
#2723=DIRECTION('',(-1.E0,0.E0,0.E0));
#2724=AXIS2_PLACEMENT_3D('',#2721,#2722,#2723);
#2725=CYLINDRICAL_SURFACE('',#2724,2.75E0);
#2726=ORIENTED_EDGE('',*,*,#1498,.T.);
#2727=ORIENTED_EDGE('',*,*,#2716,.F.);
#2728=ORIENTED_EDGE('',*,*,#1753,.F.);
#2729=ORIENTED_EDGE('',*,*,#2713,.T.);
#2730=EDGE_LOOP('',(#2726,#2727,#2728,#2729));
#2731=FACE_OUTER_BOUND('',#2730,.F.);
#2732=ADVANCED_FACE('',(#2731),#2725,.F.);
#2733=CARTESIAN_POINT('',(7.3E1,-3.E1,1.E0));
#2734=DIRECTION('',(0.E0,0.E0,1.E0));
#2735=DIRECTION('',(-1.E0,0.E0,0.E0));
#2736=AXIS2_PLACEMENT_3D('',#2733,#2734,#2735);
#2737=CYLINDRICAL_SURFACE('',#2736,2.75E0);
#2738=ORIENTED_EDGE('',*,*,#1502,.T.);
#2740=ORIENTED_EDGE('',*,*,#2739,.F.);
#2741=ORIENTED_EDGE('',*,*,#1757,.F.);
#2743=ORIENTED_EDGE('',*,*,#2742,.T.);
#2744=EDGE_LOOP('',(#2738,#2740,#2741,#2743));
#2745=FACE_OUTER_BOUND('',#2744,.F.);
#2746=ADVANCED_FACE('',(#2745),#2737,.F.);
#2747=CARTESIAN_POINT('',(7.3E1,-3.E1,1.E0));
#2748=DIRECTION('',(0.E0,0.E0,1.E0));
#2749=DIRECTION('',(-1.E0,0.E0,0.E0));
#2750=AXIS2_PLACEMENT_3D('',#2747,#2748,#2749);
#2751=CYLINDRICAL_SURFACE('',#2750,2.75E0);
#2752=ORIENTED_EDGE('',*,*,#1504,.T.);
#2753=ORIENTED_EDGE('',*,*,#2742,.F.);
#2754=ORIENTED_EDGE('',*,*,#1759,.F.);
#2755=ORIENTED_EDGE('',*,*,#2739,.T.);
#2756=EDGE_LOOP('',(#2752,#2753,#2754,#2755));
#2757=FACE_OUTER_BOUND('',#2756,.F.);
#2758=ADVANCED_FACE('',(#2757),#2751,.F.);
#2759=CARTESIAN_POINT('',(-7.3E1,3.E1,1.E0));
#2760=DIRECTION('',(0.E0,0.E0,-1.E0));
#2761=DIRECTION('',(1.E0,0.E0,0.E0));
#2762=AXIS2_PLACEMENT_3D('',#2759,#2760,#2761);
#2763=CYLINDRICAL_SURFACE('',#2762,2.75E0);
#2765=ORIENTED_EDGE('',*,*,#2764,.F.);
#2766=ORIENTED_EDGE('',*,*,#1778,.T.);
#2768=ORIENTED_EDGE('',*,*,#2767,.T.);
#2769=ORIENTED_EDGE('',*,*,#1508,.F.);
#2770=EDGE_LOOP('',(#2765,#2766,#2768,#2769));
#2771=FACE_OUTER_BOUND('',#2770,.F.);
#2772=ADVANCED_FACE('',(#2771),#2763,.F.);
#2773=CARTESIAN_POINT('',(-7.3E1,3.E1,1.E0));
#2774=DIRECTION('',(0.E0,0.E0,-1.E0));
#2775=DIRECTION('',(1.E0,0.E0,0.E0));
#2776=AXIS2_PLACEMENT_3D('',#2773,#2774,#2775);
#2777=CYLINDRICAL_SURFACE('',#2776,2.75E0);
#2778=ORIENTED_EDGE('',*,*,#2764,.T.);
#2779=ORIENTED_EDGE('',*,*,#1510,.F.);
#2780=ORIENTED_EDGE('',*,*,#2767,.F.);
#2781=ORIENTED_EDGE('',*,*,#1780,.T.);
#2782=EDGE_LOOP('',(#2778,#2779,#2780,#2781));
#2783=FACE_OUTER_BOUND('',#2782,.F.);
#2784=ADVANCED_FACE('',(#2783),#2777,.F.);
#2785=CARTESIAN_POINT('',(-7.3E1,1.E1,1.E0));
#2786=DIRECTION('',(0.E0,0.E0,-1.E0));
#2787=DIRECTION('',(1.E0,0.E0,0.E0));
#2788=AXIS2_PLACEMENT_3D('',#2785,#2786,#2787);
#2789=CYLINDRICAL_SURFACE('',#2788,2.75E0);
#2791=ORIENTED_EDGE('',*,*,#2790,.F.);
#2792=ORIENTED_EDGE('',*,*,#1784,.T.);
#2794=ORIENTED_EDGE('',*,*,#2793,.T.);
#2795=ORIENTED_EDGE('',*,*,#1514,.F.);
#2796=EDGE_LOOP('',(#2791,#2792,#2794,#2795));
#2797=FACE_OUTER_BOUND('',#2796,.F.);
#2798=ADVANCED_FACE('',(#2797),#2789,.F.);
#2799=CARTESIAN_POINT('',(-7.3E1,1.E1,1.E0));
#2800=DIRECTION('',(0.E0,0.E0,-1.E0));
#2801=DIRECTION('',(1.E0,0.E0,0.E0));
#2802=AXIS2_PLACEMENT_3D('',#2799,#2800,#2801);
#2803=CYLINDRICAL_SURFACE('',#2802,2.75E0);
#2804=ORIENTED_EDGE('',*,*,#2790,.T.);
#2805=ORIENTED_EDGE('',*,*,#1516,.F.);
#2806=ORIENTED_EDGE('',*,*,#2793,.F.);
#2807=ORIENTED_EDGE('',*,*,#1786,.T.);
#2808=EDGE_LOOP('',(#2804,#2805,#2806,#2807));
#2809=FACE_OUTER_BOUND('',#2808,.F.);
#2810=ADVANCED_FACE('',(#2809),#2803,.F.);
#2811=CARTESIAN_POINT('',(-7.3E1,-1.E1,1.E0));
#2812=DIRECTION('',(0.E0,0.E0,-1.E0));
#2813=DIRECTION('',(1.E0,0.E0,0.E0));
#2814=AXIS2_PLACEMENT_3D('',#2811,#2812,#2813);
#2815=CYLINDRICAL_SURFACE('',#2814,2.75E0);
#2817=ORIENTED_EDGE('',*,*,#2816,.F.);
#2818=ORIENTED_EDGE('',*,*,#1790,.T.);
#2820=ORIENTED_EDGE('',*,*,#2819,.T.);
#2821=ORIENTED_EDGE('',*,*,#1520,.F.);
#2822=EDGE_LOOP('',(#2817,#2818,#2820,#2821));
#2823=FACE_OUTER_BOUND('',#2822,.F.);
#2824=ADVANCED_FACE('',(#2823),#2815,.F.);
#2825=CARTESIAN_POINT('',(-7.3E1,-1.E1,1.E0));
#2826=DIRECTION('',(0.E0,0.E0,-1.E0));
#2827=DIRECTION('',(1.E0,0.E0,0.E0));
#2828=AXIS2_PLACEMENT_3D('',#2825,#2826,#2827);
#2829=CYLINDRICAL_SURFACE('',#2828,2.75E0);
#2830=ORIENTED_EDGE('',*,*,#2816,.T.);
#2831=ORIENTED_EDGE('',*,*,#1522,.F.);
#2832=ORIENTED_EDGE('',*,*,#2819,.F.);
#2833=ORIENTED_EDGE('',*,*,#1792,.T.);
#2834=EDGE_LOOP('',(#2830,#2831,#2832,#2833));
#2835=FACE_OUTER_BOUND('',#2834,.F.);
#2836=ADVANCED_FACE('',(#2835),#2829,.F.);
#2837=CARTESIAN_POINT('',(-7.3E1,-3.E1,1.E0));
#2838=DIRECTION('',(0.E0,0.E0,-1.E0));
#2839=DIRECTION('',(1.E0,0.E0,0.E0));
#2840=AXIS2_PLACEMENT_3D('',#2837,#2838,#2839);
#2841=CYLINDRICAL_SURFACE('',#2840,2.75E0);
#2843=ORIENTED_EDGE('',*,*,#2842,.F.);
#2844=ORIENTED_EDGE('',*,*,#1796,.T.);
#2846=ORIENTED_EDGE('',*,*,#2845,.T.);
#2847=ORIENTED_EDGE('',*,*,#1526,.F.);
#2848=EDGE_LOOP('',(#2843,#2844,#2846,#2847));
#2849=FACE_OUTER_BOUND('',#2848,.F.);
#2850=ADVANCED_FACE('',(#2849),#2841,.F.);
#2851=CARTESIAN_POINT('',(-7.3E1,-3.E1,1.E0));
#2852=DIRECTION('',(0.E0,0.E0,-1.E0));
#2853=DIRECTION('',(1.E0,0.E0,0.E0));
#2854=AXIS2_PLACEMENT_3D('',#2851,#2852,#2853);
#2855=CYLINDRICAL_SURFACE('',#2854,2.75E0);
#2856=ORIENTED_EDGE('',*,*,#2842,.T.);
#2857=ORIENTED_EDGE('',*,*,#1528,.F.);
#2858=ORIENTED_EDGE('',*,*,#2845,.F.);
#2859=ORIENTED_EDGE('',*,*,#1798,.T.);
#2860=EDGE_LOOP('',(#2856,#2857,#2858,#2859));
#2861=FACE_OUTER_BOUND('',#2860,.F.);
#2862=ADVANCED_FACE('',(#2861),#2855,.F.);
#2863=CARTESIAN_POINT('',(-6.1E1,3.65E1,1.E0));
#2864=DIRECTION('',(-1.E0,0.E0,0.E0));
#2865=DIRECTION('',(0.E0,-1.E0,0.E0));
#2866=AXIS2_PLACEMENT_3D('',#2863,#2864,#2865);
#2867=PLANE('',#2866);
#2869=ORIENTED_EDGE('',*,*,#2868,.F.);
#2870=ORIENTED_EDGE('',*,*,#1842,.F.);
#2872=ORIENTED_EDGE('',*,*,#2871,.T.);
#2874=ORIENTED_EDGE('',*,*,#2873,.T.);
#2875=EDGE_LOOP('',(#2869,#2870,#2872,#2874));
#2876=FACE_OUTER_BOUND('',#2875,.F.);
#2877=ADVANCED_FACE('',(#2876),#2867,.F.);
#2878=CARTESIAN_POINT('',(-5.6E1,-3.15E1,5.113992E1));
#2879=DIRECTION('',(0.E0,0.E0,-1.E0));
#2880=DIRECTION('',(0.E0,-1.E0,0.E0));
#2881=AXIS2_PLACEMENT_3D('',#2878,#2879,#2880);
#2882=CYLINDRICAL_SURFACE('',#2881,5.E0);
#2884=ORIENTED_EDGE('',*,*,#2883,.T.);
#2886=ORIENTED_EDGE('',*,*,#2885,.F.);
#2887=ORIENTED_EDGE('',*,*,#1844,.T.);
#2888=ORIENTED_EDGE('',*,*,#2868,.T.);
#2889=EDGE_LOOP('',(#2884,#2886,#2887,#2888));
#2890=FACE_OUTER_BOUND('',#2889,.F.);
#2891=ADVANCED_FACE('',(#2890),#2882,.F.);
#2892=CARTESIAN_POINT('',(0.E0,0.E0,5.E-1));
#2893=DIRECTION('',(0.E0,0.E0,1.E0));
#2894=DIRECTION('',(-1.E0,0.E0,0.E0));
#2895=AXIS2_PLACEMENT_3D('',#2892,#2893,#2894);
#2896=PLANE('',#2895);
#2898=ORIENTED_EDGE('',*,*,#2897,.F.);
#2900=ORIENTED_EDGE('',*,*,#2899,.F.);
#2901=ORIENTED_EDGE('',*,*,#2883,.F.);
#2902=ORIENTED_EDGE('',*,*,#2873,.F.);
#2904=ORIENTED_EDGE('',*,*,#2903,.F.);
#2906=ORIENTED_EDGE('',*,*,#2905,.F.);
#2908=ORIENTED_EDGE('',*,*,#2907,.F.);
#2910=ORIENTED_EDGE('',*,*,#2909,.F.);
#2911=EDGE_LOOP('',(#2898,#2900,#2901,#2902,#2904,#2906,#2908,#2910));
#2912=FACE_OUTER_BOUND('',#2911,.F.);
#2913=ADVANCED_FACE('',(#2912),#2896,.T.);
#2914=CARTESIAN_POINT('',(5.6E1,-3.15E1,5.113992E1));
#2915=DIRECTION('',(0.E0,0.E0,-1.E0));
#2916=DIRECTION('',(1.E0,0.E0,0.E0));
#2917=AXIS2_PLACEMENT_3D('',#2914,#2915,#2916);
#2918=CYLINDRICAL_SURFACE('',#2917,5.E0);
#2919=ORIENTED_EDGE('',*,*,#2897,.T.);
#2921=ORIENTED_EDGE('',*,*,#2920,.F.);
#2922=ORIENTED_EDGE('',*,*,#1848,.T.);
#2924=ORIENTED_EDGE('',*,*,#2923,.T.);
#2925=EDGE_LOOP('',(#2919,#2921,#2922,#2924));
#2926=FACE_OUTER_BOUND('',#2925,.F.);
#2927=ADVANCED_FACE('',(#2926),#2918,.F.);
#2928=CARTESIAN_POINT('',(6.1E1,-3.65E1,1.E0));
#2929=DIRECTION('',(1.E0,0.E0,0.E0));
#2930=DIRECTION('',(0.E0,1.E0,0.E0));
#2931=AXIS2_PLACEMENT_3D('',#2928,#2929,#2930);
#2932=PLANE('',#2931);
#2933=ORIENTED_EDGE('',*,*,#2920,.T.);
#2934=ORIENTED_EDGE('',*,*,#2909,.T.);
#2936=ORIENTED_EDGE('',*,*,#2935,.F.);
#2937=ORIENTED_EDGE('',*,*,#1850,.F.);
#2938=EDGE_LOOP('',(#2933,#2934,#2936,#2937));
#2939=FACE_OUTER_BOUND('',#2938,.F.);
#2940=ADVANCED_FACE('',(#2939),#2932,.F.);
#2941=CARTESIAN_POINT('',(5.6E1,3.15E1,5.113992E1));
#2942=DIRECTION('',(0.E0,0.E0,-1.E0));
#2943=DIRECTION('',(0.E0,1.E0,0.E0));
#2944=AXIS2_PLACEMENT_3D('',#2941,#2942,#2943);
#2945=CYLINDRICAL_SURFACE('',#2944,5.E0);
#2946=ORIENTED_EDGE('',*,*,#2907,.T.);
#2948=ORIENTED_EDGE('',*,*,#2947,.F.);
#2949=ORIENTED_EDGE('',*,*,#1852,.T.);
#2950=ORIENTED_EDGE('',*,*,#2935,.T.);
#2951=EDGE_LOOP('',(#2946,#2948,#2949,#2950));
#2952=FACE_OUTER_BOUND('',#2951,.F.);
#2953=ADVANCED_FACE('',(#2952),#2945,.F.);
#2954=CARTESIAN_POINT('',(6.1E1,3.65E1,1.E0));
#2955=DIRECTION('',(0.E0,1.E0,0.E0));
#2956=DIRECTION('',(-1.E0,0.E0,0.E0));
#2957=AXIS2_PLACEMENT_3D('',#2954,#2955,#2956);
#2958=PLANE('',#2957);
#2960=ORIENTED_EDGE('',*,*,#2959,.F.);
#2961=ORIENTED_EDGE('',*,*,#1854,.F.);
#2962=ORIENTED_EDGE('',*,*,#2947,.T.);
#2963=ORIENTED_EDGE('',*,*,#2905,.T.);
#2964=EDGE_LOOP('',(#2960,#2961,#2962,#2963));
#2965=FACE_OUTER_BOUND('',#2964,.F.);
#2966=ADVANCED_FACE('',(#2965),#2958,.F.);
#2967=CARTESIAN_POINT('',(-5.6E1,3.15E1,5.113992E1));
#2968=DIRECTION('',(0.E0,0.E0,-1.E0));
#2969=DIRECTION('',(-1.E0,0.E0,0.E0));
#2970=AXIS2_PLACEMENT_3D('',#2967,#2968,#2969);
#2971=CYLINDRICAL_SURFACE('',#2970,5.E0);
#2972=ORIENTED_EDGE('',*,*,#2903,.T.);
#2973=ORIENTED_EDGE('',*,*,#2871,.F.);
#2974=ORIENTED_EDGE('',*,*,#1856,.T.);
#2975=ORIENTED_EDGE('',*,*,#2959,.T.);
#2976=EDGE_LOOP('',(#2972,#2973,#2974,#2975));
#2977=FACE_OUTER_BOUND('',#2976,.F.);
#2978=ADVANCED_FACE('',(#2977),#2971,.F.);
#2979=CARTESIAN_POINT('',(-6.1E1,-3.65E1,1.E0));
#2980=DIRECTION('',(0.E0,-1.E0,0.E0));
#2981=DIRECTION('',(1.E0,0.E0,0.E0));
#2982=AXIS2_PLACEMENT_3D('',#2979,#2980,#2981);
#2983=PLANE('',#2982);
#2984=ORIENTED_EDGE('',*,*,#2923,.F.);
#2985=ORIENTED_EDGE('',*,*,#1846,.F.);
#2986=ORIENTED_EDGE('',*,*,#2885,.T.);
#2987=ORIENTED_EDGE('',*,*,#2899,.T.);
#2988=EDGE_LOOP('',(#2984,#2985,#2986,#2987));
#2989=FACE_OUTER_BOUND('',#2988,.F.);
#2990=ADVANCED_FACE('',(#2989),#2983,.F.);
#2994=DIMENSIONAL_EXPONENTS(0.E0,0.E0,0.E0,0.E0,0.E0,0.E0,0.E0);
#2996=PLANE_ANGLE_MEASURE_WITH_UNIT(PLANE_ANGLE_MEASURE(1.745329251994E-2),
#2995);
#2997=(CONVERSION_BASED_UNIT('DEGREE',#2996)NAMED_UNIT(*)PLANE_ANGLE_UNIT());
#2999=UNCERTAINTY_MEASURE_WITH_UNIT(LENGTH_MEASURE(1.E-2),#2993,'closure',
'Maximum model space distance between geometric entities at asserted connectivities');
#3000=(GEOMETRIC_REPRESENTATION_CONTEXT(3)GLOBAL_UNCERTAINTY_ASSIGNED_CONTEXT((
#2999))GLOBAL_UNIT_ASSIGNED_CONTEXT((#2993,#2997,#2998))REPRESENTATION_CONTEXT(
'ID1','3'));
#3002=APPLICATION_CONTEXT(
'CONFIGURATION CONTROLLED 3D DESIGNS OF MECHANICAL PARTS AND ASSEMBLIES');
#3003=APPLICATION_PROTOCOL_DEFINITION('international standard',
'config_control_design',1994,#3002);
#3004=DESIGN_CONTEXT('',#3002,'design');
#3005=MECHANICAL_CONTEXT('',#3002,'mechanical');
#3006=PRODUCT('6-PEXT_CASE_BOTTOM','6-PEXT_CASE_BOTTOM','NOT SPECIFIED',
(#3005));
#3007=PRODUCT_DEFINITION_FORMATION_WITH_SPECIFIED_SOURCE('10','LAST_VERSION',
#3006,.MADE.);
#3011=PRODUCT_CATEGORY('part','');
#3012=PRODUCT_RELATED_PRODUCT_CATEGORY('detail','',(#3006));
#3013=PRODUCT_CATEGORY_RELATIONSHIP('','',#3011,#3012);
#3014=SECURITY_CLASSIFICATION_LEVEL('unclassified');
#3015=SECURITY_CLASSIFICATION('','',#3014);
#3016=CC_DESIGN_SECURITY_CLASSIFICATION(#3015,(#3007));
#3017=APPROVAL_STATUS('approved');
#3018=APPROVAL(#3017,'');
#3019=CC_DESIGN_APPROVAL(#3018,(#3015,#3007,#3008));
#3020=CALENDAR_DATE(122,21,12);
#3021=COORDINATED_UNIVERSAL_TIME_OFFSET(6,0,.BEHIND.);
#3022=LOCAL_TIME(9,11,3.7E1,#3021);
#3023=DATE_AND_TIME(#3020,#3022);
#3024=APPROVAL_DATE_TIME(#3023,#3018);
#3025=DATE_TIME_ROLE('creation_date');
#3026=CC_DESIGN_DATE_AND_TIME_ASSIGNMENT(#3023,#3025,(#3008));
#3027=DATE_TIME_ROLE('classification_date');
#3028=CC_DESIGN_DATE_AND_TIME_ASSIGNMENT(#3023,#3027,(#3015));
#3029=PERSON('UNSPECIFIED','UNSPECIFIED',$,$,$,$);
#3030=ORGANIZATION('UNSPECIFIED','UNSPECIFIED','UNSPECIFIED');
#3031=PERSON_AND_ORGANIZATION(#3029,#3030);
#3032=APPROVAL_ROLE('approver');
#3033=APPROVAL_PERSON_ORGANIZATION(#3031,#3018,#3032);
#3034=PERSON_AND_ORGANIZATION_ROLE('creator');
#3035=CC_DESIGN_PERSON_AND_ORGANIZATION_ASSIGNMENT(#3031,#3034,(#3007,#3008));
#3036=PERSON_AND_ORGANIZATION_ROLE('design_supplier');
#3037=CC_DESIGN_PERSON_AND_ORGANIZATION_ASSIGNMENT(#3031,#3036,(#3007));
#3038=PERSON_AND_ORGANIZATION_ROLE('classification_officer');
#3039=CC_DESIGN_PERSON_AND_ORGANIZATION_ASSIGNMENT(#3031,#3038,(#3015));
#3040=PERSON_AND_ORGANIZATION_ROLE('design_owner');
#3041=CC_DESIGN_PERSON_AND_ORGANIZATION_ASSIGNMENT(#3031,#3040,(#3006));
#1=DRAUGHTING_PRE_DEFINED_COLOUR('black');
#2=DRAUGHTING_PRE_DEFINED_COLOUR('green');
#3=DRAUGHTING_PRE_DEFINED_COLOUR('cyan');
#4=COLOUR_RGB('',1.1E-2,1.2E-2,1.E0);
#5=COLOUR_RGB('',8.627450980392E-2,6.274509803922E-1,9.058823529412E-1);
#6=COLOUR_RGB('',1.098039215686E-1,1.098039215686E-1,1.098039215686E-1);
#7=COLOUR_RGB('',2.509803921569E-1,2.509803921569E-1,2.509803921569E-1);
#8=COLOUR_RGB('',3.165107576967E-1,7.4902E-1,3.898876368766E-1);
#9=COLOUR_RGB('',4.1E-1,2.61589E-1,1.12848E-1);
#10=COLOUR_RGB('',4.821224106308E-1,7.4902E-1,7.138466222638E-1);
#11=COLOUR_RGB('',4.980392156863E-1,4.980392156863E-1,4.980392156863E-1);
#12=COLOUR_RGB('',5.04854E-1,1.5455E-2,1.5455E-2);
#13=COLOUR_RGB('',5.921568627451E-1,4.627450980392E-1,0.E0);
#14=COLOUR_RGB('',6.35294E-1,6.86275E-1,7.4902E-1);
#15=COLOUR_RGB('',6.40777E-1,6.40777E-1,6.40777E-1);
#16=COLOUR_RGB('',6.69062E-1,6.69903E-1,6.55217E-1);
#17=COLOUR_RGB('',7.686274509804E-1,7.686274509804E-1,7.686274509804E-1);
#18=COLOUR_RGB('',7.921568627451E-1,8.196078431373E-1,9.333333333333E-1);
#19=COLOUR_RGB('',8.274509803922E-1,6.666666666667E-1,1.294117647059E-1);
#20=COLOUR_RGB('',8.549019607843E-1,8.549019607843E-1,8.549019607843E-1);
#21=COLOUR_RGB('',9.21569E-1,7.05882E-1,4.70588E-1);
#22=COLOUR_RGB('',9.490196078431E-1,7.607843137255E-1,1.803921568627E-1);
#23=COLOUR_RGB('',9.686274509804E-1,8.784313725490E-1,6.E-1);
#24=DRAUGHTING_PRE_DEFINED_COLOUR('red');
#25=DRAUGHTING_PRE_DEFINED_COLOUR('yellow');
#26=COLOUR_RGB('',1.E0,1.E0,5.3E-1);
#27=COLOUR_RGB('',1.E0,1.E0,9.49E-1);
#28=DRAUGHTING_PRE_DEFINED_COLOUR('white');
#33=CIRCLE('',#32,5.E0);
#38=CIRCLE('',#37,5.E0);
#47=CIRCLE('',#46,5.E0);
#52=CIRCLE('',#51,5.E0);
#61=CIRCLE('',#60,2.75E0);
#66=CIRCLE('',#65,2.75E0);
#71=CIRCLE('',#70,2.75E0);
#76=CIRCLE('',#75,2.75E0);
#81=CIRCLE('',#80,2.75E0);
#86=CIRCLE('',#85,2.75E0);
#91=CIRCLE('',#90,2.75E0);
#96=CIRCLE('',#95,2.75E0);
#101=CIRCLE('',#100,2.75E0);
#106=CIRCLE('',#105,2.75E0);
#111=CIRCLE('',#110,2.75E0);
#116=CIRCLE('',#115,2.75E0);
#121=CIRCLE('',#120,2.75E0);
#126=CIRCLE('',#125,2.75E0);
#131=CIRCLE('',#130,2.75E0);
#136=CIRCLE('',#135,2.75E0);
#217=CIRCLE('',#216,5.E0);
#226=CIRCLE('',#225,5.E0);
#239=CIRCLE('',#238,2.75E0);
#244=CIRCLE('',#243,2.75E0);
#249=CIRCLE('',#248,2.75E0);
#254=CIRCLE('',#253,2.75E0);
#259=CIRCLE('',#258,2.75E0);
#264=CIRCLE('',#263,2.75E0);
#269=CIRCLE('',#268,2.75E0);
#274=CIRCLE('',#273,2.75E0);
#279=CIRCLE('',#278,5.E0);
#292=CIRCLE('',#291,5.E0);
#301=CIRCLE('',#300,2.75E0);
#306=CIRCLE('',#305,2.75E0);
#311=CIRCLE('',#310,2.75E0);
#316=CIRCLE('',#315,2.75E0);
#321=CIRCLE('',#320,2.75E0);
#326=CIRCLE('',#325,2.75E0);
#331=CIRCLE('',#330,2.75E0);
#336=CIRCLE('',#335,2.75E0);
#341=CIRCLE('',#340,1.E0);
#346=CIRCLE('',#345,1.E0);
#351=CIRCLE('',#350,1.E0);
#356=CIRCLE('',#355,1.E0);
#361=CIRCLE('',#360,1.E0);
#366=CIRCLE('',#365,1.E0);
#371=CIRCLE('',#370,1.E0);
#376=CIRCLE('',#375,1.E0);
#397=CIRCLE('',#396,1.25E0);
#406=CIRCLE('',#405,1.25E0);
#415=CIRCLE('',#414,1.25E0);
#420=CIRCLE('',#419,1.25E0);
#425=CIRCLE('',#424,1.25E0);
#430=CIRCLE('',#429,1.25E0);
#435=CIRCLE('',#434,1.25E0);
#440=CIRCLE('',#439,1.25E0);
#445=CIRCLE('',#444,1.25E0);
#450=CIRCLE('',#449,1.25E0);
#503=CIRCLE('',#502,1.25E0);
#512=CIRCLE('',#511,1.25E0);
#521=CIRCLE('',#520,1.25E0);
#530=CIRCLE('',#529,1.25E0);
#539=CIRCLE('',#538,1.25E0);
#548=CIRCLE('',#547,1.25E0);
#829=CIRCLE('',#828,1.E0);
#838=CIRCLE('',#837,3.E0);
#847=CIRCLE('',#846,3.E0);
#852=CIRCLE('',#851,1.E0);
#869=CIRCLE('',#868,1.E0);
#878=CIRCLE('',#877,3.E0);
#887=CIRCLE('',#886,3.E0);
#892=CIRCLE('',#891,1.E0);
#909=CIRCLE('',#908,1.E0);
#918=CIRCLE('',#917,3.E0);
#927=CIRCLE('',#926,3.E0);
#932=CIRCLE('',#931,1.E0);
#949=CIRCLE('',#948,1.E0);
#958=CIRCLE('',#957,3.E0);
#967=CIRCLE('',#966,3.E0);
#972=CIRCLE('',#971,1.E0);
#1049=CIRCLE('',#1048,5.E0);
#1054=CIRCLE('',#1053,5.E0);
#1063=CIRCLE('',#1062,5.E0);
#1072=CIRCLE('',#1071,5.E0);
#1081=CIRCLE('',#1080,5.E0);
#1090=CIRCLE('',#1089,5.E0);
#1103=CIRCLE('',#1102,5.E0);
#1116=CIRCLE('',#1115,5.E0);
#1466=EDGE_CURVE('',#1255,#1256,#33,.T.);
#1468=EDGE_CURVE('',#1272,#1255,#212,.T.);
#1470=EDGE_CURVE('',#1271,#1272,#38,.T.);
#1472=EDGE_CURVE('',#1271,#1280,#42,.T.);
#1474=EDGE_CURVE('',#1279,#1280,#47,.T.);
#1476=EDGE_CURVE('',#1264,#1279,#152,.T.);
#1478=EDGE_CURVE('',#1263,#1264,#52,.T.);
#1480=EDGE_CURVE('',#1263,#1256,#56,.T.);
#1484=EDGE_CURVE('',#1287,#1288,#61,.T.);
#1486=EDGE_CURVE('',#1288,#1287,#66,.T.);
#1490=EDGE_CURVE('',#1295,#1296,#71,.T.);
#1492=EDGE_CURVE('',#1296,#1295,#76,.T.);
#1496=EDGE_CURVE('',#1303,#1304,#81,.T.);
#1498=EDGE_CURVE('',#1304,#1303,#86,.T.);
#1502=EDGE_CURVE('',#1311,#1312,#91,.T.);
#1504=EDGE_CURVE('',#1312,#1311,#96,.T.);
#1508=EDGE_CURVE('',#1320,#1324,#101,.T.);
#1510=EDGE_CURVE('',#1324,#1320,#106,.T.);
#1514=EDGE_CURVE('',#1328,#1332,#111,.T.);
#1516=EDGE_CURVE('',#1332,#1328,#116,.T.);
#1520=EDGE_CURVE('',#1336,#1340,#121,.T.);
#1522=EDGE_CURVE('',#1340,#1336,#126,.T.);
#1526=EDGE_CURVE('',#1344,#1348,#131,.T.);
#1528=EDGE_CURVE('',#1348,#1344,#136,.T.);
#1539=EDGE_CURVE('',#1258,#1256,#140,.T.);
#1541=EDGE_CURVE('',#1258,#1260,#217,.T.);
#1543=EDGE_CURVE('',#1260,#1255,#188,.T.);
#1555=EDGE_CURVE('',#1268,#1263,#144,.T.);
#1557=EDGE_CURVE('',#1268,#1258,#221,.T.);
#1568=EDGE_CURVE('',#1266,#1264,#148,.T.);
#1570=EDGE_CURVE('',#1266,#1268,#226,.T.);
#1583=EDGE_CURVE('',#1284,#1279,#156,.T.);
#1585=EDGE_CURVE('',#1284,#1164,#287,.T.);
#1587=EDGE_CURVE('',#1164,#1168,#160,.T.);
#1589=EDGE_CURVE('',#1168,#1211,#684,.T.);
#1591=EDGE_CURVE('',#1211,#1212,#164,.T.);
#1593=EDGE_CURVE('',#1208,#1212,#168,.T.);
#1595=EDGE_CURVE('',#1207,#1208,#172,.T.);
#1597=EDGE_CURVE('',#1207,#1188,#720,.T.);
#1599=EDGE_CURVE('',#1188,#1159,#176,.T.);
#1601=EDGE_CURVE('',#1159,#1266,#230,.T.);
#1612=EDGE_CURVE('',#1282,#1280,#184,.T.);
#1614=EDGE_CURVE('',#1282,#1284,#292,.T.);
#1625=EDGE_CURVE('',#1276,#1271,#180,.T.);
#1627=EDGE_CURVE('',#1276,#1282,#296,.T.);
#1640=EDGE_CURVE('',#1274,#1272,#208,.T.);
#1642=EDGE_CURVE('',#1274,#1276,#279,.T.);
#1654=EDGE_CURVE('',#1260,#1160,#234,.T.);
#1656=EDGE_CURVE('',#1160,#1186,#192,.T.);
#1658=EDGE_CURVE('',#1186,#1202,#752,.T.);
#1660=EDGE_CURVE('',#1202,#1198,#196,.T.);
#1662=EDGE_CURVE('',#1198,#1200,#200,.T.);
#1664=EDGE_CURVE('',#1204,#1200,#204,.T.);
#1666=EDGE_CURVE('',#1204,#1167,#692,.T.);
#1668=EDGE_CURVE('',#1163,#1167,#812,.T.);
#1670=EDGE_CURVE('',#1163,#1274,#283,.T.);
#1682=EDGE_CURVE('',#1143,#1144,#397,.T.);
#1684=EDGE_CURVE('',#1144,#1143,#406,.T.);
#1694=EDGE_CURVE('',#1147,#1148,#503,.T.);
#1696=EDGE_CURVE('',#1148,#1147,#512,.T.);
#1706=EDGE_CURVE('',#1151,#1152,#521,.T.);
#1708=EDGE_CURVE('',#1152,#1151,#530,.T.);
#1718=EDGE_CURVE('',#1155,#1156,#539,.T.);
#1720=EDGE_CURVE('',#1156,#1155,#548,.T.);
#1734=EDGE_CURVE('',#1159,#1160,#664,.T.);
#1739=EDGE_CURVE('',#1291,#1292,#239,.T.);
#1741=EDGE_CURVE('',#1292,#1291,#244,.T.);
#1745=EDGE_CURVE('',#1299,#1300,#249,.T.);
#1747=EDGE_CURVE('',#1300,#1299,#254,.T.);
#1751=EDGE_CURVE('',#1307,#1308,#259,.T.);
#1753=EDGE_CURVE('',#1308,#1307,#264,.T.);
#1757=EDGE_CURVE('',#1315,#1316,#269,.T.);
#1759=EDGE_CURVE('',#1316,#1315,#274,.T.);
#1771=EDGE_CURVE('',#1163,#1164,#816,.T.);
#1778=EDGE_CURVE('',#1319,#1323,#301,.T.);
#1780=EDGE_CURVE('',#1323,#1319,#306,.T.);
#1784=EDGE_CURVE('',#1327,#1331,#311,.T.);
#1786=EDGE_CURVE('',#1331,#1327,#316,.T.);
#1790=EDGE_CURVE('',#1335,#1339,#321,.T.);
#1792=EDGE_CURVE('',#1339,#1335,#326,.T.);
#1796=EDGE_CURVE('',#1343,#1347,#331,.T.);
#1798=EDGE_CURVE('',#1347,#1343,#336,.T.);
#1808=EDGE_CURVE('',#1383,#1384,#341,.T.);
#1810=EDGE_CURVE('',#1383,#1410,#904,.T.);
#1812=EDGE_CURVE('',#1407,#1410,#346,.T.);
#1814=EDGE_CURVE('',#1407,#1400,#918,.T.);
#1816=EDGE_CURVE('',#1399,#1400,#351,.T.);
#1818=EDGE_CURVE('',#1399,#1434,#944,.T.);
#1820=EDGE_CURVE('',#1431,#1434,#356,.T.);
#1822=EDGE_CURVE('',#1431,#1440,#967,.T.);
#1824=EDGE_CURVE('',#1439,#1440,#361,.T.);
#1826=EDGE_CURVE('',#1439,#1418,#568,.T.);
#1828=EDGE_CURVE('',#1415,#1418,#366,.T.);
#1830=EDGE_CURVE('',#1415,#1424,#847,.T.);
#1832=EDGE_CURVE('',#1423,#1424,#371,.T.);
#1834=EDGE_CURVE('',#1423,#1394,#860,.T.);
#1836=EDGE_CURVE('',#1391,#1394,#376,.T.);
#1838=EDGE_CURVE('',#1391,#1384,#878,.T.);
#1842=EDGE_CURVE('',#1370,#1364,#380,.T.);
#1844=EDGE_CURVE('',#1362,#1364,#1049,.T.);
#1846=EDGE_CURVE('',#1362,#1356,#384,.T.);
#1848=EDGE_CURVE('',#1354,#1356,#1090,.T.);
#1850=EDGE_CURVE('',#1354,#1380,#388,.T.);
#1852=EDGE_CURVE('',#1378,#1380,#1103,.T.);
#1854=EDGE_CURVE('',#1378,#1372,#392,.T.);
#1856=EDGE_CURVE('',#1370,#1372,#1116,.T.);
#1867=EDGE_CURVE('',#1144,#1127,#401,.T.);
#1869=EDGE_CURVE('',#1127,#1128,#415,.T.);
#1871=EDGE_CURVE('',#1143,#1128,#410,.T.);
#1883=EDGE_CURVE('',#1128,#1127,#420,.T.);
#1894=EDGE_CURVE('',#1451,#1452,#454,.T.);
#1896=EDGE_CURVE('',#1451,#1180,#458,.T.);
#1898=EDGE_CURVE('',#1180,#1175,#462,.T.);
#1900=EDGE_CURVE('',#1175,#1176,#466,.T.);
#1902=EDGE_CURVE('',#1176,#1178,#470,.T.);
#1904=EDGE_CURVE('',#1178,#1455,#474,.T.);
#1906=EDGE_CURVE('',#1455,#1456,#478,.T.);
#1908=EDGE_CURVE('',#1444,#1456,#482,.T.);
#1910=EDGE_CURVE('',#1442,#1444,#972,.T.);
#1912=EDGE_CURVE('',#1432,#1442,#958,.T.);
#1914=EDGE_CURVE('',#1436,#1432,#949,.T.);
#1916=EDGE_CURVE('',#1404,#1436,#486,.T.);
#1918=EDGE_CURVE('',#1402,#1404,#932,.T.);
#1920=EDGE_CURVE('',#1408,#1402,#927,.T.);
#1922=EDGE_CURVE('',#1412,#1408,#909,.T.);
#1924=EDGE_CURVE('',#1388,#1412,#490,.T.);
#1926=EDGE_CURVE('',#1386,#1388,#892,.T.);
#1928=EDGE_CURVE('',#1392,#1386,#887,.T.);
#1930=EDGE_CURVE('',#1396,#1392,#869,.T.);
#1932=EDGE_CURVE('',#1428,#1396,#494,.T.);
#1934=EDGE_CURVE('',#1426,#1428,#852,.T.);
#1936=EDGE_CURVE('',#1416,#1426,#838,.T.);
#1938=EDGE_CURVE('',#1420,#1416,#829,.T.);
#1940=EDGE_CURVE('',#1452,#1420,#498,.T.);
#1944=EDGE_CURVE('',#1131,#1132,#425,.T.);
#1946=EDGE_CURVE('',#1132,#1131,#430,.T.);
#1950=EDGE_CURVE('',#1135,#1136,#435,.T.);
#1952=EDGE_CURVE('',#1136,#1135,#440,.T.);
#1956=EDGE_CURVE('',#1139,#1140,#445,.T.);
#1958=EDGE_CURVE('',#1140,#1139,#450,.T.);
#1973=EDGE_CURVE('',#1148,#1131,#507,.T.);
#1976=EDGE_CURVE('',#1147,#1132,#516,.T.);
#1999=EDGE_CURVE('',#1152,#1135,#525,.T.);
#2002=EDGE_CURVE('',#1151,#1136,#534,.T.);
#2025=EDGE_CURVE('',#1156,#1139,#543,.T.);
#2028=EDGE_CURVE('',#1155,#1140,#552,.T.);
#2051=EDGE_CURVE('',#1452,#1460,#560,.T.);
#2053=EDGE_CURVE('',#1460,#1447,#588,.T.);
#2055=EDGE_CURVE('',#1451,#1447,#612,.T.);
#2065=EDGE_CURVE('',#1459,#1460,#556,.T.);
#2069=EDGE_CURVE('',#1418,#1420,#564,.T.);
#2072=EDGE_CURVE('',#1444,#1439,#572,.T.);
#2075=EDGE_CURVE('',#1456,#1459,#576,.T.);
#2086=EDGE_CURVE('',#1448,#1459,#580,.T.);
#2088=EDGE_CURVE('',#1447,#1448,#584,.T.);
#2100=EDGE_CURVE('',#1455,#1448,#592,.T.);
#2117=EDGE_CURVE('',#1178,#1182,#616,.T.);
#2119=EDGE_CURVE('',#1182,#1248,#740,.T.);
#2121=EDGE_CURVE('',#1248,#1252,#620,.T.);
#2123=EDGE_CURVE('',#1250,#1252,#624,.T.);
#2125=EDGE_CURVE('',#1246,#1250,#628,.T.);
#2127=EDGE_CURVE('',#1246,#1184,#732,.T.);
#2129=EDGE_CURVE('',#1180,#1184,#772,.T.);
#2133=EDGE_CURVE('',#1231,#1232,#596,.T.);
#2135=EDGE_CURVE('',#1236,#1231,#600,.T.);
#2137=EDGE_CURVE('',#1234,#1236,#604,.T.);
#2139=EDGE_CURVE('',#1232,#1234,#608,.T.);
#2149=EDGE_CURVE('',#1223,#1224,#636,.T.);
#2151=EDGE_CURVE('',#1223,#1231,#632,.T.);
#2154=EDGE_CURVE('',#1224,#1232,#668,.T.);
#2164=EDGE_CURVE('',#1239,#1240,#652,.T.);
#2166=EDGE_CURVE('',#1240,#1242,#656,.T.);
#2168=EDGE_CURVE('',#1244,#1242,#660,.T.);
#2170=EDGE_CURVE('',#1244,#1186,#756,.T.);
#2175=EDGE_CURVE('',#1188,#1239,#716,.T.);
#2180=EDGE_CURVE('',#1224,#1226,#640,.T.);
#2182=EDGE_CURVE('',#1226,#1228,#644,.T.);
#2184=EDGE_CURVE('',#1228,#1223,#648,.T.);
#2197=EDGE_CURVE('',#1226,#1234,#672,.T.);
#2210=EDGE_CURVE('',#1228,#1236,#676,.T.);
#2233=EDGE_CURVE('',#1239,#1246,#712,.T.);
#2236=EDGE_CURVE('',#1240,#1250,#824,.T.);
#2246=EDGE_CURVE('',#1211,#1216,#680,.T.);
#2249=EDGE_CURVE('',#1167,#1168,#688,.T.);
#2252=EDGE_CURVE('',#1204,#1196,#696,.T.);
#2254=EDGE_CURVE('',#1172,#1196,#700,.T.);
#2256=EDGE_CURVE('',#1171,#1172,#704,.T.);
#2258=EDGE_CURVE('',#1216,#1171,#708,.T.);
#2271=EDGE_CURVE('',#1207,#1214,#724,.T.);
#2273=EDGE_CURVE('',#1184,#1214,#728,.T.);
#2284=EDGE_CURVE('',#1244,#1248,#736,.T.);
#2287=EDGE_CURVE('',#1194,#1182,#744,.T.);
#2289=EDGE_CURVE('',#1202,#1194,#748,.T.);
#2303=EDGE_CURVE('',#1216,#1220,#768,.T.);
#2305=EDGE_CURVE('',#1220,#1212,#776,.T.);
#2315=EDGE_CURVE('',#1214,#1218,#760,.T.);
#2317=EDGE_CURVE('',#1218,#1220,#764,.T.);
#2321=EDGE_CURVE('',#1175,#1171,#784,.T.);
#2335=EDGE_CURVE('',#1208,#1218,#780,.T.);
#2362=EDGE_CURVE('',#1176,#1172,#796,.T.);
#2372=EDGE_CURVE('',#1191,#1192,#788,.T.);
#2374=EDGE_CURVE('',#1194,#1191,#792,.T.);
#2381=EDGE_CURVE('',#1196,#1192,#800,.T.);
#2392=EDGE_CURVE('',#1192,#1200,#804,.T.);
#2395=EDGE_CURVE('',#1198,#1191,#808,.T.);
#2442=EDGE_CURVE('',#1242,#1252,#820,.T.);
#2466=EDGE_CURVE('',#1415,#1416,#833,.T.);
#2481=EDGE_CURVE('',#1426,#1424,#842,.T.);
#2495=EDGE_CURVE('',#1428,#1423,#864,.T.);
#2505=EDGE_CURVE('',#1394,#1396,#856,.T.);
#2518=EDGE_CURVE('',#1391,#1392,#882,.T.);
#2531=EDGE_CURVE('',#1386,#1384,#873,.T.);
#2547=EDGE_CURVE('',#1388,#1383,#896,.T.);
#2559=EDGE_CURVE('',#1410,#1412,#900,.T.);
#2570=EDGE_CURVE('',#1407,#1408,#922,.T.);
#2583=EDGE_CURVE('',#1402,#1400,#913,.T.);
#2599=EDGE_CURVE('',#1404,#1399,#936,.T.);
#2611=EDGE_CURVE('',#1434,#1436,#940,.T.);
#2622=EDGE_CURVE('',#1431,#1432,#953,.T.);
#2637=EDGE_CURVE('',#1442,#1440,#962,.T.);
#2661=EDGE_CURVE('',#1292,#1288,#980,.T.);
#2664=EDGE_CURVE('',#1291,#1287,#976,.T.);
#2687=EDGE_CURVE('',#1300,#1296,#988,.T.);
#2690=EDGE_CURVE('',#1299,#1295,#984,.T.);
#2713=EDGE_CURVE('',#1308,#1304,#996,.T.);
#2716=EDGE_CURVE('',#1307,#1303,#992,.T.);
#2739=EDGE_CURVE('',#1316,#1312,#1004,.T.);
#2742=EDGE_CURVE('',#1315,#1311,#1000,.T.);
#2764=EDGE_CURVE('',#1319,#1320,#1008,.T.);
#2767=EDGE_CURVE('',#1323,#1324,#1012,.T.);
#2790=EDGE_CURVE('',#1327,#1328,#1016,.T.);
#2793=EDGE_CURVE('',#1331,#1332,#1020,.T.);
#2816=EDGE_CURVE('',#1335,#1336,#1024,.T.);
#2819=EDGE_CURVE('',#1339,#1340,#1028,.T.);
#2842=EDGE_CURVE('',#1343,#1344,#1032,.T.);
#2845=EDGE_CURVE('',#1347,#1348,#1036,.T.);
#2868=EDGE_CURVE('',#1364,#1359,#1040,.T.);
#2871=EDGE_CURVE('',#1370,#1368,#1044,.T.);
#2873=EDGE_CURVE('',#1368,#1359,#1067,.T.);
#2883=EDGE_CURVE('',#1359,#1360,#1063,.T.);
#2885=EDGE_CURVE('',#1362,#1360,#1124,.T.);
#2897=EDGE_CURVE('',#1351,#1352,#1054,.T.);
#2899=EDGE_CURVE('',#1360,#1351,#1058,.T.);
#2903=EDGE_CURVE('',#1367,#1368,#1072,.T.);
#2905=EDGE_CURVE('',#1376,#1367,#1076,.T.);
#2907=EDGE_CURVE('',#1375,#1376,#1081,.T.);
#2909=EDGE_CURVE('',#1352,#1375,#1085,.T.);
#2920=EDGE_CURVE('',#1354,#1352,#1094,.T.);
#2923=EDGE_CURVE('',#1356,#1351,#1120,.T.);
#2935=EDGE_CURVE('',#1380,#1375,#1098,.T.);
#2947=EDGE_CURVE('',#1378,#1376,#1111,.T.);
#2959=EDGE_CURVE('',#1372,#1367,#1107,.T.);
#2991=CLOSED_SHELL('',(#1532,#1547,#1561,#1575,#1605,#1619,#1633,#1647,#1676,
#1688,#1700,#1712,#1724,#1763,#1802,#1860,#1875,#1888,#1966,#1980,#1992,#2006,
#2018,#2032,#2044,#2059,#2079,#2093,#2106,#2143,#2158,#2188,#2201,#2214,#2226,
#2240,#2262,#2278,#2295,#2309,#2328,#2341,#2353,#2366,#2385,#2399,#2411,#2423,
#2435,#2448,#2460,#2473,#2486,#2499,#2512,#2525,#2538,#2551,#2564,#2577,#2590,
#2603,#2616,#2629,#2642,#2654,#2668,#2680,#2694,#2706,#2720,#2732,#2746,#2758,
#2772,#2784,#2798,#2810,#2824,#2836,#2850,#2862,#2877,#2891,#2913,#2927,#2940,
#2953,#2966,#2978,#2990));
#2992=MANIFOLD_SOLID_BREP('',#2991);
#2993=(LENGTH_UNIT()NAMED_UNIT(*)SI_UNIT(.MILLI.,.METRE.));
#2995=(NAMED_UNIT(*)PLANE_ANGLE_UNIT()SI_UNIT($,.RADIAN.));
#2998=(NAMED_UNIT(*)SI_UNIT($,.STERADIAN.)SOLID_ANGLE_UNIT());
#3001=ADVANCED_BREP_SHAPE_REPRESENTATION('',(#2992),#3000);
#3008=PRODUCT_DEFINITION('design','',#3007,#3004);
#3009=PRODUCT_DEFINITION_SHAPE('','SHAPE FOR 6-PEXT_CASE_BOTTOM.',#3008);
#3010=SHAPE_DEFINITION_REPRESENTATION(#3009,#3001);
ENDSEC;
END-ISO-10303-21;
