ISO-10303-21;
HEADER;
/* Generated by software containing ST-Developer
 * from STEP Tools, Inc. (www.steptools.com) 
 */

FILE_DESCRIPTION(
/* description */ (''),
/* implementation_level */ '2;1');

FILE_NAME(
/* name */ 'FluidDial_Top_RJ12.step',
/* time_stamp */ '2024-05-28T12:49:09-05:00',
/* author */ (''),
/* organization */ (''),
/* preprocessor_version */ 'ST-DEVELOPER v20',
/* originating_system */ 'Autodesk Translation Framework v13.14.0.145',

/* authorisation */ '');

FILE_SCHEMA (('AUTOMOTIVE_DESIGN { 1 0 10303 214 3 1 1 }'));
ENDSEC;

DATA;
#10=MECHANICAL_DESIGN_GEOMETRIC_PRESENTATION_REPRESENTATION('',(#13),#2674);
#11=SHAPE_REPRESENTATION_RELATIONSHIP('SRR','None',#2681,#12);
#12=ADVANCED_BREP_SHAPE_REPRESENTATION('',(#14),#2673);
#13=STYLED_ITEM('',(#2691),#14);
#14=MANIFOLD_SOLID_BREP('Body1',#1574);
#15=FACE_BOUND('',#177,.T.);
#16=FACE_BOUND('',#182,.T.);
#17=FACE_BOUND('',#195,.T.);
#18=FACE_BOUND('',#218,.T.);
#19=FACE_BOUND('',#219,.T.);
#20=FACE_BOUND('',#220,.T.);
#21=FACE_BOUND('',#221,.T.);
#22=FACE_BOUND('',#222,.T.);
#23=FACE_BOUND('',#223,.T.);
#24=FACE_BOUND('',#224,.T.);
#25=FACE_BOUND('',#225,.T.);
#26=FACE_BOUND('',#226,.T.);
#27=FACE_BOUND('',#227,.T.);
#28=FACE_BOUND('',#246,.T.);
#29=FACE_BOUND('',#253,.T.);
#30=FACE_BOUND('',#257,.T.);
#31=FACE_BOUND('',#258,.T.);
#32=FACE_BOUND('',#259,.T.);
#33=FACE_BOUND('',#266,.T.);
#34=PLANE('',#1591);
#35=PLANE('',#1592);
#36=PLANE('',#1601);
#37=PLANE('',#1602);
#38=PLANE('',#1611);
#39=PLANE('',#1615);
#40=PLANE('',#1619);
#41=PLANE('',#1623);
#42=PLANE('',#1627);
#43=PLANE('',#1628);
#44=PLANE('',#1637);
#45=PLANE('',#1640);
#46=PLANE('',#1643);
#47=PLANE('',#1644);
#48=PLANE('',#1645);
#49=PLANE('',#1646);
#50=PLANE('',#1647);
#51=PLANE('',#1651);
#52=PLANE('',#1652);
#53=PLANE('',#1658);
#54=PLANE('',#1661);
#55=PLANE('',#1664);
#56=PLANE('',#1671);
#57=PLANE('',#1684);
#58=PLANE('',#1685);
#59=PLANE('',#1687);
#60=PLANE('',#1689);
#61=PLANE('',#1690);
#62=PLANE('',#1691);
#63=PLANE('',#1692);
#64=PLANE('',#1693);
#65=PLANE('',#1694);
#66=PLANE('',#1695);
#67=PLANE('',#1699);
#68=PLANE('',#1700);
#69=PLANE('',#1701);
#70=PLANE('',#1704);
#71=PLANE('',#1708);
#72=PLANE('',#1709);
#73=PLANE('',#1710);
#74=PLANE('',#1713);
#75=PLANE('',#1714);
#76=PLANE('',#1715);
#77=PLANE('',#1716);
#78=PLANE('',#1723);
#79=PLANE('',#1727);
#80=PLANE('',#1731);
#81=PLANE('',#1732);
#82=PLANE('',#1736);
#83=PLANE('',#1739);
#84=PLANE('',#1741);
#85=PLANE('',#1746);
#86=FACE_OUTER_BOUND('',#174,.T.);
#87=FACE_OUTER_BOUND('',#175,.T.);
#88=FACE_OUTER_BOUND('',#176,.T.);
#89=FACE_OUTER_BOUND('',#178,.T.);
#90=FACE_OUTER_BOUND('',#179,.T.);
#91=FACE_OUTER_BOUND('',#180,.T.);
#92=FACE_OUTER_BOUND('',#181,.T.);
#93=FACE_OUTER_BOUND('',#183,.T.);
#94=FACE_OUTER_BOUND('',#184,.T.);
#95=FACE_OUTER_BOUND('',#185,.T.);
#96=FACE_OUTER_BOUND('',#186,.T.);
#97=FACE_OUTER_BOUND('',#187,.T.);
#98=FACE_OUTER_BOUND('',#188,.T.);
#99=FACE_OUTER_BOUND('',#189,.T.);
#100=FACE_OUTER_BOUND('',#190,.T.);
#101=FACE_OUTER_BOUND('',#191,.T.);
#102=FACE_OUTER_BOUND('',#192,.T.);
#103=FACE_OUTER_BOUND('',#193,.T.);
#104=FACE_OUTER_BOUND('',#194,.T.);
#105=FACE_OUTER_BOUND('',#196,.T.);
#106=FACE_OUTER_BOUND('',#197,.T.);
#107=FACE_OUTER_BOUND('',#198,.T.);
#108=FACE_OUTER_BOUND('',#199,.T.);
#109=FACE_OUTER_BOUND('',#200,.T.);
#110=FACE_OUTER_BOUND('',#201,.T.);
#111=FACE_OUTER_BOUND('',#202,.T.);
#112=FACE_OUTER_BOUND('',#203,.T.);
#113=FACE_OUTER_BOUND('',#204,.T.);
#114=FACE_OUTER_BOUND('',#205,.T.);
#115=FACE_OUTER_BOUND('',#206,.T.);
#116=FACE_OUTER_BOUND('',#207,.T.);
#117=FACE_OUTER_BOUND('',#208,.T.);
#118=FACE_OUTER_BOUND('',#209,.T.);
#119=FACE_OUTER_BOUND('',#210,.T.);
#120=FACE_OUTER_BOUND('',#211,.T.);
#121=FACE_OUTER_BOUND('',#212,.T.);
#122=FACE_OUTER_BOUND('',#213,.T.);
#123=FACE_OUTER_BOUND('',#214,.T.);
#124=FACE_OUTER_BOUND('',#215,.T.);
#125=FACE_OUTER_BOUND('',#216,.T.);
#126=FACE_OUTER_BOUND('',#217,.T.);
#127=FACE_OUTER_BOUND('',#228,.T.);
#128=FACE_OUTER_BOUND('',#229,.T.);
#129=FACE_OUTER_BOUND('',#230,.T.);
#130=FACE_OUTER_BOUND('',#231,.T.);
#131=FACE_OUTER_BOUND('',#232,.T.);
#132=FACE_OUTER_BOUND('',#233,.T.);
#133=FACE_OUTER_BOUND('',#234,.T.);
#134=FACE_OUTER_BOUND('',#235,.T.);
#135=FACE_OUTER_BOUND('',#236,.T.);
#136=FACE_OUTER_BOUND('',#237,.T.);
#137=FACE_OUTER_BOUND('',#238,.T.);
#138=FACE_OUTER_BOUND('',#239,.T.);
#139=FACE_OUTER_BOUND('',#240,.T.);
#140=FACE_OUTER_BOUND('',#241,.T.);
#141=FACE_OUTER_BOUND('',#242,.T.);
#142=FACE_OUTER_BOUND('',#243,.T.);
#143=FACE_OUTER_BOUND('',#244,.T.);
#144=FACE_OUTER_BOUND('',#245,.T.);
#145=FACE_OUTER_BOUND('',#247,.T.);
#146=FACE_OUTER_BOUND('',#248,.T.);
#147=FACE_OUTER_BOUND('',#249,.T.);
#148=FACE_OUTER_BOUND('',#250,.T.);
#149=FACE_OUTER_BOUND('',#251,.T.);
#150=FACE_OUTER_BOUND('',#252,.T.);
#151=FACE_OUTER_BOUND('',#254,.T.);
#152=FACE_OUTER_BOUND('',#255,.T.);
#153=FACE_OUTER_BOUND('',#256,.T.);
#154=FACE_OUTER_BOUND('',#260,.T.);
#155=FACE_OUTER_BOUND('',#261,.T.);
#156=FACE_OUTER_BOUND('',#262,.T.);
#157=FACE_OUTER_BOUND('',#263,.T.);
#158=FACE_OUTER_BOUND('',#264,.T.);
#159=FACE_OUTER_BOUND('',#265,.T.);
#160=FACE_OUTER_BOUND('',#267,.T.);
#161=FACE_OUTER_BOUND('',#268,.T.);
#162=FACE_OUTER_BOUND('',#269,.T.);
#163=FACE_OUTER_BOUND('',#270,.T.);
#164=FACE_OUTER_BOUND('',#271,.T.);
#165=FACE_OUTER_BOUND('',#272,.T.);
#166=FACE_OUTER_BOUND('',#273,.T.);
#167=FACE_OUTER_BOUND('',#274,.T.);
#168=FACE_OUTER_BOUND('',#275,.T.);
#169=FACE_OUTER_BOUND('',#276,.T.);
#170=FACE_OUTER_BOUND('',#277,.T.);
#171=FACE_OUTER_BOUND('',#278,.T.);
#172=FACE_OUTER_BOUND('',#279,.T.);
#173=FACE_OUTER_BOUND('',#280,.T.);
#174=EDGE_LOOP('',(#1012,#1013,#1014,#1015));
#175=EDGE_LOOP('',(#1016,#1017,#1018,#1019));
#176=EDGE_LOOP('',(#1020,#1021,#1022,#1023,#1024,#1025));
#177=EDGE_LOOP('',(#1026));
#178=EDGE_LOOP('',(#1027,#1028,#1029,#1030));
#179=EDGE_LOOP('',(#1031,#1032,#1033,#1034));
#180=EDGE_LOOP('',(#1035,#1036,#1037,#1038));
#181=EDGE_LOOP('',(#1039,#1040,#1041,#1042,#1043,#1044));
#182=EDGE_LOOP('',(#1045));
#183=EDGE_LOOP('',(#1046,#1047,#1048,#1049));
#184=EDGE_LOOP('',(#1050,#1051,#1052,#1053));
#185=EDGE_LOOP('',(#1054,#1055,#1056,#1057));
#186=EDGE_LOOP('',(#1058,#1059,#1060,#1061));
#187=EDGE_LOOP('',(#1062,#1063,#1064,#1065));
#188=EDGE_LOOP('',(#1066,#1067,#1068,#1069));
#189=EDGE_LOOP('',(#1070,#1071,#1072,#1073));
#190=EDGE_LOOP('',(#1074,#1075,#1076,#1077));
#191=EDGE_LOOP('',(#1078,#1079,#1080,#1081));
#192=EDGE_LOOP('',(#1082,#1083,#1084,#1085));
#193=EDGE_LOOP('',(#1086,#1087,#1088,#1089));
#194=EDGE_LOOP('',(#1090,#1091,#1092,#1093,#1094,#1095,#1096,#1097,#1098,
#1099,#1100,#1101));
#195=EDGE_LOOP('',(#1102));
#196=EDGE_LOOP('',(#1103,#1104,#1105,#1106));
#197=EDGE_LOOP('',(#1107,#1108,#1109,#1110));
#198=EDGE_LOOP('',(#1111,#1112,#1113,#1114));
#199=EDGE_LOOP('',(#1115,#1116,#1117,#1118));
#200=EDGE_LOOP('',(#1119,#1120,#1121,#1122));
#201=EDGE_LOOP('',(#1123,#1124,#1125,#1126));
#202=EDGE_LOOP('',(#1127,#1128,#1129,#1130));
#203=EDGE_LOOP('',(#1131,#1132,#1133,#1134));
#204=EDGE_LOOP('',(#1135,#1136,#1137,#1138));
#205=EDGE_LOOP('',(#1139,#1140,#1141,#1142));
#206=EDGE_LOOP('',(#1143,#1144,#1145,#1146));
#207=EDGE_LOOP('',(#1147,#1148,#1149,#1150));
#208=EDGE_LOOP('',(#1151,#1152,#1153,#1154,#1155,#1156,#1157,#1158));
#209=EDGE_LOOP('',(#1159,#1160,#1161,#1162));
#210=EDGE_LOOP('',(#1163,#1164,#1165,#1166));
#211=EDGE_LOOP('',(#1167,#1168,#1169,#1170));
#212=EDGE_LOOP('',(#1171,#1172,#1173,#1174));
#213=EDGE_LOOP('',(#1175,#1176,#1177,#1178));
#214=EDGE_LOOP('',(#1179,#1180,#1181,#1182));
#215=EDGE_LOOP('',(#1183,#1184,#1185,#1186));
#216=EDGE_LOOP('',(#1187,#1188,#1189,#1190));
#217=EDGE_LOOP('',(#1191,#1192,#1193,#1194,#1195,#1196,#1197,#1198,#1199,
#1200));
#218=EDGE_LOOP('',(#1201,#1202,#1203,#1204,#1205,#1206));
#219=EDGE_LOOP('',(#1207,#1208,#1209,#1210,#1211,#1212));
#220=EDGE_LOOP('',(#1213,#1214,#1215,#1216));
#221=EDGE_LOOP('',(#1217));
#222=EDGE_LOOP('',(#1218));
#223=EDGE_LOOP('',(#1219));
#224=EDGE_LOOP('',(#1220,#1221,#1222,#1223,#1224,#1225,#1226,#1227,#1228,
#1229,#1230,#1231));
#225=EDGE_LOOP('',(#1232,#1233,#1234,#1235));
#226=EDGE_LOOP('',(#1236,#1237,#1238,#1239,#1240,#1241,#1242,#1243));
#227=EDGE_LOOP('',(#1244,#1245,#1246,#1247,#1248,#1249,#1250,#1251,#1252,
#1253,#1254,#1255));
#228=EDGE_LOOP('',(#1256,#1257,#1258,#1259));
#229=EDGE_LOOP('',(#1260,#1261,#1262,#1263));
#230=EDGE_LOOP('',(#1264,#1265,#1266,#1267));
#231=EDGE_LOOP('',(#1268,#1269,#1270,#1271));
#232=EDGE_LOOP('',(#1272,#1273,#1274,#1275));
#233=EDGE_LOOP('',(#1276,#1277,#1278,#1279));
#234=EDGE_LOOP('',(#1280,#1281,#1282,#1283));
#235=EDGE_LOOP('',(#1284,#1285,#1286,#1287));
#236=EDGE_LOOP('',(#1288,#1289,#1290,#1291,#1292,#1293));
#237=EDGE_LOOP('',(#1294,#1295,#1296,#1297));
#238=EDGE_LOOP('',(#1298,#1299,#1300,#1301,#1302,#1303));
#239=EDGE_LOOP('',(#1304,#1305,#1306,#1307));
#240=EDGE_LOOP('',(#1308,#1309,#1310,#1311));
#241=EDGE_LOOP('',(#1312,#1313,#1314,#1315));
#242=EDGE_LOOP('',(#1316,#1317,#1318,#1319));
#243=EDGE_LOOP('',(#1320,#1321,#1322,#1323));
#244=EDGE_LOOP('',(#1324,#1325,#1326,#1327));
#245=EDGE_LOOP('',(#1328,#1329,#1330,#1331));
#246=EDGE_LOOP('',(#1332));
#247=EDGE_LOOP('',(#1333,#1334,#1335,#1336));
#248=EDGE_LOOP('',(#1337,#1338,#1339,#1340));
#249=EDGE_LOOP('',(#1341,#1342,#1343,#1344));
#250=EDGE_LOOP('',(#1345,#1346,#1347,#1348));
#251=EDGE_LOOP('',(#1349,#1350,#1351,#1352));
#252=EDGE_LOOP('',(#1353,#1354,#1355,#1356));
#253=EDGE_LOOP('',(#1357));
#254=EDGE_LOOP('',(#1358));
#255=EDGE_LOOP('',(#1359,#1360,#1361,#1362));
#256=EDGE_LOOP('',(#1363,#1364,#1365,#1366,#1367,#1368,#1369,#1370,#1371,
#1372));
#257=EDGE_LOOP('',(#1373));
#258=EDGE_LOOP('',(#1374));
#259=EDGE_LOOP('',(#1375));
#260=EDGE_LOOP('',(#1376,#1377,#1378,#1379));
#261=EDGE_LOOP('',(#1380,#1381,#1382,#1383));
#262=EDGE_LOOP('',(#1384,#1385,#1386,#1387));
#263=EDGE_LOOP('',(#1388));
#264=EDGE_LOOP('',(#1389,#1390,#1391,#1392));
#265=EDGE_LOOP('',(#1393,#1394,#1395,#1396,#1397,#1398,#1399,#1400,#1401,
#1402,#1403,#1404));
#266=EDGE_LOOP('',(#1405));
#267=EDGE_LOOP('',(#1406));
#268=EDGE_LOOP('',(#1407,#1408,#1409,#1410));
#269=EDGE_LOOP('',(#1411,#1412,#1413,#1414));
#270=EDGE_LOOP('',(#1415));
#271=EDGE_LOOP('',(#1416,#1417,#1418,#1419));
#272=EDGE_LOOP('',(#1420));
#273=EDGE_LOOP('',(#1421,#1422,#1423,#1424));
#274=EDGE_LOOP('',(#1425));
#275=EDGE_LOOP('',(#1426,#1427,#1428,#1429));
#276=EDGE_LOOP('',(#1430,#1431,#1432,#1433));
#277=EDGE_LOOP('',(#1434,#1435,#1436,#1437));
#278=EDGE_LOOP('',(#1438,#1439,#1440,#1441));
#279=EDGE_LOOP('',(#1442,#1443,#1444,#1445));
#280=EDGE_LOOP('',(#1446,#1447,#1448,#1449));
#281=LINE('',#2223,#428);
#282=LINE('',#2226,#429);
#283=LINE('',#2229,#430);
#284=LINE('',#2231,#431);
#285=LINE('',#2232,#432);
#286=LINE('',#2235,#433);
#287=LINE('',#2239,#434);
#288=LINE('',#2245,#435);
#289=LINE('',#2252,#436);
#290=LINE('',#2255,#437);
#291=LINE('',#2258,#438);
#292=LINE('',#2260,#439);
#293=LINE('',#2261,#440);
#294=LINE('',#2264,#441);
#295=LINE('',#2268,#442);
#296=LINE('',#2274,#443);
#297=LINE('',#2281,#444);
#298=LINE('',#2284,#445);
#299=LINE('',#2287,#446);
#300=LINE('',#2289,#447);
#301=LINE('',#2290,#448);
#302=LINE('',#2296,#449);
#303=LINE('',#2299,#450);
#304=LINE('',#2301,#451);
#305=LINE('',#2302,#452);
#306=LINE('',#2308,#453);
#307=LINE('',#2311,#454);
#308=LINE('',#2314,#455);
#309=LINE('',#2316,#456);
#310=LINE('',#2317,#457);
#311=LINE('',#2323,#458);
#312=LINE('',#2326,#459);
#313=LINE('',#2328,#460);
#314=LINE('',#2329,#461);
#315=LINE('',#2335,#462);
#316=LINE('',#2338,#463);
#317=LINE('',#2341,#464);
#318=LINE('',#2343,#465);
#319=LINE('',#2344,#466);
#320=LINE('',#2347,#467);
#321=LINE('',#2351,#468);
#322=LINE('',#2355,#469);
#323=LINE('',#2359,#470);
#324=LINE('',#2363,#471);
#325=LINE('',#2369,#472);
#326=LINE('',#2373,#473);
#327=LINE('',#2374,#474);
#328=LINE('',#2377,#475);
#329=LINE('',#2380,#476);
#330=LINE('',#2383,#477);
#331=LINE('',#2384,#478);
#332=LINE('',#2387,#479);
#333=LINE('',#2390,#480);
#334=LINE('',#2393,#481);
#335=LINE('',#2394,#482);
#336=LINE('',#2397,#483);
#337=LINE('',#2398,#484);
#338=LINE('',#2401,#485);
#339=LINE('',#2402,#486);
#340=LINE('',#2405,#487);
#341=LINE('',#2406,#488);
#342=LINE('',#2409,#489);
#343=LINE('',#2410,#490);
#344=LINE('',#2416,#491);
#345=LINE('',#2419,#492);
#346=LINE('',#2422,#493);
#347=LINE('',#2424,#494);
#348=LINE('',#2425,#495);
#349=LINE('',#2428,#496);
#350=LINE('',#2432,#497);
#351=LINE('',#2436,#498);
#352=LINE('',#2440,#499);
#353=LINE('',#2444,#500);
#354=LINE('',#2445,#501);
#355=LINE('',#2448,#502);
#356=LINE('',#2451,#503);
#357=LINE('',#2453,#504);
#358=LINE('',#2456,#505);
#359=LINE('',#2460,#506);
#360=LINE('',#2462,#507);
#361=LINE('',#2463,#508);
#362=LINE('',#2471,#509);
#363=LINE('',#2476,#510);
#364=LINE('',#2478,#511);
#365=LINE('',#2482,#512);
#366=LINE('',#2486,#513);
#367=LINE('',#2490,#514);
#368=LINE('',#2492,#515);
#369=LINE('',#2493,#516);
#370=LINE('',#2498,#517);
#371=LINE('',#2500,#518);
#372=LINE('',#2502,#519);
#373=LINE('',#2510,#520);
#374=LINE('',#2513,#521);
#375=LINE('',#2517,#522);
#376=LINE('',#2519,#523);
#377=LINE('',#2521,#524);
#378=LINE('',#2523,#525);
#379=LINE('',#2524,#526);
#380=LINE('',#2526,#527);
#381=LINE('',#2529,#528);
#382=LINE('',#2535,#529);
#383=LINE('',#2537,#530);
#384=LINE('',#2538,#531);
#385=LINE('',#2541,#532);
#386=LINE('',#2543,#533);
#387=LINE('',#2544,#534);
#388=LINE('',#2547,#535);
#389=LINE('',#2549,#536);
#390=LINE('',#2551,#537);
#391=LINE('',#2552,#538);
#392=LINE('',#2555,#539);
#393=LINE('',#2557,#540);
#394=LINE('',#2558,#541);
#395=LINE('',#2560,#542);
#396=LINE('',#2561,#543);
#397=LINE('',#2567,#544);
#398=LINE('',#2571,#545);
#399=LINE('',#2573,#546);
#400=LINE('',#2574,#547);
#401=LINE('',#2577,#548);
#402=LINE('',#2578,#549);
#403=LINE('',#2581,#550);
#404=LINE('',#2582,#551);
#405=LINE('',#2590,#552);
#406=LINE('',#2594,#553);
#407=LINE('',#2596,#554);
#408=LINE('',#2597,#555);
#409=LINE('',#2600,#556);
#410=LINE('',#2601,#557);
#411=LINE('',#2604,#558);
#412=LINE('',#2605,#559);
#413=LINE('',#2612,#560);
#414=LINE('',#2613,#561);
#415=LINE('',#2618,#562);
#416=LINE('',#2622,#563);
#417=LINE('',#2631,#564);
#418=LINE('',#2632,#565);
#419=LINE('',#2635,#566);
#420=LINE('',#2643,#567);
#421=LINE('',#2649,#568);
#422=LINE('',#2655,#569);
#423=LINE('',#2661,#570);
#424=LINE('',#2663,#571);
#425=LINE('',#2665,#572);
#426=LINE('',#2667,#573);
#427=LINE('',#2669,#574);
#428=VECTOR('',#1754,10.);
#429=VECTOR('',#1757,10.);
#430=VECTOR('',#1760,10.);
#431=VECTOR('',#1761,10.);
#432=VECTOR('',#1762,10.);
#433=VECTOR('',#1765,10.);
#434=VECTOR('',#1768,10.);
#435=VECTOR('',#1775,10.);
#436=VECTOR('',#1782,10.);
#437=VECTOR('',#1785,10.);
#438=VECTOR('',#1788,10.);
#439=VECTOR('',#1789,10.);
#440=VECTOR('',#1790,10.);
#441=VECTOR('',#1793,10.);
#442=VECTOR('',#1796,10.);
#443=VECTOR('',#1803,10.);
#444=VECTOR('',#1810,10.);
#445=VECTOR('',#1813,10.);
#446=VECTOR('',#1816,10.);
#447=VECTOR('',#1817,10.);
#448=VECTOR('',#1818,10.);
#449=VECTOR('',#1823,10.);
#450=VECTOR('',#1826,10.);
#451=VECTOR('',#1829,10.);
#452=VECTOR('',#1830,10.);
#453=VECTOR('',#1835,10.);
#454=VECTOR('',#1838,10.);
#455=VECTOR('',#1841,10.);
#456=VECTOR('',#1842,10.);
#457=VECTOR('',#1843,10.);
#458=VECTOR('',#1850,10.);
#459=VECTOR('',#1853,10.);
#460=VECTOR('',#1854,10.);
#461=VECTOR('',#1855,10.);
#462=VECTOR('',#1860,10.);
#463=VECTOR('',#1863,10.);
#464=VECTOR('',#1866,10.);
#465=VECTOR('',#1867,10.);
#466=VECTOR('',#1868,10.);
#467=VECTOR('',#1871,10.);
#468=VECTOR('',#1874,10.);
#469=VECTOR('',#1877,10.);
#470=VECTOR('',#1880,10.);
#471=VECTOR('',#1883,10.);
#472=VECTOR('',#1890,10.);
#473=VECTOR('',#1895,10.);
#474=VECTOR('',#1896,10.);
#475=VECTOR('',#1899,10.);
#476=VECTOR('',#1902,10.);
#477=VECTOR('',#1905,10.);
#478=VECTOR('',#1906,10.);
#479=VECTOR('',#1909,10.);
#480=VECTOR('',#1912,10.);
#481=VECTOR('',#1915,10.);
#482=VECTOR('',#1916,10.);
#483=VECTOR('',#1919,10.);
#484=VECTOR('',#1920,10.);
#485=VECTOR('',#1923,10.);
#486=VECTOR('',#1924,10.);
#487=VECTOR('',#1927,10.);
#488=VECTOR('',#1928,10.);
#489=VECTOR('',#1931,10.);
#490=VECTOR('',#1932,10.);
#491=VECTOR('',#1937,10.);
#492=VECTOR('',#1940,10.);
#493=VECTOR('',#1943,10.);
#494=VECTOR('',#1944,10.);
#495=VECTOR('',#1945,10.);
#496=VECTOR('',#1948,10.);
#497=VECTOR('',#1951,10.);
#498=VECTOR('',#1954,10.);
#499=VECTOR('',#1959,10.);
#500=VECTOR('',#1964,10.);
#501=VECTOR('',#1965,10.);
#502=VECTOR('',#1968,10.);
#503=VECTOR('',#1971,10.);
#504=VECTOR('',#1974,10.);
#505=VECTOR('',#1977,10.);
#506=VECTOR('',#1982,10.);
#507=VECTOR('',#1983,10.);
#508=VECTOR('',#1984,10.);
#509=VECTOR('',#1995,10.);
#510=VECTOR('',#2000,10.);
#511=VECTOR('',#2001,10.);
#512=VECTOR('',#2004,10.);
#513=VECTOR('',#2007,10.);
#514=VECTOR('',#2010,10.);
#515=VECTOR('',#2011,10.);
#516=VECTOR('',#2012,10.);
#517=VECTOR('',#2017,10.);
#518=VECTOR('',#2018,10.);
#519=VECTOR('',#2019,10.);
#520=VECTOR('',#2028,10.);
#521=VECTOR('',#2031,10.);
#522=VECTOR('',#2034,10.);
#523=VECTOR('',#2035,10.);
#524=VECTOR('',#2036,10.);
#525=VECTOR('',#2039,10.);
#526=VECTOR('',#2040,10.);
#527=VECTOR('',#2043,10.);
#528=VECTOR('',#2048,10.);
#529=VECTOR('',#2057,10.);
#530=VECTOR('',#2058,10.);
#531=VECTOR('',#2059,10.);
#532=VECTOR('',#2062,10.);
#533=VECTOR('',#2063,10.);
#534=VECTOR('',#2064,10.);
#535=VECTOR('',#2067,10.);
#536=VECTOR('',#2068,10.);
#537=VECTOR('',#2069,10.);
#538=VECTOR('',#2070,10.);
#539=VECTOR('',#2073,10.);
#540=VECTOR('',#2074,10.);
#541=VECTOR('',#2075,10.);
#542=VECTOR('',#2078,10.);
#543=VECTOR('',#2079,10.);
#544=VECTOR('',#2086,1.45);
#545=VECTOR('',#2091,10.);
#546=VECTOR('',#2092,10.);
#547=VECTOR('',#2093,10.);
#548=VECTOR('',#2096,10.);
#549=VECTOR('',#2097,10.);
#550=VECTOR('',#2100,10.);
#551=VECTOR('',#2101,10.);
#552=VECTOR('',#2112,1.45);
#553=VECTOR('',#2117,10.);
#554=VECTOR('',#2118,10.);
#555=VECTOR('',#2119,10.);
#556=VECTOR('',#2122,10.);
#557=VECTOR('',#2123,10.);
#558=VECTOR('',#2126,10.);
#559=VECTOR('',#2127,10.);
#560=VECTOR('',#2138,10.);
#561=VECTOR('',#2139,10.);
#562=VECTOR('',#2144,10.);
#563=VECTOR('',#2147,10.);
#564=VECTOR('',#2158,10.);
#565=VECTOR('',#2159,10.);
#566=VECTOR('',#2162,1.35);
#567=VECTOR('',#2173,1.35);
#568=VECTOR('',#2182,1.35);
#569=VECTOR('',#2191,1.35);
#570=VECTOR('',#2202,10.);
#571=VECTOR('',#2205,6.3);
#572=VECTOR('',#2208,6.3);
#573=VECTOR('',#2211,22.5);
#574=VECTOR('',#2214,10.);
#575=CIRCLE('',#1589,1.5);
#576=CIRCLE('',#1590,1.5);
#577=CIRCLE('',#1593,3.15);
#578=CIRCLE('',#1594,1.5);
#579=CIRCLE('',#1595,1.35);
#580=CIRCLE('',#1597,1.5);
#581=CIRCLE('',#1599,1.5);
#582=CIRCLE('',#1600,1.5);
#583=CIRCLE('',#1603,3.15);
#584=CIRCLE('',#1604,1.5);
#585=CIRCLE('',#1605,1.35);
#586=CIRCLE('',#1607,1.5);
#587=CIRCLE('',#1609,1.5);
#588=CIRCLE('',#1610,1.5);
#589=CIRCLE('',#1613,1.5);
#590=CIRCLE('',#1614,1.5);
#591=CIRCLE('',#1617,1.5);
#592=CIRCLE('',#1618,1.5);
#593=CIRCLE('',#1621,1.5);
#594=CIRCLE('',#1622,1.5);
#595=CIRCLE('',#1625,1.5);
#596=CIRCLE('',#1626,1.5);
#597=CIRCLE('',#1629,3.);
#598=CIRCLE('',#1630,1.5);
#599=CIRCLE('',#1631,1.5);
#600=CIRCLE('',#1632,3.);
#601=CIRCLE('',#1633,1.5);
#602=CIRCLE('',#1634,1.35);
#603=CIRCLE('',#1636,1.5);
#604=CIRCLE('',#1639,1.5);
#605=CIRCLE('',#1642,1.5);
#606=CIRCLE('',#1649,3.5);
#607=CIRCLE('',#1650,3.5);
#608=CIRCLE('',#1653,3.5);
#609=CIRCLE('',#1654,3.5);
#610=CIRCLE('',#1655,3.5);
#611=CIRCLE('',#1657,3.5);
#612=CIRCLE('',#1660,3.5);
#613=CIRCLE('',#1663,3.5);
#614=CIRCLE('',#1666,3.);
#615=CIRCLE('',#1667,3.);
#616=CIRCLE('',#1669,3.);
#617=CIRCLE('',#1670,3.);
#618=CIRCLE('',#1672,5.);
#619=CIRCLE('',#1673,30.);
#620=CIRCLE('',#1674,5.);
#621=CIRCLE('',#1675,3.15);
#622=CIRCLE('',#1676,3.15);
#623=CIRCLE('',#1677,4.);
#624=CIRCLE('',#1678,6.3);
#625=CIRCLE('',#1679,6.3);
#626=CIRCLE('',#1680,22.5);
#627=CIRCLE('',#1681,3.);
#628=CIRCLE('',#1682,3.);
#629=CIRCLE('',#1683,4.00000000000001);
#630=CIRCLE('',#1697,1.45);
#631=CIRCLE('',#1698,1.45);
#632=CIRCLE('',#1703,4.);
#633=CIRCLE('',#1706,1.45);
#634=CIRCLE('',#1707,1.45);
#635=CIRCLE('',#1712,4.00000000000001);
#636=CIRCLE('',#1717,5.);
#637=CIRCLE('',#1718,30.);
#638=CIRCLE('',#1719,5.);
#639=CIRCLE('',#1720,6.3);
#640=CIRCLE('',#1721,6.3);
#641=CIRCLE('',#1722,22.5);
#642=CIRCLE('',#1725,1.35);
#643=CIRCLE('',#1729,1.35);
#644=CIRCLE('',#1730,1.35);
#645=CIRCLE('',#1734,1.35);
#646=CIRCLE('',#1738,1.35);
#647=VERTEX_POINT('',#2219);
#648=VERTEX_POINT('',#2220);
#649=VERTEX_POINT('',#2222);
#650=VERTEX_POINT('',#2224);
#651=VERTEX_POINT('',#2228);
#652=VERTEX_POINT('',#2230);
#653=VERTEX_POINT('',#2234);
#654=VERTEX_POINT('',#2236);
#655=VERTEX_POINT('',#2238);
#656=VERTEX_POINT('',#2241);
#657=VERTEX_POINT('',#2244);
#658=VERTEX_POINT('',#2248);
#659=VERTEX_POINT('',#2249);
#660=VERTEX_POINT('',#2251);
#661=VERTEX_POINT('',#2253);
#662=VERTEX_POINT('',#2257);
#663=VERTEX_POINT('',#2259);
#664=VERTEX_POINT('',#2263);
#665=VERTEX_POINT('',#2265);
#666=VERTEX_POINT('',#2267);
#667=VERTEX_POINT('',#2270);
#668=VERTEX_POINT('',#2273);
#669=VERTEX_POINT('',#2277);
#670=VERTEX_POINT('',#2278);
#671=VERTEX_POINT('',#2280);
#672=VERTEX_POINT('',#2282);
#673=VERTEX_POINT('',#2286);
#674=VERTEX_POINT('',#2288);
#675=VERTEX_POINT('',#2292);
#676=VERTEX_POINT('',#2293);
#677=VERTEX_POINT('',#2295);
#678=VERTEX_POINT('',#2297);
#679=VERTEX_POINT('',#2304);
#680=VERTEX_POINT('',#2305);
#681=VERTEX_POINT('',#2307);
#682=VERTEX_POINT('',#2309);
#683=VERTEX_POINT('',#2313);
#684=VERTEX_POINT('',#2315);
#685=VERTEX_POINT('',#2319);
#686=VERTEX_POINT('',#2321);
#687=VERTEX_POINT('',#2325);
#688=VERTEX_POINT('',#2327);
#689=VERTEX_POINT('',#2331);
#690=VERTEX_POINT('',#2332);
#691=VERTEX_POINT('',#2334);
#692=VERTEX_POINT('',#2336);
#693=VERTEX_POINT('',#2340);
#694=VERTEX_POINT('',#2342);
#695=VERTEX_POINT('',#2346);
#696=VERTEX_POINT('',#2348);
#697=VERTEX_POINT('',#2350);
#698=VERTEX_POINT('',#2352);
#699=VERTEX_POINT('',#2354);
#700=VERTEX_POINT('',#2356);
#701=VERTEX_POINT('',#2358);
#702=VERTEX_POINT('',#2360);
#703=VERTEX_POINT('',#2362);
#704=VERTEX_POINT('',#2365);
#705=VERTEX_POINT('',#2368);
#706=VERTEX_POINT('',#2372);
#707=VERTEX_POINT('',#2376);
#708=VERTEX_POINT('',#2378);
#709=VERTEX_POINT('',#2382);
#710=VERTEX_POINT('',#2386);
#711=VERTEX_POINT('',#2388);
#712=VERTEX_POINT('',#2392);
#713=VERTEX_POINT('',#2396);
#714=VERTEX_POINT('',#2400);
#715=VERTEX_POINT('',#2404);
#716=VERTEX_POINT('',#2408);
#717=VERTEX_POINT('',#2412);
#718=VERTEX_POINT('',#2413);
#719=VERTEX_POINT('',#2415);
#720=VERTEX_POINT('',#2417);
#721=VERTEX_POINT('',#2421);
#722=VERTEX_POINT('',#2423);
#723=VERTEX_POINT('',#2427);
#724=VERTEX_POINT('',#2429);
#725=VERTEX_POINT('',#2431);
#726=VERTEX_POINT('',#2433);
#727=VERTEX_POINT('',#2435);
#728=VERTEX_POINT('',#2439);
#729=VERTEX_POINT('',#2443);
#730=VERTEX_POINT('',#2447);
#731=VERTEX_POINT('',#2449);
#732=VERTEX_POINT('',#2455);
#733=VERTEX_POINT('',#2459);
#734=VERTEX_POINT('',#2461);
#735=VERTEX_POINT('',#2468);
#736=VERTEX_POINT('',#2470);
#737=VERTEX_POINT('',#2474);
#738=VERTEX_POINT('',#2475);
#739=VERTEX_POINT('',#2477);
#740=VERTEX_POINT('',#2479);
#741=VERTEX_POINT('',#2481);
#742=VERTEX_POINT('',#2483);
#743=VERTEX_POINT('',#2485);
#744=VERTEX_POINT('',#2487);
#745=VERTEX_POINT('',#2489);
#746=VERTEX_POINT('',#2491);
#747=VERTEX_POINT('',#2496);
#748=VERTEX_POINT('',#2497);
#749=VERTEX_POINT('',#2499);
#750=VERTEX_POINT('',#2501);
#751=VERTEX_POINT('',#2504);
#752=VERTEX_POINT('',#2506);
#753=VERTEX_POINT('',#2508);
#754=VERTEX_POINT('',#2511);
#755=VERTEX_POINT('',#2515);
#756=VERTEX_POINT('',#2516);
#757=VERTEX_POINT('',#2518);
#758=VERTEX_POINT('',#2520);
#759=VERTEX_POINT('',#2534);
#760=VERTEX_POINT('',#2536);
#761=VERTEX_POINT('',#2540);
#762=VERTEX_POINT('',#2542);
#763=VERTEX_POINT('',#2546);
#764=VERTEX_POINT('',#2548);
#765=VERTEX_POINT('',#2550);
#766=VERTEX_POINT('',#2554);
#767=VERTEX_POINT('',#2556);
#768=VERTEX_POINT('',#2564);
#769=VERTEX_POINT('',#2566);
#770=VERTEX_POINT('',#2570);
#771=VERTEX_POINT('',#2572);
#772=VERTEX_POINT('',#2576);
#773=VERTEX_POINT('',#2580);
#774=VERTEX_POINT('',#2587);
#775=VERTEX_POINT('',#2589);
#776=VERTEX_POINT('',#2593);
#777=VERTEX_POINT('',#2595);
#778=VERTEX_POINT('',#2599);
#779=VERTEX_POINT('',#2603);
#780=VERTEX_POINT('',#2611);
#781=VERTEX_POINT('',#2615);
#782=VERTEX_POINT('',#2617);
#783=VERTEX_POINT('',#2619);
#784=VERTEX_POINT('',#2621);
#785=VERTEX_POINT('',#2624);
#786=VERTEX_POINT('',#2626);
#787=VERTEX_POINT('',#2628);
#788=VERTEX_POINT('',#2634);
#789=VERTEX_POINT('',#2640);
#790=VERTEX_POINT('',#2642);
#791=VERTEX_POINT('',#2648);
#792=VERTEX_POINT('',#2654);
#793=EDGE_CURVE('',#647,#648,#575,.T.);
#794=EDGE_CURVE('',#648,#649,#281,.T.);
#795=EDGE_CURVE('',#649,#650,#576,.F.);
#796=EDGE_CURVE('',#650,#647,#282,.T.);
#797=EDGE_CURVE('',#648,#651,#283,.T.);
#798=EDGE_CURVE('',#652,#651,#284,.T.);
#799=EDGE_CURVE('',#649,#652,#285,.T.);
#800=EDGE_CURVE('',#653,#647,#286,.T.);
#801=EDGE_CURVE('',#653,#654,#577,.T.);
#802=EDGE_CURVE('',#655,#654,#287,.T.);
#803=EDGE_CURVE('',#651,#655,#578,.T.);
#804=EDGE_CURVE('',#656,#656,#579,.T.);
#805=EDGE_CURVE('',#655,#657,#288,.T.);
#806=EDGE_CURVE('',#657,#652,#580,.F.);
#807=EDGE_CURVE('',#658,#659,#581,.T.);
#808=EDGE_CURVE('',#659,#660,#289,.T.);
#809=EDGE_CURVE('',#660,#661,#582,.F.);
#810=EDGE_CURVE('',#661,#658,#290,.T.);
#811=EDGE_CURVE('',#659,#662,#291,.T.);
#812=EDGE_CURVE('',#663,#662,#292,.T.);
#813=EDGE_CURVE('',#660,#663,#293,.T.);
#814=EDGE_CURVE('',#664,#658,#294,.T.);
#815=EDGE_CURVE('',#664,#665,#583,.T.);
#816=EDGE_CURVE('',#666,#665,#295,.T.);
#817=EDGE_CURVE('',#662,#666,#584,.T.);
#818=EDGE_CURVE('',#667,#667,#585,.T.);
#819=EDGE_CURVE('',#666,#668,#296,.T.);
#820=EDGE_CURVE('',#668,#663,#586,.F.);
#821=EDGE_CURVE('',#669,#670,#587,.T.);
#822=EDGE_CURVE('',#670,#671,#297,.T.);
#823=EDGE_CURVE('',#671,#672,#588,.F.);
#824=EDGE_CURVE('',#672,#669,#298,.T.);
#825=EDGE_CURVE('',#673,#672,#299,.T.);
#826=EDGE_CURVE('',#674,#673,#300,.T.);
#827=EDGE_CURVE('',#674,#669,#301,.T.);
#828=EDGE_CURVE('',#675,#676,#589,.T.);
#829=EDGE_CURVE('',#676,#677,#302,.T.);
#830=EDGE_CURVE('',#677,#678,#590,.F.);
#831=EDGE_CURVE('',#678,#675,#303,.T.);
#832=EDGE_CURVE('',#670,#675,#304,.T.);
#833=EDGE_CURVE('',#671,#678,#305,.T.);
#834=EDGE_CURVE('',#679,#680,#591,.T.);
#835=EDGE_CURVE('',#680,#681,#306,.T.);
#836=EDGE_CURVE('',#681,#682,#592,.F.);
#837=EDGE_CURVE('',#682,#679,#307,.T.);
#838=EDGE_CURVE('',#683,#682,#308,.T.);
#839=EDGE_CURVE('',#684,#683,#309,.T.);
#840=EDGE_CURVE('',#684,#679,#310,.T.);
#841=EDGE_CURVE('',#685,#684,#593,.T.);
#842=EDGE_CURVE('',#683,#686,#594,.F.);
#843=EDGE_CURVE('',#686,#685,#311,.T.);
#844=EDGE_CURVE('',#687,#686,#312,.T.);
#845=EDGE_CURVE('',#688,#687,#313,.T.);
#846=EDGE_CURVE('',#688,#685,#314,.T.);
#847=EDGE_CURVE('',#689,#690,#595,.T.);
#848=EDGE_CURVE('',#690,#691,#315,.T.);
#849=EDGE_CURVE('',#691,#692,#596,.F.);
#850=EDGE_CURVE('',#692,#689,#316,.T.);
#851=EDGE_CURVE('',#693,#690,#317,.T.);
#852=EDGE_CURVE('',#694,#693,#318,.T.);
#853=EDGE_CURVE('',#691,#694,#319,.T.);
#854=EDGE_CURVE('',#689,#695,#320,.T.);
#855=EDGE_CURVE('',#695,#696,#597,.T.);
#856=EDGE_CURVE('',#696,#697,#321,.T.);
#857=EDGE_CURVE('',#698,#697,#598,.T.);
#858=EDGE_CURVE('',#698,#699,#322,.T.);
#859=EDGE_CURVE('',#700,#699,#599,.T.);
#860=EDGE_CURVE('',#700,#701,#323,.T.);
#861=EDGE_CURVE('',#701,#702,#600,.T.);
#862=EDGE_CURVE('',#702,#703,#324,.T.);
#863=EDGE_CURVE('',#693,#703,#601,.T.);
#864=EDGE_CURVE('',#704,#704,#602,.T.);
#865=EDGE_CURVE('',#703,#705,#325,.T.);
#866=EDGE_CURVE('',#705,#694,#603,.F.);
#867=EDGE_CURVE('',#706,#702,#326,.T.);
#868=EDGE_CURVE('',#705,#706,#327,.T.);
#869=EDGE_CURVE('',#697,#707,#328,.T.);
#870=EDGE_CURVE('',#707,#708,#604,.F.);
#871=EDGE_CURVE('',#708,#698,#329,.T.);
#872=EDGE_CURVE('',#709,#696,#330,.T.);
#873=EDGE_CURVE('',#707,#709,#331,.T.);
#874=EDGE_CURVE('',#699,#710,#332,.T.);
#875=EDGE_CURVE('',#710,#711,#605,.F.);
#876=EDGE_CURVE('',#711,#700,#333,.T.);
#877=EDGE_CURVE('',#712,#711,#334,.T.);
#878=EDGE_CURVE('',#701,#712,#335,.T.);
#879=EDGE_CURVE('',#713,#661,#336,.T.);
#880=EDGE_CURVE('',#664,#713,#337,.T.);
#881=EDGE_CURVE('',#714,#665,#338,.T.);
#882=EDGE_CURVE('',#668,#714,#339,.T.);
#883=EDGE_CURVE('',#715,#650,#340,.T.);
#884=EDGE_CURVE('',#653,#715,#341,.T.);
#885=EDGE_CURVE('',#716,#654,#342,.T.);
#886=EDGE_CURVE('',#657,#716,#343,.T.);
#887=EDGE_CURVE('',#717,#718,#606,.T.);
#888=EDGE_CURVE('',#718,#719,#344,.T.);
#889=EDGE_CURVE('',#719,#720,#607,.F.);
#890=EDGE_CURVE('',#720,#717,#345,.T.);
#891=EDGE_CURVE('',#718,#721,#346,.T.);
#892=EDGE_CURVE('',#722,#721,#347,.T.);
#893=EDGE_CURVE('',#719,#722,#348,.T.);
#894=EDGE_CURVE('',#723,#717,#349,.T.);
#895=EDGE_CURVE('',#724,#723,#608,.T.);
#896=EDGE_CURVE('',#725,#724,#350,.T.);
#897=EDGE_CURVE('',#726,#725,#609,.T.);
#898=EDGE_CURVE('',#727,#726,#351,.T.);
#899=EDGE_CURVE('',#721,#727,#610,.T.);
#900=EDGE_CURVE('',#727,#728,#352,.T.);
#901=EDGE_CURVE('',#728,#722,#611,.F.);
#902=EDGE_CURVE('',#729,#726,#353,.T.);
#903=EDGE_CURVE('',#728,#729,#354,.T.);
#904=EDGE_CURVE('',#723,#730,#355,.T.);
#905=EDGE_CURVE('',#730,#731,#612,.F.);
#906=EDGE_CURVE('',#731,#724,#356,.T.);
#907=EDGE_CURVE('',#730,#720,#357,.T.);
#908=EDGE_CURVE('',#725,#732,#358,.T.);
#909=EDGE_CURVE('',#732,#729,#613,.F.);
#910=EDGE_CURVE('',#680,#733,#359,.T.);
#911=EDGE_CURVE('',#734,#733,#360,.T.);
#912=EDGE_CURVE('',#681,#734,#361,.T.);
#913=EDGE_CURVE('',#674,#733,#614,.T.);
#914=EDGE_CURVE('',#734,#673,#615,.T.);
#915=EDGE_CURVE('',#735,#687,#616,.T.);
#916=EDGE_CURVE('',#735,#736,#362,.T.);
#917=EDGE_CURVE('',#688,#736,#617,.T.);
#918=EDGE_CURVE('',#737,#738,#363,.T.);
#919=EDGE_CURVE('',#738,#739,#364,.T.);
#920=EDGE_CURVE('',#740,#739,#618,.T.);
#921=EDGE_CURVE('',#741,#740,#365,.T.);
#922=EDGE_CURVE('',#742,#741,#619,.T.);
#923=EDGE_CURVE('',#742,#743,#366,.T.);
#924=EDGE_CURVE('',#744,#743,#620,.T.);
#925=EDGE_CURVE('',#744,#745,#367,.T.);
#926=EDGE_CURVE('',#745,#746,#368,.T.);
#927=EDGE_CURVE('',#746,#737,#369,.T.);
#928=EDGE_CURVE('',#714,#713,#621,.T.);
#929=EDGE_CURVE('',#716,#715,#622,.T.);
#930=EDGE_CURVE('',#747,#748,#370,.T.);
#931=EDGE_CURVE('',#748,#749,#371,.T.);
#932=EDGE_CURVE('',#749,#750,#372,.T.);
#933=EDGE_CURVE('',#750,#747,#623,.T.);
#934=EDGE_CURVE('',#751,#751,#624,.T.);
#935=EDGE_CURVE('',#752,#752,#625,.T.);
#936=EDGE_CURVE('',#753,#753,#626,.T.);
#937=EDGE_CURVE('',#710,#708,#373,.T.);
#938=EDGE_CURVE('',#709,#754,#627,.T.);
#939=EDGE_CURVE('',#754,#692,#374,.T.);
#940=EDGE_CURVE('',#706,#712,#628,.T.);
#941=EDGE_CURVE('',#755,#756,#375,.T.);
#942=EDGE_CURVE('',#756,#757,#376,.T.);
#943=EDGE_CURVE('',#757,#758,#377,.T.);
#944=EDGE_CURVE('',#758,#755,#629,.T.);
#945=EDGE_CURVE('',#732,#731,#378,.T.);
#946=EDGE_CURVE('',#677,#735,#379,.T.);
#947=EDGE_CURVE('',#676,#736,#380,.T.);
#948=EDGE_CURVE('',#695,#754,#381,.T.);
#949=EDGE_CURVE('',#759,#745,#382,.T.);
#950=EDGE_CURVE('',#760,#744,#383,.T.);
#951=EDGE_CURVE('',#759,#760,#384,.T.);
#952=EDGE_CURVE('',#746,#761,#385,.T.);
#953=EDGE_CURVE('',#762,#761,#386,.T.);
#954=EDGE_CURVE('',#737,#762,#387,.T.);
#955=EDGE_CURVE('',#763,#762,#388,.T.);
#956=EDGE_CURVE('',#764,#763,#389,.T.);
#957=EDGE_CURVE('',#764,#765,#390,.T.);
#958=EDGE_CURVE('',#738,#765,#391,.T.);
#959=EDGE_CURVE('',#766,#763,#392,.T.);
#960=EDGE_CURVE('',#766,#767,#393,.T.);
#961=EDGE_CURVE('',#767,#764,#394,.T.);
#962=EDGE_CURVE('',#761,#766,#395,.T.);
#963=EDGE_CURVE('',#759,#767,#396,.T.);
#964=EDGE_CURVE('',#768,#768,#630,.T.);
#965=EDGE_CURVE('',#768,#769,#397,.T.);
#966=EDGE_CURVE('',#769,#769,#631,.T.);
#967=EDGE_CURVE('',#747,#770,#398,.T.);
#968=EDGE_CURVE('',#771,#770,#399,.T.);
#969=EDGE_CURVE('',#748,#771,#400,.T.);
#970=EDGE_CURVE('',#772,#771,#401,.T.);
#971=EDGE_CURVE('',#749,#772,#402,.T.);
#972=EDGE_CURVE('',#773,#772,#403,.T.);
#973=EDGE_CURVE('',#750,#773,#404,.T.);
#974=EDGE_CURVE('',#770,#773,#632,.T.);
#975=EDGE_CURVE('',#774,#774,#633,.T.);
#976=EDGE_CURVE('',#774,#775,#405,.T.);
#977=EDGE_CURVE('',#775,#775,#634,.T.);
#978=EDGE_CURVE('',#755,#776,#406,.T.);
#979=EDGE_CURVE('',#777,#776,#407,.T.);
#980=EDGE_CURVE('',#756,#777,#408,.T.);
#981=EDGE_CURVE('',#778,#777,#409,.T.);
#982=EDGE_CURVE('',#757,#778,#410,.T.);
#983=EDGE_CURVE('',#779,#778,#411,.T.);
#984=EDGE_CURVE('',#758,#779,#412,.T.);
#985=EDGE_CURVE('',#776,#779,#635,.T.);
#986=EDGE_CURVE('',#780,#765,#413,.T.);
#987=EDGE_CURVE('',#739,#780,#414,.T.);
#988=EDGE_CURVE('',#781,#760,#636,.T.);
#989=EDGE_CURVE('',#781,#782,#415,.T.);
#990=EDGE_CURVE('',#782,#783,#637,.T.);
#991=EDGE_CURVE('',#783,#784,#416,.T.);
#992=EDGE_CURVE('',#780,#784,#638,.T.);
#993=EDGE_CURVE('',#785,#785,#639,.T.);
#994=EDGE_CURVE('',#786,#786,#640,.T.);
#995=EDGE_CURVE('',#787,#787,#641,.T.);
#996=EDGE_CURVE('',#784,#740,#417,.T.);
#997=EDGE_CURVE('',#741,#783,#418,.T.);
#998=EDGE_CURVE('',#656,#788,#419,.T.);
#999=EDGE_CURVE('',#788,#788,#642,.T.);
#1000=EDGE_CURVE('',#789,#789,#643,.T.);
#1001=EDGE_CURVE('',#789,#790,#420,.T.);
#1002=EDGE_CURVE('',#790,#790,#644,.T.);
#1003=EDGE_CURVE('',#667,#791,#421,.T.);
#1004=EDGE_CURVE('',#791,#791,#645,.T.);
#1005=EDGE_CURVE('',#704,#792,#422,.T.);
#1006=EDGE_CURVE('',#792,#792,#646,.T.);
#1007=EDGE_CURVE('',#743,#781,#423,.T.);
#1008=EDGE_CURVE('',#785,#751,#424,.T.);
#1009=EDGE_CURVE('',#786,#752,#425,.T.);
#1010=EDGE_CURVE('',#787,#753,#426,.T.);
#1011=EDGE_CURVE('',#742,#782,#427,.T.);
#1012=ORIENTED_EDGE('',*,*,#793,.T.);
#1013=ORIENTED_EDGE('',*,*,#794,.T.);
#1014=ORIENTED_EDGE('',*,*,#795,.T.);
#1015=ORIENTED_EDGE('',*,*,#796,.T.);
#1016=ORIENTED_EDGE('',*,*,#794,.F.);
#1017=ORIENTED_EDGE('',*,*,#797,.T.);
#1018=ORIENTED_EDGE('',*,*,#798,.F.);
#1019=ORIENTED_EDGE('',*,*,#799,.F.);
#1020=ORIENTED_EDGE('',*,*,#793,.F.);
#1021=ORIENTED_EDGE('',*,*,#800,.F.);
#1022=ORIENTED_EDGE('',*,*,#801,.T.);
#1023=ORIENTED_EDGE('',*,*,#802,.F.);
#1024=ORIENTED_EDGE('',*,*,#803,.F.);
#1025=ORIENTED_EDGE('',*,*,#797,.F.);
#1026=ORIENTED_EDGE('',*,*,#804,.T.);
#1027=ORIENTED_EDGE('',*,*,#803,.T.);
#1028=ORIENTED_EDGE('',*,*,#805,.T.);
#1029=ORIENTED_EDGE('',*,*,#806,.T.);
#1030=ORIENTED_EDGE('',*,*,#798,.T.);
#1031=ORIENTED_EDGE('',*,*,#807,.T.);
#1032=ORIENTED_EDGE('',*,*,#808,.T.);
#1033=ORIENTED_EDGE('',*,*,#809,.T.);
#1034=ORIENTED_EDGE('',*,*,#810,.T.);
#1035=ORIENTED_EDGE('',*,*,#808,.F.);
#1036=ORIENTED_EDGE('',*,*,#811,.T.);
#1037=ORIENTED_EDGE('',*,*,#812,.F.);
#1038=ORIENTED_EDGE('',*,*,#813,.F.);
#1039=ORIENTED_EDGE('',*,*,#807,.F.);
#1040=ORIENTED_EDGE('',*,*,#814,.F.);
#1041=ORIENTED_EDGE('',*,*,#815,.T.);
#1042=ORIENTED_EDGE('',*,*,#816,.F.);
#1043=ORIENTED_EDGE('',*,*,#817,.F.);
#1044=ORIENTED_EDGE('',*,*,#811,.F.);
#1045=ORIENTED_EDGE('',*,*,#818,.T.);
#1046=ORIENTED_EDGE('',*,*,#817,.T.);
#1047=ORIENTED_EDGE('',*,*,#819,.T.);
#1048=ORIENTED_EDGE('',*,*,#820,.T.);
#1049=ORIENTED_EDGE('',*,*,#812,.T.);
#1050=ORIENTED_EDGE('',*,*,#821,.T.);
#1051=ORIENTED_EDGE('',*,*,#822,.T.);
#1052=ORIENTED_EDGE('',*,*,#823,.T.);
#1053=ORIENTED_EDGE('',*,*,#824,.T.);
#1054=ORIENTED_EDGE('',*,*,#824,.F.);
#1055=ORIENTED_EDGE('',*,*,#825,.F.);
#1056=ORIENTED_EDGE('',*,*,#826,.F.);
#1057=ORIENTED_EDGE('',*,*,#827,.T.);
#1058=ORIENTED_EDGE('',*,*,#828,.T.);
#1059=ORIENTED_EDGE('',*,*,#829,.T.);
#1060=ORIENTED_EDGE('',*,*,#830,.T.);
#1061=ORIENTED_EDGE('',*,*,#831,.T.);
#1062=ORIENTED_EDGE('',*,*,#822,.F.);
#1063=ORIENTED_EDGE('',*,*,#832,.T.);
#1064=ORIENTED_EDGE('',*,*,#831,.F.);
#1065=ORIENTED_EDGE('',*,*,#833,.F.);
#1066=ORIENTED_EDGE('',*,*,#834,.T.);
#1067=ORIENTED_EDGE('',*,*,#835,.T.);
#1068=ORIENTED_EDGE('',*,*,#836,.T.);
#1069=ORIENTED_EDGE('',*,*,#837,.T.);
#1070=ORIENTED_EDGE('',*,*,#837,.F.);
#1071=ORIENTED_EDGE('',*,*,#838,.F.);
#1072=ORIENTED_EDGE('',*,*,#839,.F.);
#1073=ORIENTED_EDGE('',*,*,#840,.T.);
#1074=ORIENTED_EDGE('',*,*,#841,.T.);
#1075=ORIENTED_EDGE('',*,*,#839,.T.);
#1076=ORIENTED_EDGE('',*,*,#842,.T.);
#1077=ORIENTED_EDGE('',*,*,#843,.T.);
#1078=ORIENTED_EDGE('',*,*,#843,.F.);
#1079=ORIENTED_EDGE('',*,*,#844,.F.);
#1080=ORIENTED_EDGE('',*,*,#845,.F.);
#1081=ORIENTED_EDGE('',*,*,#846,.T.);
#1082=ORIENTED_EDGE('',*,*,#847,.T.);
#1083=ORIENTED_EDGE('',*,*,#848,.T.);
#1084=ORIENTED_EDGE('',*,*,#849,.T.);
#1085=ORIENTED_EDGE('',*,*,#850,.T.);
#1086=ORIENTED_EDGE('',*,*,#848,.F.);
#1087=ORIENTED_EDGE('',*,*,#851,.F.);
#1088=ORIENTED_EDGE('',*,*,#852,.F.);
#1089=ORIENTED_EDGE('',*,*,#853,.F.);
#1090=ORIENTED_EDGE('',*,*,#847,.F.);
#1091=ORIENTED_EDGE('',*,*,#854,.T.);
#1092=ORIENTED_EDGE('',*,*,#855,.T.);
#1093=ORIENTED_EDGE('',*,*,#856,.T.);
#1094=ORIENTED_EDGE('',*,*,#857,.F.);
#1095=ORIENTED_EDGE('',*,*,#858,.T.);
#1096=ORIENTED_EDGE('',*,*,#859,.F.);
#1097=ORIENTED_EDGE('',*,*,#860,.T.);
#1098=ORIENTED_EDGE('',*,*,#861,.T.);
#1099=ORIENTED_EDGE('',*,*,#862,.T.);
#1100=ORIENTED_EDGE('',*,*,#863,.F.);
#1101=ORIENTED_EDGE('',*,*,#851,.T.);
#1102=ORIENTED_EDGE('',*,*,#864,.T.);
#1103=ORIENTED_EDGE('',*,*,#863,.T.);
#1104=ORIENTED_EDGE('',*,*,#865,.T.);
#1105=ORIENTED_EDGE('',*,*,#866,.T.);
#1106=ORIENTED_EDGE('',*,*,#852,.T.);
#1107=ORIENTED_EDGE('',*,*,#865,.F.);
#1108=ORIENTED_EDGE('',*,*,#862,.F.);
#1109=ORIENTED_EDGE('',*,*,#867,.F.);
#1110=ORIENTED_EDGE('',*,*,#868,.F.);
#1111=ORIENTED_EDGE('',*,*,#857,.T.);
#1112=ORIENTED_EDGE('',*,*,#869,.T.);
#1113=ORIENTED_EDGE('',*,*,#870,.T.);
#1114=ORIENTED_EDGE('',*,*,#871,.T.);
#1115=ORIENTED_EDGE('',*,*,#869,.F.);
#1116=ORIENTED_EDGE('',*,*,#856,.F.);
#1117=ORIENTED_EDGE('',*,*,#872,.F.);
#1118=ORIENTED_EDGE('',*,*,#873,.F.);
#1119=ORIENTED_EDGE('',*,*,#859,.T.);
#1120=ORIENTED_EDGE('',*,*,#874,.T.);
#1121=ORIENTED_EDGE('',*,*,#875,.T.);
#1122=ORIENTED_EDGE('',*,*,#876,.T.);
#1123=ORIENTED_EDGE('',*,*,#876,.F.);
#1124=ORIENTED_EDGE('',*,*,#877,.F.);
#1125=ORIENTED_EDGE('',*,*,#878,.F.);
#1126=ORIENTED_EDGE('',*,*,#860,.F.);
#1127=ORIENTED_EDGE('',*,*,#810,.F.);
#1128=ORIENTED_EDGE('',*,*,#879,.F.);
#1129=ORIENTED_EDGE('',*,*,#880,.F.);
#1130=ORIENTED_EDGE('',*,*,#814,.T.);
#1131=ORIENTED_EDGE('',*,*,#819,.F.);
#1132=ORIENTED_EDGE('',*,*,#816,.T.);
#1133=ORIENTED_EDGE('',*,*,#881,.F.);
#1134=ORIENTED_EDGE('',*,*,#882,.F.);
#1135=ORIENTED_EDGE('',*,*,#796,.F.);
#1136=ORIENTED_EDGE('',*,*,#883,.F.);
#1137=ORIENTED_EDGE('',*,*,#884,.F.);
#1138=ORIENTED_EDGE('',*,*,#800,.T.);
#1139=ORIENTED_EDGE('',*,*,#805,.F.);
#1140=ORIENTED_EDGE('',*,*,#802,.T.);
#1141=ORIENTED_EDGE('',*,*,#885,.F.);
#1142=ORIENTED_EDGE('',*,*,#886,.F.);
#1143=ORIENTED_EDGE('',*,*,#887,.T.);
#1144=ORIENTED_EDGE('',*,*,#888,.T.);
#1145=ORIENTED_EDGE('',*,*,#889,.T.);
#1146=ORIENTED_EDGE('',*,*,#890,.T.);
#1147=ORIENTED_EDGE('',*,*,#888,.F.);
#1148=ORIENTED_EDGE('',*,*,#891,.T.);
#1149=ORIENTED_EDGE('',*,*,#892,.F.);
#1150=ORIENTED_EDGE('',*,*,#893,.F.);
#1151=ORIENTED_EDGE('',*,*,#887,.F.);
#1152=ORIENTED_EDGE('',*,*,#894,.F.);
#1153=ORIENTED_EDGE('',*,*,#895,.F.);
#1154=ORIENTED_EDGE('',*,*,#896,.F.);
#1155=ORIENTED_EDGE('',*,*,#897,.F.);
#1156=ORIENTED_EDGE('',*,*,#898,.F.);
#1157=ORIENTED_EDGE('',*,*,#899,.F.);
#1158=ORIENTED_EDGE('',*,*,#891,.F.);
#1159=ORIENTED_EDGE('',*,*,#899,.T.);
#1160=ORIENTED_EDGE('',*,*,#900,.T.);
#1161=ORIENTED_EDGE('',*,*,#901,.T.);
#1162=ORIENTED_EDGE('',*,*,#892,.T.);
#1163=ORIENTED_EDGE('',*,*,#900,.F.);
#1164=ORIENTED_EDGE('',*,*,#898,.T.);
#1165=ORIENTED_EDGE('',*,*,#902,.F.);
#1166=ORIENTED_EDGE('',*,*,#903,.F.);
#1167=ORIENTED_EDGE('',*,*,#895,.T.);
#1168=ORIENTED_EDGE('',*,*,#904,.T.);
#1169=ORIENTED_EDGE('',*,*,#905,.T.);
#1170=ORIENTED_EDGE('',*,*,#906,.T.);
#1171=ORIENTED_EDGE('',*,*,#890,.F.);
#1172=ORIENTED_EDGE('',*,*,#907,.F.);
#1173=ORIENTED_EDGE('',*,*,#904,.F.);
#1174=ORIENTED_EDGE('',*,*,#894,.T.);
#1175=ORIENTED_EDGE('',*,*,#897,.T.);
#1176=ORIENTED_EDGE('',*,*,#908,.T.);
#1177=ORIENTED_EDGE('',*,*,#909,.T.);
#1178=ORIENTED_EDGE('',*,*,#902,.T.);
#1179=ORIENTED_EDGE('',*,*,#835,.F.);
#1180=ORIENTED_EDGE('',*,*,#910,.T.);
#1181=ORIENTED_EDGE('',*,*,#911,.F.);
#1182=ORIENTED_EDGE('',*,*,#912,.F.);
#1183=ORIENTED_EDGE('',*,*,#911,.T.);
#1184=ORIENTED_EDGE('',*,*,#913,.F.);
#1185=ORIENTED_EDGE('',*,*,#826,.T.);
#1186=ORIENTED_EDGE('',*,*,#914,.F.);
#1187=ORIENTED_EDGE('',*,*,#845,.T.);
#1188=ORIENTED_EDGE('',*,*,#915,.F.);
#1189=ORIENTED_EDGE('',*,*,#916,.T.);
#1190=ORIENTED_EDGE('',*,*,#917,.F.);
#1191=ORIENTED_EDGE('',*,*,#918,.T.);
#1192=ORIENTED_EDGE('',*,*,#919,.T.);
#1193=ORIENTED_EDGE('',*,*,#920,.F.);
#1194=ORIENTED_EDGE('',*,*,#921,.F.);
#1195=ORIENTED_EDGE('',*,*,#922,.F.);
#1196=ORIENTED_EDGE('',*,*,#923,.T.);
#1197=ORIENTED_EDGE('',*,*,#924,.F.);
#1198=ORIENTED_EDGE('',*,*,#925,.T.);
#1199=ORIENTED_EDGE('',*,*,#926,.T.);
#1200=ORIENTED_EDGE('',*,*,#927,.T.);
#1201=ORIENTED_EDGE('',*,*,#882,.T.);
#1202=ORIENTED_EDGE('',*,*,#928,.T.);
#1203=ORIENTED_EDGE('',*,*,#879,.T.);
#1204=ORIENTED_EDGE('',*,*,#809,.F.);
#1205=ORIENTED_EDGE('',*,*,#813,.T.);
#1206=ORIENTED_EDGE('',*,*,#820,.F.);
#1207=ORIENTED_EDGE('',*,*,#886,.T.);
#1208=ORIENTED_EDGE('',*,*,#929,.T.);
#1209=ORIENTED_EDGE('',*,*,#883,.T.);
#1210=ORIENTED_EDGE('',*,*,#795,.F.);
#1211=ORIENTED_EDGE('',*,*,#799,.T.);
#1212=ORIENTED_EDGE('',*,*,#806,.F.);
#1213=ORIENTED_EDGE('',*,*,#930,.T.);
#1214=ORIENTED_EDGE('',*,*,#931,.T.);
#1215=ORIENTED_EDGE('',*,*,#932,.T.);
#1216=ORIENTED_EDGE('',*,*,#933,.T.);
#1217=ORIENTED_EDGE('',*,*,#934,.F.);
#1218=ORIENTED_EDGE('',*,*,#935,.F.);
#1219=ORIENTED_EDGE('',*,*,#936,.F.);
#1220=ORIENTED_EDGE('',*,*,#877,.T.);
#1221=ORIENTED_EDGE('',*,*,#875,.F.);
#1222=ORIENTED_EDGE('',*,*,#937,.T.);
#1223=ORIENTED_EDGE('',*,*,#870,.F.);
#1224=ORIENTED_EDGE('',*,*,#873,.T.);
#1225=ORIENTED_EDGE('',*,*,#938,.T.);
#1226=ORIENTED_EDGE('',*,*,#939,.T.);
#1227=ORIENTED_EDGE('',*,*,#849,.F.);
#1228=ORIENTED_EDGE('',*,*,#853,.T.);
#1229=ORIENTED_EDGE('',*,*,#866,.F.);
#1230=ORIENTED_EDGE('',*,*,#868,.T.);
#1231=ORIENTED_EDGE('',*,*,#940,.T.);
#1232=ORIENTED_EDGE('',*,*,#941,.T.);
#1233=ORIENTED_EDGE('',*,*,#942,.T.);
#1234=ORIENTED_EDGE('',*,*,#943,.T.);
#1235=ORIENTED_EDGE('',*,*,#944,.T.);
#1236=ORIENTED_EDGE('',*,*,#945,.T.);
#1237=ORIENTED_EDGE('',*,*,#905,.F.);
#1238=ORIENTED_EDGE('',*,*,#907,.T.);
#1239=ORIENTED_EDGE('',*,*,#889,.F.);
#1240=ORIENTED_EDGE('',*,*,#893,.T.);
#1241=ORIENTED_EDGE('',*,*,#901,.F.);
#1242=ORIENTED_EDGE('',*,*,#903,.T.);
#1243=ORIENTED_EDGE('',*,*,#909,.F.);
#1244=ORIENTED_EDGE('',*,*,#844,.T.);
#1245=ORIENTED_EDGE('',*,*,#842,.F.);
#1246=ORIENTED_EDGE('',*,*,#838,.T.);
#1247=ORIENTED_EDGE('',*,*,#836,.F.);
#1248=ORIENTED_EDGE('',*,*,#912,.T.);
#1249=ORIENTED_EDGE('',*,*,#914,.T.);
#1250=ORIENTED_EDGE('',*,*,#825,.T.);
#1251=ORIENTED_EDGE('',*,*,#823,.F.);
#1252=ORIENTED_EDGE('',*,*,#833,.T.);
#1253=ORIENTED_EDGE('',*,*,#830,.F.);
#1254=ORIENTED_EDGE('',*,*,#946,.T.);
#1255=ORIENTED_EDGE('',*,*,#915,.T.);
#1256=ORIENTED_EDGE('',*,*,#829,.F.);
#1257=ORIENTED_EDGE('',*,*,#947,.T.);
#1258=ORIENTED_EDGE('',*,*,#916,.F.);
#1259=ORIENTED_EDGE('',*,*,#946,.F.);
#1260=ORIENTED_EDGE('',*,*,#871,.F.);
#1261=ORIENTED_EDGE('',*,*,#937,.F.);
#1262=ORIENTED_EDGE('',*,*,#874,.F.);
#1263=ORIENTED_EDGE('',*,*,#858,.F.);
#1264=ORIENTED_EDGE('',*,*,#872,.T.);
#1265=ORIENTED_EDGE('',*,*,#855,.F.);
#1266=ORIENTED_EDGE('',*,*,#948,.T.);
#1267=ORIENTED_EDGE('',*,*,#938,.F.);
#1268=ORIENTED_EDGE('',*,*,#850,.F.);
#1269=ORIENTED_EDGE('',*,*,#939,.F.);
#1270=ORIENTED_EDGE('',*,*,#948,.F.);
#1271=ORIENTED_EDGE('',*,*,#854,.F.);
#1272=ORIENTED_EDGE('',*,*,#878,.T.);
#1273=ORIENTED_EDGE('',*,*,#940,.F.);
#1274=ORIENTED_EDGE('',*,*,#867,.T.);
#1275=ORIENTED_EDGE('',*,*,#861,.F.);
#1276=ORIENTED_EDGE('',*,*,#906,.F.);
#1277=ORIENTED_EDGE('',*,*,#945,.F.);
#1278=ORIENTED_EDGE('',*,*,#908,.F.);
#1279=ORIENTED_EDGE('',*,*,#896,.T.);
#1280=ORIENTED_EDGE('',*,*,#949,.T.);
#1281=ORIENTED_EDGE('',*,*,#925,.F.);
#1282=ORIENTED_EDGE('',*,*,#950,.F.);
#1283=ORIENTED_EDGE('',*,*,#951,.F.);
#1284=ORIENTED_EDGE('',*,*,#927,.F.);
#1285=ORIENTED_EDGE('',*,*,#952,.T.);
#1286=ORIENTED_EDGE('',*,*,#953,.F.);
#1287=ORIENTED_EDGE('',*,*,#954,.F.);
#1288=ORIENTED_EDGE('',*,*,#918,.F.);
#1289=ORIENTED_EDGE('',*,*,#954,.T.);
#1290=ORIENTED_EDGE('',*,*,#955,.F.);
#1291=ORIENTED_EDGE('',*,*,#956,.F.);
#1292=ORIENTED_EDGE('',*,*,#957,.T.);
#1293=ORIENTED_EDGE('',*,*,#958,.F.);
#1294=ORIENTED_EDGE('',*,*,#956,.T.);
#1295=ORIENTED_EDGE('',*,*,#959,.F.);
#1296=ORIENTED_EDGE('',*,*,#960,.T.);
#1297=ORIENTED_EDGE('',*,*,#961,.T.);
#1298=ORIENTED_EDGE('',*,*,#960,.F.);
#1299=ORIENTED_EDGE('',*,*,#962,.F.);
#1300=ORIENTED_EDGE('',*,*,#952,.F.);
#1301=ORIENTED_EDGE('',*,*,#926,.F.);
#1302=ORIENTED_EDGE('',*,*,#949,.F.);
#1303=ORIENTED_EDGE('',*,*,#963,.T.);
#1304=ORIENTED_EDGE('',*,*,#962,.T.);
#1305=ORIENTED_EDGE('',*,*,#959,.T.);
#1306=ORIENTED_EDGE('',*,*,#955,.T.);
#1307=ORIENTED_EDGE('',*,*,#953,.T.);
#1308=ORIENTED_EDGE('',*,*,#964,.F.);
#1309=ORIENTED_EDGE('',*,*,#965,.T.);
#1310=ORIENTED_EDGE('',*,*,#966,.F.);
#1311=ORIENTED_EDGE('',*,*,#965,.F.);
#1312=ORIENTED_EDGE('',*,*,#930,.F.);
#1313=ORIENTED_EDGE('',*,*,#967,.T.);
#1314=ORIENTED_EDGE('',*,*,#968,.F.);
#1315=ORIENTED_EDGE('',*,*,#969,.F.);
#1316=ORIENTED_EDGE('',*,*,#931,.F.);
#1317=ORIENTED_EDGE('',*,*,#969,.T.);
#1318=ORIENTED_EDGE('',*,*,#970,.F.);
#1319=ORIENTED_EDGE('',*,*,#971,.F.);
#1320=ORIENTED_EDGE('',*,*,#932,.F.);
#1321=ORIENTED_EDGE('',*,*,#971,.T.);
#1322=ORIENTED_EDGE('',*,*,#972,.F.);
#1323=ORIENTED_EDGE('',*,*,#973,.F.);
#1324=ORIENTED_EDGE('',*,*,#933,.F.);
#1325=ORIENTED_EDGE('',*,*,#973,.T.);
#1326=ORIENTED_EDGE('',*,*,#974,.F.);
#1327=ORIENTED_EDGE('',*,*,#967,.F.);
#1328=ORIENTED_EDGE('',*,*,#974,.T.);
#1329=ORIENTED_EDGE('',*,*,#972,.T.);
#1330=ORIENTED_EDGE('',*,*,#970,.T.);
#1331=ORIENTED_EDGE('',*,*,#968,.T.);
#1332=ORIENTED_EDGE('',*,*,#964,.T.);
#1333=ORIENTED_EDGE('',*,*,#975,.F.);
#1334=ORIENTED_EDGE('',*,*,#976,.T.);
#1335=ORIENTED_EDGE('',*,*,#977,.F.);
#1336=ORIENTED_EDGE('',*,*,#976,.F.);
#1337=ORIENTED_EDGE('',*,*,#941,.F.);
#1338=ORIENTED_EDGE('',*,*,#978,.T.);
#1339=ORIENTED_EDGE('',*,*,#979,.F.);
#1340=ORIENTED_EDGE('',*,*,#980,.F.);
#1341=ORIENTED_EDGE('',*,*,#942,.F.);
#1342=ORIENTED_EDGE('',*,*,#980,.T.);
#1343=ORIENTED_EDGE('',*,*,#981,.F.);
#1344=ORIENTED_EDGE('',*,*,#982,.F.);
#1345=ORIENTED_EDGE('',*,*,#943,.F.);
#1346=ORIENTED_EDGE('',*,*,#982,.T.);
#1347=ORIENTED_EDGE('',*,*,#983,.F.);
#1348=ORIENTED_EDGE('',*,*,#984,.F.);
#1349=ORIENTED_EDGE('',*,*,#944,.F.);
#1350=ORIENTED_EDGE('',*,*,#984,.T.);
#1351=ORIENTED_EDGE('',*,*,#985,.F.);
#1352=ORIENTED_EDGE('',*,*,#978,.F.);
#1353=ORIENTED_EDGE('',*,*,#985,.T.);
#1354=ORIENTED_EDGE('',*,*,#983,.T.);
#1355=ORIENTED_EDGE('',*,*,#981,.T.);
#1356=ORIENTED_EDGE('',*,*,#979,.T.);
#1357=ORIENTED_EDGE('',*,*,#975,.T.);
#1358=ORIENTED_EDGE('',*,*,#966,.T.);
#1359=ORIENTED_EDGE('',*,*,#958,.T.);
#1360=ORIENTED_EDGE('',*,*,#986,.F.);
#1361=ORIENTED_EDGE('',*,*,#987,.F.);
#1362=ORIENTED_EDGE('',*,*,#919,.F.);
#1363=ORIENTED_EDGE('',*,*,#986,.T.);
#1364=ORIENTED_EDGE('',*,*,#957,.F.);
#1365=ORIENTED_EDGE('',*,*,#961,.F.);
#1366=ORIENTED_EDGE('',*,*,#963,.F.);
#1367=ORIENTED_EDGE('',*,*,#951,.T.);
#1368=ORIENTED_EDGE('',*,*,#988,.F.);
#1369=ORIENTED_EDGE('',*,*,#989,.T.);
#1370=ORIENTED_EDGE('',*,*,#990,.T.);
#1371=ORIENTED_EDGE('',*,*,#991,.T.);
#1372=ORIENTED_EDGE('',*,*,#992,.F.);
#1373=ORIENTED_EDGE('',*,*,#993,.T.);
#1374=ORIENTED_EDGE('',*,*,#994,.T.);
#1375=ORIENTED_EDGE('',*,*,#995,.T.);
#1376=ORIENTED_EDGE('',*,*,#921,.T.);
#1377=ORIENTED_EDGE('',*,*,#996,.F.);
#1378=ORIENTED_EDGE('',*,*,#991,.F.);
#1379=ORIENTED_EDGE('',*,*,#997,.F.);
#1380=ORIENTED_EDGE('',*,*,#804,.F.);
#1381=ORIENTED_EDGE('',*,*,#998,.T.);
#1382=ORIENTED_EDGE('',*,*,#999,.F.);
#1383=ORIENTED_EDGE('',*,*,#998,.F.);
#1384=ORIENTED_EDGE('',*,*,#885,.T.);
#1385=ORIENTED_EDGE('',*,*,#801,.F.);
#1386=ORIENTED_EDGE('',*,*,#884,.T.);
#1387=ORIENTED_EDGE('',*,*,#929,.F.);
#1388=ORIENTED_EDGE('',*,*,#977,.T.);
#1389=ORIENTED_EDGE('',*,*,#1000,.F.);
#1390=ORIENTED_EDGE('',*,*,#1001,.T.);
#1391=ORIENTED_EDGE('',*,*,#1002,.F.);
#1392=ORIENTED_EDGE('',*,*,#1001,.F.);
#1393=ORIENTED_EDGE('',*,*,#821,.F.);
#1394=ORIENTED_EDGE('',*,*,#827,.F.);
#1395=ORIENTED_EDGE('',*,*,#913,.T.);
#1396=ORIENTED_EDGE('',*,*,#910,.F.);
#1397=ORIENTED_EDGE('',*,*,#834,.F.);
#1398=ORIENTED_EDGE('',*,*,#840,.F.);
#1399=ORIENTED_EDGE('',*,*,#841,.F.);
#1400=ORIENTED_EDGE('',*,*,#846,.F.);
#1401=ORIENTED_EDGE('',*,*,#917,.T.);
#1402=ORIENTED_EDGE('',*,*,#947,.F.);
#1403=ORIENTED_EDGE('',*,*,#828,.F.);
#1404=ORIENTED_EDGE('',*,*,#832,.F.);
#1405=ORIENTED_EDGE('',*,*,#1000,.T.);
#1406=ORIENTED_EDGE('',*,*,#999,.T.);
#1407=ORIENTED_EDGE('',*,*,#818,.F.);
#1408=ORIENTED_EDGE('',*,*,#1003,.T.);
#1409=ORIENTED_EDGE('',*,*,#1004,.F.);
#1410=ORIENTED_EDGE('',*,*,#1003,.F.);
#1411=ORIENTED_EDGE('',*,*,#881,.T.);
#1412=ORIENTED_EDGE('',*,*,#815,.F.);
#1413=ORIENTED_EDGE('',*,*,#880,.T.);
#1414=ORIENTED_EDGE('',*,*,#928,.F.);
#1415=ORIENTED_EDGE('',*,*,#1002,.T.);
#1416=ORIENTED_EDGE('',*,*,#864,.F.);
#1417=ORIENTED_EDGE('',*,*,#1005,.T.);
#1418=ORIENTED_EDGE('',*,*,#1006,.F.);
#1419=ORIENTED_EDGE('',*,*,#1005,.F.);
#1420=ORIENTED_EDGE('',*,*,#1004,.T.);
#1421=ORIENTED_EDGE('',*,*,#992,.T.);
#1422=ORIENTED_EDGE('',*,*,#996,.T.);
#1423=ORIENTED_EDGE('',*,*,#920,.T.);
#1424=ORIENTED_EDGE('',*,*,#987,.T.);
#1425=ORIENTED_EDGE('',*,*,#1006,.T.);
#1426=ORIENTED_EDGE('',*,*,#988,.T.);
#1427=ORIENTED_EDGE('',*,*,#950,.T.);
#1428=ORIENTED_EDGE('',*,*,#924,.T.);
#1429=ORIENTED_EDGE('',*,*,#1007,.T.);
#1430=ORIENTED_EDGE('',*,*,#993,.F.);
#1431=ORIENTED_EDGE('',*,*,#1008,.T.);
#1432=ORIENTED_EDGE('',*,*,#934,.T.);
#1433=ORIENTED_EDGE('',*,*,#1008,.F.);
#1434=ORIENTED_EDGE('',*,*,#994,.F.);
#1435=ORIENTED_EDGE('',*,*,#1009,.T.);
#1436=ORIENTED_EDGE('',*,*,#935,.T.);
#1437=ORIENTED_EDGE('',*,*,#1009,.F.);
#1438=ORIENTED_EDGE('',*,*,#995,.F.);
#1439=ORIENTED_EDGE('',*,*,#1010,.T.);
#1440=ORIENTED_EDGE('',*,*,#936,.T.);
#1441=ORIENTED_EDGE('',*,*,#1010,.F.);
#1442=ORIENTED_EDGE('',*,*,#1007,.F.);
#1443=ORIENTED_EDGE('',*,*,#923,.F.);
#1444=ORIENTED_EDGE('',*,*,#1011,.T.);
#1445=ORIENTED_EDGE('',*,*,#989,.F.);
#1446=ORIENTED_EDGE('',*,*,#922,.T.);
#1447=ORIENTED_EDGE('',*,*,#997,.T.);
#1448=ORIENTED_EDGE('',*,*,#990,.F.);
#1449=ORIENTED_EDGE('',*,*,#1011,.F.);
#1450=CYLINDRICAL_SURFACE('',#1588,1.5);
#1451=CYLINDRICAL_SURFACE('',#1596,1.5);
#1452=CYLINDRICAL_SURFACE('',#1598,1.5);
#1453=CYLINDRICAL_SURFACE('',#1606,1.5);
#1454=CYLINDRICAL_SURFACE('',#1608,1.5);
#1455=CYLINDRICAL_SURFACE('',#1612,1.5);
#1456=CYLINDRICAL_SURFACE('',#1616,1.5);
#1457=CYLINDRICAL_SURFACE('',#1620,1.5);
#1458=CYLINDRICAL_SURFACE('',#1624,1.5);
#1459=CYLINDRICAL_SURFACE('',#1635,1.5);
#1460=CYLINDRICAL_SURFACE('',#1638,1.5);
#1461=CYLINDRICAL_SURFACE('',#1641,1.5);
#1462=CYLINDRICAL_SURFACE('',#1648,3.5);
#1463=CYLINDRICAL_SURFACE('',#1656,3.5);
#1464=CYLINDRICAL_SURFACE('',#1659,3.5);
#1465=CYLINDRICAL_SURFACE('',#1662,3.5);
#1466=CYLINDRICAL_SURFACE('',#1665,3.);
#1467=CYLINDRICAL_SURFACE('',#1668,3.);
#1468=CYLINDRICAL_SURFACE('',#1686,3.);
#1469=CYLINDRICAL_SURFACE('',#1688,3.);
#1470=CYLINDRICAL_SURFACE('',#1696,1.45);
#1471=CYLINDRICAL_SURFACE('',#1702,4.);
#1472=CYLINDRICAL_SURFACE('',#1705,1.45);
#1473=CYLINDRICAL_SURFACE('',#1711,4.00000000000001);
#1474=CYLINDRICAL_SURFACE('',#1724,1.35);
#1475=CYLINDRICAL_SURFACE('',#1726,3.15);
#1476=CYLINDRICAL_SURFACE('',#1728,1.35);
#1477=CYLINDRICAL_SURFACE('',#1733,1.35);
#1478=CYLINDRICAL_SURFACE('',#1735,3.15);
#1479=CYLINDRICAL_SURFACE('',#1737,1.35);
#1480=CYLINDRICAL_SURFACE('',#1740,5.);
#1481=CYLINDRICAL_SURFACE('',#1742,5.);
#1482=CYLINDRICAL_SURFACE('',#1743,6.3);
#1483=CYLINDRICAL_SURFACE('',#1744,6.3);
#1484=CYLINDRICAL_SURFACE('',#1745,22.5);
#1485=CYLINDRICAL_SURFACE('',#1747,30.);
#1486=ADVANCED_FACE('',(#86),#1450,.T.);
#1487=ADVANCED_FACE('',(#87),#34,.T.);
#1488=ADVANCED_FACE('',(#88,#15),#35,.T.);
#1489=ADVANCED_FACE('',(#89),#1451,.T.);
#1490=ADVANCED_FACE('',(#90),#1452,.T.);
#1491=ADVANCED_FACE('',(#91),#36,.T.);
#1492=ADVANCED_FACE('',(#92,#16),#37,.T.);
#1493=ADVANCED_FACE('',(#93),#1453,.T.);
#1494=ADVANCED_FACE('',(#94),#1454,.T.);
#1495=ADVANCED_FACE('',(#95),#38,.F.);
#1496=ADVANCED_FACE('',(#96),#1455,.T.);
#1497=ADVANCED_FACE('',(#97),#39,.F.);
#1498=ADVANCED_FACE('',(#98),#1456,.T.);
#1499=ADVANCED_FACE('',(#99),#40,.F.);
#1500=ADVANCED_FACE('',(#100),#1457,.T.);
#1501=ADVANCED_FACE('',(#101),#41,.F.);
#1502=ADVANCED_FACE('',(#102),#1458,.T.);
#1503=ADVANCED_FACE('',(#103),#42,.T.);
#1504=ADVANCED_FACE('',(#104,#17),#43,.T.);
#1505=ADVANCED_FACE('',(#105),#1459,.T.);
#1506=ADVANCED_FACE('',(#106),#44,.T.);
#1507=ADVANCED_FACE('',(#107),#1460,.T.);
#1508=ADVANCED_FACE('',(#108),#45,.T.);
#1509=ADVANCED_FACE('',(#109),#1461,.T.);
#1510=ADVANCED_FACE('',(#110),#46,.T.);
#1511=ADVANCED_FACE('',(#111),#47,.T.);
#1512=ADVANCED_FACE('',(#112),#48,.T.);
#1513=ADVANCED_FACE('',(#113),#49,.T.);
#1514=ADVANCED_FACE('',(#114),#50,.T.);
#1515=ADVANCED_FACE('',(#115),#1462,.T.);
#1516=ADVANCED_FACE('',(#116),#51,.T.);
#1517=ADVANCED_FACE('',(#117),#52,.T.);
#1518=ADVANCED_FACE('',(#118),#1463,.T.);
#1519=ADVANCED_FACE('',(#119),#53,.T.);
#1520=ADVANCED_FACE('',(#120),#1464,.T.);
#1521=ADVANCED_FACE('',(#121),#54,.T.);
#1522=ADVANCED_FACE('',(#122),#1465,.T.);
#1523=ADVANCED_FACE('',(#123),#55,.F.);
#1524=ADVANCED_FACE('',(#124),#1466,.T.);
#1525=ADVANCED_FACE('',(#125),#1467,.T.);
#1526=ADVANCED_FACE('',(#126,#18,#19,#20,#21,#22,#23,#24,#25,#26,#27),#56,
 .F.);
#1527=ADVANCED_FACE('',(#127),#57,.F.);
#1528=ADVANCED_FACE('',(#128),#58,.T.);
#1529=ADVANCED_FACE('',(#129),#1468,.T.);
#1530=ADVANCED_FACE('',(#130),#59,.T.);
#1531=ADVANCED_FACE('',(#131),#1469,.T.);
#1532=ADVANCED_FACE('',(#132),#60,.T.);
#1533=ADVANCED_FACE('',(#133),#61,.T.);
#1534=ADVANCED_FACE('',(#134),#62,.T.);
#1535=ADVANCED_FACE('',(#135),#63,.T.);
#1536=ADVANCED_FACE('',(#136),#64,.T.);
#1537=ADVANCED_FACE('',(#137),#65,.T.);
#1538=ADVANCED_FACE('',(#138),#66,.T.);
#1539=ADVANCED_FACE('',(#139),#1470,.F.);
#1540=ADVANCED_FACE('',(#140),#67,.T.);
#1541=ADVANCED_FACE('',(#141),#68,.T.);
#1542=ADVANCED_FACE('',(#142),#69,.T.);
#1543=ADVANCED_FACE('',(#143),#1471,.T.);
#1544=ADVANCED_FACE('',(#144,#28),#70,.T.);
#1545=ADVANCED_FACE('',(#145),#1472,.F.);
#1546=ADVANCED_FACE('',(#146),#71,.T.);
#1547=ADVANCED_FACE('',(#147),#72,.T.);
#1548=ADVANCED_FACE('',(#148),#73,.T.);
#1549=ADVANCED_FACE('',(#149),#1473,.T.);
#1550=ADVANCED_FACE('',(#150,#29),#74,.T.);
#1551=ADVANCED_FACE('',(#151),#75,.F.);
#1552=ADVANCED_FACE('',(#152),#76,.T.);
#1553=ADVANCED_FACE('',(#153,#30,#31,#32),#77,.T.);
#1554=ADVANCED_FACE('',(#154),#78,.T.);
#1555=ADVANCED_FACE('',(#155),#1474,.F.);
#1556=ADVANCED_FACE('',(#156),#1475,.T.);
#1557=ADVANCED_FACE('',(#157),#79,.F.);
#1558=ADVANCED_FACE('',(#158),#1476,.F.);
#1559=ADVANCED_FACE('',(#159,#33),#80,.T.);
#1560=ADVANCED_FACE('',(#160),#81,.F.);
#1561=ADVANCED_FACE('',(#161),#1477,.F.);
#1562=ADVANCED_FACE('',(#162),#1478,.T.);
#1563=ADVANCED_FACE('',(#163),#82,.F.);
#1564=ADVANCED_FACE('',(#164),#1479,.F.);
#1565=ADVANCED_FACE('',(#165),#83,.F.);
#1566=ADVANCED_FACE('',(#166),#1480,.T.);
#1567=ADVANCED_FACE('',(#167),#84,.F.);
#1568=ADVANCED_FACE('',(#168),#1481,.T.);
#1569=ADVANCED_FACE('',(#169),#1482,.F.);
#1570=ADVANCED_FACE('',(#170),#1483,.F.);
#1571=ADVANCED_FACE('',(#171),#1484,.F.);
#1572=ADVANCED_FACE('',(#172),#85,.T.);
#1573=ADVANCED_FACE('',(#173),#1485,.T.);
#1574=CLOSED_SHELL('',(#1486,#1487,#1488,#1489,#1490,#1491,#1492,#1493,
#1494,#1495,#1496,#1497,#1498,#1499,#1500,#1501,#1502,#1503,#1504,#1505,
#1506,#1507,#1508,#1509,#1510,#1511,#1512,#1513,#1514,#1515,#1516,#1517,
#1518,#1519,#1520,#1521,#1522,#1523,#1524,#1525,#1526,#1527,#1528,#1529,
#1530,#1531,#1532,#1533,#1534,#1535,#1536,#1537,#1538,#1539,#1540,#1541,
#1542,#1543,#1544,#1545,#1546,#1547,#1548,#1549,#1550,#1551,#1552,#1553,
#1554,#1555,#1556,#1557,#1558,#1559,#1560,#1561,#1562,#1563,#1564,#1565,
#1566,#1567,#1568,#1569,#1570,#1571,#1572,#1573));
#1575=DERIVED_UNIT_ELEMENT(#1577,1.);
#1576=DERIVED_UNIT_ELEMENT(#2676,-3.);
#1577=(
MASS_UNIT()
NAMED_UNIT(*)
SI_UNIT(.KILO.,.GRAM.)
);
#1578=DERIVED_UNIT((#1575,#1576));
#1579=MEASURE_REPRESENTATION_ITEM('density measure',
POSITIVE_RATIO_MEASURE(7850.),#1578);
#1580=PROPERTY_DEFINITION_REPRESENTATION(#1585,#1582);
#1581=PROPERTY_DEFINITION_REPRESENTATION(#1586,#1583);
#1582=REPRESENTATION('material name',(#1584),#2673);
#1583=REPRESENTATION('density',(#1579),#2673);
#1584=DESCRIPTIVE_REPRESENTATION_ITEM('Steel','Steel');
#1585=PROPERTY_DEFINITION('material property','material name',#2683);
#1586=PROPERTY_DEFINITION('material property','density of part',#2683);
#1587=AXIS2_PLACEMENT_3D('',#2217,#1748,#1749);
#1588=AXIS2_PLACEMENT_3D('',#2218,#1750,#1751);
#1589=AXIS2_PLACEMENT_3D('',#2221,#1752,#1753);
#1590=AXIS2_PLACEMENT_3D('',#2225,#1755,#1756);
#1591=AXIS2_PLACEMENT_3D('',#2227,#1758,#1759);
#1592=AXIS2_PLACEMENT_3D('',#2233,#1763,#1764);
#1593=AXIS2_PLACEMENT_3D('',#2237,#1766,#1767);
#1594=AXIS2_PLACEMENT_3D('',#2240,#1769,#1770);
#1595=AXIS2_PLACEMENT_3D('',#2242,#1771,#1772);
#1596=AXIS2_PLACEMENT_3D('',#2243,#1773,#1774);
#1597=AXIS2_PLACEMENT_3D('',#2246,#1776,#1777);
#1598=AXIS2_PLACEMENT_3D('',#2247,#1778,#1779);
#1599=AXIS2_PLACEMENT_3D('',#2250,#1780,#1781);
#1600=AXIS2_PLACEMENT_3D('',#2254,#1783,#1784);
#1601=AXIS2_PLACEMENT_3D('',#2256,#1786,#1787);
#1602=AXIS2_PLACEMENT_3D('',#2262,#1791,#1792);
#1603=AXIS2_PLACEMENT_3D('',#2266,#1794,#1795);
#1604=AXIS2_PLACEMENT_3D('',#2269,#1797,#1798);
#1605=AXIS2_PLACEMENT_3D('',#2271,#1799,#1800);
#1606=AXIS2_PLACEMENT_3D('',#2272,#1801,#1802);
#1607=AXIS2_PLACEMENT_3D('',#2275,#1804,#1805);
#1608=AXIS2_PLACEMENT_3D('',#2276,#1806,#1807);
#1609=AXIS2_PLACEMENT_3D('',#2279,#1808,#1809);
#1610=AXIS2_PLACEMENT_3D('',#2283,#1811,#1812);
#1611=AXIS2_PLACEMENT_3D('',#2285,#1814,#1815);
#1612=AXIS2_PLACEMENT_3D('',#2291,#1819,#1820);
#1613=AXIS2_PLACEMENT_3D('',#2294,#1821,#1822);
#1614=AXIS2_PLACEMENT_3D('',#2298,#1824,#1825);
#1615=AXIS2_PLACEMENT_3D('',#2300,#1827,#1828);
#1616=AXIS2_PLACEMENT_3D('',#2303,#1831,#1832);
#1617=AXIS2_PLACEMENT_3D('',#2306,#1833,#1834);
#1618=AXIS2_PLACEMENT_3D('',#2310,#1836,#1837);
#1619=AXIS2_PLACEMENT_3D('',#2312,#1839,#1840);
#1620=AXIS2_PLACEMENT_3D('',#2318,#1844,#1845);
#1621=AXIS2_PLACEMENT_3D('',#2320,#1846,#1847);
#1622=AXIS2_PLACEMENT_3D('',#2322,#1848,#1849);
#1623=AXIS2_PLACEMENT_3D('',#2324,#1851,#1852);
#1624=AXIS2_PLACEMENT_3D('',#2330,#1856,#1857);
#1625=AXIS2_PLACEMENT_3D('',#2333,#1858,#1859);
#1626=AXIS2_PLACEMENT_3D('',#2337,#1861,#1862);
#1627=AXIS2_PLACEMENT_3D('',#2339,#1864,#1865);
#1628=AXIS2_PLACEMENT_3D('',#2345,#1869,#1870);
#1629=AXIS2_PLACEMENT_3D('',#2349,#1872,#1873);
#1630=AXIS2_PLACEMENT_3D('',#2353,#1875,#1876);
#1631=AXIS2_PLACEMENT_3D('',#2357,#1878,#1879);
#1632=AXIS2_PLACEMENT_3D('',#2361,#1881,#1882);
#1633=AXIS2_PLACEMENT_3D('',#2364,#1884,#1885);
#1634=AXIS2_PLACEMENT_3D('',#2366,#1886,#1887);
#1635=AXIS2_PLACEMENT_3D('',#2367,#1888,#1889);
#1636=AXIS2_PLACEMENT_3D('',#2370,#1891,#1892);
#1637=AXIS2_PLACEMENT_3D('',#2371,#1893,#1894);
#1638=AXIS2_PLACEMENT_3D('',#2375,#1897,#1898);
#1639=AXIS2_PLACEMENT_3D('',#2379,#1900,#1901);
#1640=AXIS2_PLACEMENT_3D('',#2381,#1903,#1904);
#1641=AXIS2_PLACEMENT_3D('',#2385,#1907,#1908);
#1642=AXIS2_PLACEMENT_3D('',#2389,#1910,#1911);
#1643=AXIS2_PLACEMENT_3D('',#2391,#1913,#1914);
#1644=AXIS2_PLACEMENT_3D('',#2395,#1917,#1918);
#1645=AXIS2_PLACEMENT_3D('',#2399,#1921,#1922);
#1646=AXIS2_PLACEMENT_3D('',#2403,#1925,#1926);
#1647=AXIS2_PLACEMENT_3D('',#2407,#1929,#1930);
#1648=AXIS2_PLACEMENT_3D('',#2411,#1933,#1934);
#1649=AXIS2_PLACEMENT_3D('',#2414,#1935,#1936);
#1650=AXIS2_PLACEMENT_3D('',#2418,#1938,#1939);
#1651=AXIS2_PLACEMENT_3D('',#2420,#1941,#1942);
#1652=AXIS2_PLACEMENT_3D('',#2426,#1946,#1947);
#1653=AXIS2_PLACEMENT_3D('',#2430,#1949,#1950);
#1654=AXIS2_PLACEMENT_3D('',#2434,#1952,#1953);
#1655=AXIS2_PLACEMENT_3D('',#2437,#1955,#1956);
#1656=AXIS2_PLACEMENT_3D('',#2438,#1957,#1958);
#1657=AXIS2_PLACEMENT_3D('',#2441,#1960,#1961);
#1658=AXIS2_PLACEMENT_3D('',#2442,#1962,#1963);
#1659=AXIS2_PLACEMENT_3D('',#2446,#1966,#1967);
#1660=AXIS2_PLACEMENT_3D('',#2450,#1969,#1970);
#1661=AXIS2_PLACEMENT_3D('',#2452,#1972,#1973);
#1662=AXIS2_PLACEMENT_3D('',#2454,#1975,#1976);
#1663=AXIS2_PLACEMENT_3D('',#2457,#1978,#1979);
#1664=AXIS2_PLACEMENT_3D('',#2458,#1980,#1981);
#1665=AXIS2_PLACEMENT_3D('',#2464,#1985,#1986);
#1666=AXIS2_PLACEMENT_3D('',#2465,#1987,#1988);
#1667=AXIS2_PLACEMENT_3D('',#2466,#1989,#1990);
#1668=AXIS2_PLACEMENT_3D('',#2467,#1991,#1992);
#1669=AXIS2_PLACEMENT_3D('',#2469,#1993,#1994);
#1670=AXIS2_PLACEMENT_3D('',#2472,#1996,#1997);
#1671=AXIS2_PLACEMENT_3D('',#2473,#1998,#1999);
#1672=AXIS2_PLACEMENT_3D('',#2480,#2002,#2003);
#1673=AXIS2_PLACEMENT_3D('',#2484,#2005,#2006);
#1674=AXIS2_PLACEMENT_3D('',#2488,#2008,#2009);
#1675=AXIS2_PLACEMENT_3D('',#2494,#2013,#2014);
#1676=AXIS2_PLACEMENT_3D('',#2495,#2015,#2016);
#1677=AXIS2_PLACEMENT_3D('',#2503,#2020,#2021);
#1678=AXIS2_PLACEMENT_3D('',#2505,#2022,#2023);
#1679=AXIS2_PLACEMENT_3D('',#2507,#2024,#2025);
#1680=AXIS2_PLACEMENT_3D('',#2509,#2026,#2027);
#1681=AXIS2_PLACEMENT_3D('',#2512,#2029,#2030);
#1682=AXIS2_PLACEMENT_3D('',#2514,#2032,#2033);
#1683=AXIS2_PLACEMENT_3D('',#2522,#2037,#2038);
#1684=AXIS2_PLACEMENT_3D('',#2525,#2041,#2042);
#1685=AXIS2_PLACEMENT_3D('',#2527,#2044,#2045);
#1686=AXIS2_PLACEMENT_3D('',#2528,#2046,#2047);
#1687=AXIS2_PLACEMENT_3D('',#2530,#2049,#2050);
#1688=AXIS2_PLACEMENT_3D('',#2531,#2051,#2052);
#1689=AXIS2_PLACEMENT_3D('',#2532,#2053,#2054);
#1690=AXIS2_PLACEMENT_3D('',#2533,#2055,#2056);
#1691=AXIS2_PLACEMENT_3D('',#2539,#2060,#2061);
#1692=AXIS2_PLACEMENT_3D('',#2545,#2065,#2066);
#1693=AXIS2_PLACEMENT_3D('',#2553,#2071,#2072);
#1694=AXIS2_PLACEMENT_3D('',#2559,#2076,#2077);
#1695=AXIS2_PLACEMENT_3D('',#2562,#2080,#2081);
#1696=AXIS2_PLACEMENT_3D('',#2563,#2082,#2083);
#1697=AXIS2_PLACEMENT_3D('',#2565,#2084,#2085);
#1698=AXIS2_PLACEMENT_3D('',#2568,#2087,#2088);
#1699=AXIS2_PLACEMENT_3D('',#2569,#2089,#2090);
#1700=AXIS2_PLACEMENT_3D('',#2575,#2094,#2095);
#1701=AXIS2_PLACEMENT_3D('',#2579,#2098,#2099);
#1702=AXIS2_PLACEMENT_3D('',#2583,#2102,#2103);
#1703=AXIS2_PLACEMENT_3D('',#2584,#2104,#2105);
#1704=AXIS2_PLACEMENT_3D('',#2585,#2106,#2107);
#1705=AXIS2_PLACEMENT_3D('',#2586,#2108,#2109);
#1706=AXIS2_PLACEMENT_3D('',#2588,#2110,#2111);
#1707=AXIS2_PLACEMENT_3D('',#2591,#2113,#2114);
#1708=AXIS2_PLACEMENT_3D('',#2592,#2115,#2116);
#1709=AXIS2_PLACEMENT_3D('',#2598,#2120,#2121);
#1710=AXIS2_PLACEMENT_3D('',#2602,#2124,#2125);
#1711=AXIS2_PLACEMENT_3D('',#2606,#2128,#2129);
#1712=AXIS2_PLACEMENT_3D('',#2607,#2130,#2131);
#1713=AXIS2_PLACEMENT_3D('',#2608,#2132,#2133);
#1714=AXIS2_PLACEMENT_3D('',#2609,#2134,#2135);
#1715=AXIS2_PLACEMENT_3D('',#2610,#2136,#2137);
#1716=AXIS2_PLACEMENT_3D('',#2614,#2140,#2141);
#1717=AXIS2_PLACEMENT_3D('',#2616,#2142,#2143);
#1718=AXIS2_PLACEMENT_3D('',#2620,#2145,#2146);
#1719=AXIS2_PLACEMENT_3D('',#2623,#2148,#2149);
#1720=AXIS2_PLACEMENT_3D('',#2625,#2150,#2151);
#1721=AXIS2_PLACEMENT_3D('',#2627,#2152,#2153);
#1722=AXIS2_PLACEMENT_3D('',#2629,#2154,#2155);
#1723=AXIS2_PLACEMENT_3D('',#2630,#2156,#2157);
#1724=AXIS2_PLACEMENT_3D('',#2633,#2160,#2161);
#1725=AXIS2_PLACEMENT_3D('',#2636,#2163,#2164);
#1726=AXIS2_PLACEMENT_3D('',#2637,#2165,#2166);
#1727=AXIS2_PLACEMENT_3D('',#2638,#2167,#2168);
#1728=AXIS2_PLACEMENT_3D('',#2639,#2169,#2170);
#1729=AXIS2_PLACEMENT_3D('',#2641,#2171,#2172);
#1730=AXIS2_PLACEMENT_3D('',#2644,#2174,#2175);
#1731=AXIS2_PLACEMENT_3D('',#2645,#2176,#2177);
#1732=AXIS2_PLACEMENT_3D('',#2646,#2178,#2179);
#1733=AXIS2_PLACEMENT_3D('',#2647,#2180,#2181);
#1734=AXIS2_PLACEMENT_3D('',#2650,#2183,#2184);
#1735=AXIS2_PLACEMENT_3D('',#2651,#2185,#2186);
#1736=AXIS2_PLACEMENT_3D('',#2652,#2187,#2188);
#1737=AXIS2_PLACEMENT_3D('',#2653,#2189,#2190);
#1738=AXIS2_PLACEMENT_3D('',#2656,#2192,#2193);
#1739=AXIS2_PLACEMENT_3D('',#2657,#2194,#2195);
#1740=AXIS2_PLACEMENT_3D('',#2658,#2196,#2197);
#1741=AXIS2_PLACEMENT_3D('',#2659,#2198,#2199);
#1742=AXIS2_PLACEMENT_3D('',#2660,#2200,#2201);
#1743=AXIS2_PLACEMENT_3D('',#2662,#2203,#2204);
#1744=AXIS2_PLACEMENT_3D('',#2664,#2206,#2207);
#1745=AXIS2_PLACEMENT_3D('',#2666,#2209,#2210);
#1746=AXIS2_PLACEMENT_3D('',#2668,#2212,#2213);
#1747=AXIS2_PLACEMENT_3D('',#2670,#2215,#2216);
#1748=DIRECTION('axis',(0.,0.,1.));
#1749=DIRECTION('refdir',(1.,0.,0.));
#1750=DIRECTION('center_axis',(0.,-1.,0.));
#1751=DIRECTION('ref_axis',(0.707106781186552,0.,-0.707106781186543));
#1752=DIRECTION('center_axis',(0.,1.,0.));
#1753=DIRECTION('ref_axis',(0.707106781186552,0.,-0.707106781186543));
#1754=DIRECTION('',(0.,1.,0.));
#1755=DIRECTION('center_axis',(0.,1.,0.));
#1756=DIRECTION('ref_axis',(0.707106781186552,0.,-0.707106781186543));
#1757=DIRECTION('',(0.,-1.,0.));
#1758=DIRECTION('center_axis',(0.,0.,-1.));
#1759=DIRECTION('ref_axis',(1.,0.,0.));
#1760=DIRECTION('',(-1.,0.,0.));
#1761=DIRECTION('',(0.,-1.,0.));
#1762=DIRECTION('',(-1.,0.,0.));
#1763=DIRECTION('center_axis',(0.,-1.,0.));
#1764=DIRECTION('ref_axis',(1.,0.,0.));
#1765=DIRECTION('',(0.,0.,-1.));
#1766=DIRECTION('center_axis',(0.,-1.,0.));
#1767=DIRECTION('ref_axis',(1.,0.,0.));
#1768=DIRECTION('',(0.,0.,1.));
#1769=DIRECTION('center_axis',(0.,1.,0.));
#1770=DIRECTION('ref_axis',(-0.707106781186543,0.,-0.707106781186552));
#1771=DIRECTION('center_axis',(0.,1.,0.));
#1772=DIRECTION('ref_axis',(1.,0.,0.));
#1773=DIRECTION('center_axis',(0.,-1.,0.));
#1774=DIRECTION('ref_axis',(-0.707106781186543,0.,-0.707106781186552));
#1775=DIRECTION('',(0.,1.,0.));
#1776=DIRECTION('center_axis',(0.,1.,0.));
#1777=DIRECTION('ref_axis',(-0.707106781186543,0.,-0.707106781186552));
#1778=DIRECTION('center_axis',(0.,-1.,0.));
#1779=DIRECTION('ref_axis',(0.70710678118655,0.,-0.707106781186545));
#1780=DIRECTION('center_axis',(0.,1.,0.));
#1781=DIRECTION('ref_axis',(0.70710678118655,0.,-0.707106781186545));
#1782=DIRECTION('',(0.,1.,0.));
#1783=DIRECTION('center_axis',(0.,1.,0.));
#1784=DIRECTION('ref_axis',(0.70710678118655,0.,-0.707106781186545));
#1785=DIRECTION('',(0.,-1.,0.));
#1786=DIRECTION('center_axis',(0.,0.,-1.));
#1787=DIRECTION('ref_axis',(1.,0.,0.));
#1788=DIRECTION('',(-1.,0.,0.));
#1789=DIRECTION('',(0.,-1.,0.));
#1790=DIRECTION('',(-1.,0.,0.));
#1791=DIRECTION('center_axis',(0.,-1.,0.));
#1792=DIRECTION('ref_axis',(1.,0.,0.));
#1793=DIRECTION('',(0.,0.,-1.));
#1794=DIRECTION('center_axis',(0.,-1.,0.));
#1795=DIRECTION('ref_axis',(1.,0.,0.));
#1796=DIRECTION('',(0.,0.,1.));
#1797=DIRECTION('center_axis',(0.,1.,0.));
#1798=DIRECTION('ref_axis',(-0.707106781186543,0.,-0.707106781186552));
#1799=DIRECTION('center_axis',(0.,1.,0.));
#1800=DIRECTION('ref_axis',(1.,0.,0.));
#1801=DIRECTION('center_axis',(0.,-1.,0.));
#1802=DIRECTION('ref_axis',(-0.707106781186543,0.,-0.707106781186552));
#1803=DIRECTION('',(0.,1.,0.));
#1804=DIRECTION('center_axis',(0.,1.,0.));
#1805=DIRECTION('ref_axis',(-0.707106781186543,0.,-0.707106781186552));
#1806=DIRECTION('center_axis',(0.,-1.,0.));
#1807=DIRECTION('ref_axis',(0.707106781186547,0.,-0.707106781186548));
#1808=DIRECTION('center_axis',(0.,1.,0.));
#1809=DIRECTION('ref_axis',(0.707106781186547,0.,-0.707106781186548));
#1810=DIRECTION('',(0.,1.,0.));
#1811=DIRECTION('center_axis',(0.,1.,0.));
#1812=DIRECTION('ref_axis',(0.707106781186547,0.,-0.707106781186548));
#1813=DIRECTION('',(0.,-1.,0.));
#1814=DIRECTION('center_axis',(-1.,0.,-2.22044604925031E-16));
#1815=DIRECTION('ref_axis',(2.22044604925031E-16,0.,-1.));
#1816=DIRECTION('',(2.22044604925031E-16,0.,-1.));
#1817=DIRECTION('',(0.,1.,0.));
#1818=DIRECTION('',(2.22044604925031E-16,0.,-1.));
#1819=DIRECTION('center_axis',(0.,-1.,0.));
#1820=DIRECTION('ref_axis',(-0.707106781186549,0.,-0.707106781186546));
#1821=DIRECTION('center_axis',(0.,1.,0.));
#1822=DIRECTION('ref_axis',(-0.707106781186549,0.,-0.707106781186546));
#1823=DIRECTION('',(0.,1.,0.));
#1824=DIRECTION('center_axis',(0.,1.,0.));
#1825=DIRECTION('ref_axis',(-0.707106781186549,0.,-0.707106781186546));
#1826=DIRECTION('',(0.,-1.,0.));
#1827=DIRECTION('center_axis',(0.,0.,1.));
#1828=DIRECTION('ref_axis',(-1.,0.,0.));
#1829=DIRECTION('',(-1.,0.,0.));
#1830=DIRECTION('',(-1.,0.,0.));
#1831=DIRECTION('center_axis',(0.,-1.,0.));
#1832=DIRECTION('ref_axis',(0.707106781186548,0.,0.707106781186548));
#1833=DIRECTION('center_axis',(0.,1.,0.));
#1834=DIRECTION('ref_axis',(0.707106781186548,0.,0.707106781186548));
#1835=DIRECTION('',(0.,1.,0.));
#1836=DIRECTION('center_axis',(0.,1.,0.));
#1837=DIRECTION('ref_axis',(0.707106781186548,0.,0.707106781186548));
#1838=DIRECTION('',(0.,-1.,0.));
#1839=DIRECTION('center_axis',(0.,0.,-1.));
#1840=DIRECTION('ref_axis',(1.,0.,0.));
#1841=DIRECTION('',(1.,0.,0.));
#1842=DIRECTION('',(0.,1.,0.));
#1843=DIRECTION('',(1.,0.,0.));
#1844=DIRECTION('center_axis',(0.,-1.,0.));
#1845=DIRECTION('ref_axis',(-0.707106781186548,0.,0.707106781186548));
#1846=DIRECTION('center_axis',(0.,1.,0.));
#1847=DIRECTION('ref_axis',(-0.707106781186548,0.,0.707106781186548));
#1848=DIRECTION('center_axis',(0.,1.,0.));
#1849=DIRECTION('ref_axis',(-0.707106781186548,0.,0.707106781186548));
#1850=DIRECTION('',(0.,-1.,0.));
#1851=DIRECTION('center_axis',(1.,0.,0.));
#1852=DIRECTION('ref_axis',(0.,0.,1.));
#1853=DIRECTION('',(0.,0.,1.));
#1854=DIRECTION('',(0.,1.,0.));
#1855=DIRECTION('',(0.,0.,1.));
#1856=DIRECTION('center_axis',(0.,-1.,0.));
#1857=DIRECTION('ref_axis',(0.707106781186549,0.,-0.707106781186546));
#1858=DIRECTION('center_axis',(0.,1.,0.));
#1859=DIRECTION('ref_axis',(0.707106781186549,0.,-0.707106781186546));
#1860=DIRECTION('',(0.,1.,0.));
#1861=DIRECTION('center_axis',(0.,1.,0.));
#1862=DIRECTION('ref_axis',(0.707106781186549,0.,-0.707106781186546));
#1863=DIRECTION('',(0.,-1.,0.));
#1864=DIRECTION('center_axis',(0.,0.,-1.));
#1865=DIRECTION('ref_axis',(1.,0.,0.));
#1866=DIRECTION('',(1.,0.,0.));
#1867=DIRECTION('',(0.,-1.,0.));
#1868=DIRECTION('',(-1.,0.,0.));
#1869=DIRECTION('center_axis',(0.,-1.,0.));
#1870=DIRECTION('ref_axis',(1.,0.,0.));
#1871=DIRECTION('',(0.,0.,1.));
#1872=DIRECTION('center_axis',(0.,-1.,0.));
#1873=DIRECTION('ref_axis',(1.,0.,0.));
#1874=DIRECTION('',(0.,0.,1.));
#1875=DIRECTION('center_axis',(0.,1.,0.));
#1876=DIRECTION('ref_axis',(0.707106781186548,0.,0.707106781186548));
#1877=DIRECTION('',(-1.,0.,0.));
#1878=DIRECTION('center_axis',(0.,1.,0.));
#1879=DIRECTION('ref_axis',(-0.707106781186548,0.,0.707106781186548));
#1880=DIRECTION('',(-2.22044604925031E-16,0.,-1.));
#1881=DIRECTION('center_axis',(0.,-1.,0.));
#1882=DIRECTION('ref_axis',(1.,0.,0.));
#1883=DIRECTION('',(-2.22044604925031E-16,0.,-1.));
#1884=DIRECTION('center_axis',(0.,1.,0.));
#1885=DIRECTION('ref_axis',(-0.707106781186547,0.,-0.707106781186548));
#1886=DIRECTION('center_axis',(0.,1.,0.));
#1887=DIRECTION('ref_axis',(1.,0.,0.));
#1888=DIRECTION('center_axis',(0.,-1.,0.));
#1889=DIRECTION('ref_axis',(-0.707106781186547,0.,-0.707106781186548));
#1890=DIRECTION('',(0.,1.,0.));
#1891=DIRECTION('center_axis',(0.,1.,0.));
#1892=DIRECTION('ref_axis',(-0.707106781186547,0.,-0.707106781186548));
#1893=DIRECTION('center_axis',(-1.,0.,2.22044604925031E-16));
#1894=DIRECTION('ref_axis',(-2.22044604925031E-16,0.,-1.));
#1895=DIRECTION('',(0.,-1.,0.));
#1896=DIRECTION('',(2.22044604925031E-16,0.,1.));
#1897=DIRECTION('center_axis',(0.,-1.,0.));
#1898=DIRECTION('ref_axis',(0.707106781186548,0.,0.707106781186548));
#1899=DIRECTION('',(0.,1.,0.));
#1900=DIRECTION('center_axis',(0.,1.,0.));
#1901=DIRECTION('ref_axis',(0.707106781186548,0.,0.707106781186548));
#1902=DIRECTION('',(0.,-1.,0.));
#1903=DIRECTION('center_axis',(1.,0.,0.));
#1904=DIRECTION('ref_axis',(0.,0.,1.));
#1905=DIRECTION('',(0.,-1.,0.));
#1906=DIRECTION('',(0.,0.,-1.));
#1907=DIRECTION('center_axis',(0.,-1.,0.));
#1908=DIRECTION('ref_axis',(-0.707106781186548,0.,0.707106781186548));
#1909=DIRECTION('',(0.,1.,0.));
#1910=DIRECTION('center_axis',(0.,1.,0.));
#1911=DIRECTION('ref_axis',(-0.707106781186548,0.,0.707106781186548));
#1912=DIRECTION('',(0.,-1.,0.));
#1913=DIRECTION('center_axis',(-1.,0.,2.22044604925031E-16));
#1914=DIRECTION('ref_axis',(-2.22044604925031E-16,0.,-1.));
#1915=DIRECTION('',(2.22044604925031E-16,0.,1.));
#1916=DIRECTION('',(0.,1.,0.));
#1917=DIRECTION('center_axis',(1.,0.,0.));
#1918=DIRECTION('ref_axis',(0.,0.,1.));
#1919=DIRECTION('',(0.,0.,-1.));
#1920=DIRECTION('',(0.,1.,0.));
#1921=DIRECTION('center_axis',(-1.,0.,0.));
#1922=DIRECTION('ref_axis',(0.,0.,-1.));
#1923=DIRECTION('',(0.,-1.,0.));
#1924=DIRECTION('',(0.,0.,1.));
#1925=DIRECTION('center_axis',(1.,0.,0.));
#1926=DIRECTION('ref_axis',(0.,0.,1.));
#1927=DIRECTION('',(0.,0.,-1.));
#1928=DIRECTION('',(0.,1.,0.));
#1929=DIRECTION('center_axis',(-1.,0.,0.));
#1930=DIRECTION('ref_axis',(0.,0.,-1.));
#1931=DIRECTION('',(0.,-1.,0.));
#1932=DIRECTION('',(0.,0.,1.));
#1933=DIRECTION('center_axis',(0.,-1.,0.));
#1934=DIRECTION('ref_axis',(0.707106781186548,0.,-0.707106781186547));
#1935=DIRECTION('center_axis',(0.,1.,0.));
#1936=DIRECTION('ref_axis',(0.707106781186548,0.,-0.707106781186547));
#1937=DIRECTION('',(0.,1.,0.));
#1938=DIRECTION('center_axis',(0.,1.,0.));
#1939=DIRECTION('ref_axis',(0.707106781186548,0.,-0.707106781186547));
#1940=DIRECTION('',(0.,-1.,0.));
#1941=DIRECTION('center_axis',(0.,0.,-1.));
#1942=DIRECTION('ref_axis',(1.,0.,0.));
#1943=DIRECTION('',(-1.,0.,0.));
#1944=DIRECTION('',(0.,-1.,0.));
#1945=DIRECTION('',(-1.,0.,0.));
#1946=DIRECTION('center_axis',(0.,-1.,0.));
#1947=DIRECTION('ref_axis',(0.,0.,-1.));
#1948=DIRECTION('',(-8.32667268468867E-17,0.,-1.));
#1949=DIRECTION('center_axis',(0.,1.,0.));
#1950=DIRECTION('ref_axis',(0.707106781186548,0.,0.707106781186547));
#1951=DIRECTION('',(1.,0.,0.));
#1952=DIRECTION('center_axis',(0.,1.,0.));
#1953=DIRECTION('ref_axis',(-0.707106781186548,0.,0.707106781186547));
#1954=DIRECTION('',(-8.32667268468867E-17,0.,1.));
#1955=DIRECTION('center_axis',(0.,1.,0.));
#1956=DIRECTION('ref_axis',(-0.707106781186548,0.,-0.707106781186547));
#1957=DIRECTION('center_axis',(0.,-1.,0.));
#1958=DIRECTION('ref_axis',(-0.707106781186548,0.,-0.707106781186547));
#1959=DIRECTION('',(0.,1.,0.));
#1960=DIRECTION('center_axis',(0.,1.,0.));
#1961=DIRECTION('ref_axis',(-0.707106781186548,0.,-0.707106781186547));
#1962=DIRECTION('center_axis',(-1.,0.,-8.32667268468867E-17));
#1963=DIRECTION('ref_axis',(8.32667268468867E-17,0.,-1.));
#1964=DIRECTION('',(0.,-1.,0.));
#1965=DIRECTION('',(-8.32667268468867E-17,0.,1.));
#1966=DIRECTION('center_axis',(0.,-1.,0.));
#1967=DIRECTION('ref_axis',(0.707106781186548,0.,0.707106781186547));
#1968=DIRECTION('',(0.,1.,0.));
#1969=DIRECTION('center_axis',(0.,1.,0.));
#1970=DIRECTION('ref_axis',(0.707106781186548,0.,0.707106781186547));
#1971=DIRECTION('',(0.,-1.,0.));
#1972=DIRECTION('center_axis',(1.,0.,-8.32667268468867E-17));
#1973=DIRECTION('ref_axis',(8.32667268468867E-17,0.,1.));
#1974=DIRECTION('',(-8.32667268468867E-17,0.,-1.));
#1975=DIRECTION('center_axis',(0.,-1.,0.));
#1976=DIRECTION('ref_axis',(-0.707106781186548,0.,0.707106781186547));
#1977=DIRECTION('',(0.,1.,0.));
#1978=DIRECTION('center_axis',(0.,1.,0.));
#1979=DIRECTION('ref_axis',(-0.707106781186548,0.,0.707106781186547));
#1980=DIRECTION('center_axis',(-1.,0.,-2.22044604925031E-16));
#1981=DIRECTION('ref_axis',(2.22044604925031E-16,0.,-1.));
#1982=DIRECTION('',(2.22044604925031E-16,0.,-1.));
#1983=DIRECTION('',(0.,-1.,0.));
#1984=DIRECTION('',(2.22044604925031E-16,0.,-1.));
#1985=DIRECTION('center_axis',(0.,-1.,0.));
#1986=DIRECTION('ref_axis',(1.,0.,0.));
#1987=DIRECTION('center_axis',(0.,-1.,0.));
#1988=DIRECTION('ref_axis',(1.,0.,0.));
#1989=DIRECTION('center_axis',(0.,1.,0.));
#1990=DIRECTION('ref_axis',(1.,0.,0.));
#1991=DIRECTION('center_axis',(0.,-1.,0.));
#1992=DIRECTION('ref_axis',(-1.,0.,1.22464679914735E-16));
#1993=DIRECTION('center_axis',(0.,1.,0.));
#1994=DIRECTION('ref_axis',(1.,0.,0.));
#1995=DIRECTION('',(0.,-1.,0.));
#1996=DIRECTION('center_axis',(0.,-1.,0.));
#1997=DIRECTION('ref_axis',(1.,0.,0.));
#1998=DIRECTION('center_axis',(0.,1.,0.));
#1999=DIRECTION('ref_axis',(1.,0.,0.));
#2000=DIRECTION('',(0.,0.,1.));
#2001=DIRECTION('',(-1.,0.,0.));
#2002=DIRECTION('center_axis',(0.,1.,0.));
#2003=DIRECTION('ref_axis',(-0.707106781186547,0.,0.707106781186547));
#2004=DIRECTION('',(0.,0.,1.));
#2005=DIRECTION('center_axis',(0.,1.,0.));
#2006=DIRECTION('ref_axis',(1.,0.,0.));
#2007=DIRECTION('',(0.,0.,1.));
#2008=DIRECTION('center_axis',(0.,1.,0.));
#2009=DIRECTION('ref_axis',(0.707106781186547,0.,0.707106781186547));
#2010=DIRECTION('',(-1.,0.,0.));
#2011=DIRECTION('',(0.,0.,-1.));
#2012=DIRECTION('',(-1.,0.,0.));
#2013=DIRECTION('center_axis',(0.,1.,0.));
#2014=DIRECTION('ref_axis',(1.,0.,0.));
#2015=DIRECTION('center_axis',(0.,1.,0.));
#2016=DIRECTION('ref_axis',(1.,0.,0.));
#2017=DIRECTION('',(0.,0.,-1.));
#2018=DIRECTION('',(-1.,0.,0.));
#2019=DIRECTION('',(-4.44089209850063E-16,0.,1.));
#2020=DIRECTION('center_axis',(0.,1.,0.));
#2021=DIRECTION('ref_axis',(1.,0.,0.));
#2022=DIRECTION('center_axis',(0.,-1.,0.));
#2023=DIRECTION('ref_axis',(1.,0.,0.));
#2024=DIRECTION('center_axis',(0.,-1.,0.));
#2025=DIRECTION('ref_axis',(1.,0.,0.));
#2026=DIRECTION('center_axis',(0.,-1.,0.));
#2027=DIRECTION('ref_axis',(1.,0.,0.));
#2028=DIRECTION('',(1.,0.,0.));
#2029=DIRECTION('center_axis',(0.,1.,0.));
#2030=DIRECTION('ref_axis',(1.,0.,0.));
#2031=DIRECTION('',(0.,0.,-1.));
#2032=DIRECTION('center_axis',(0.,1.,0.));
#2033=DIRECTION('ref_axis',(1.,0.,0.));
#2034=DIRECTION('',(-4.44089209850063E-16,0.,-1.));
#2035=DIRECTION('',(-1.,0.,0.));
#2036=DIRECTION('',(0.,0.,1.));
#2037=DIRECTION('center_axis',(0.,1.,0.));
#2038=DIRECTION('ref_axis',(1.,0.,0.));
#2039=DIRECTION('',(1.,0.,0.));
#2040=DIRECTION('',(0.,0.,1.));
#2041=DIRECTION('center_axis',(1.,0.,0.));
#2042=DIRECTION('ref_axis',(0.,0.,1.));
#2043=DIRECTION('',(0.,0.,1.));
#2044=DIRECTION('center_axis',(0.,0.,1.));
#2045=DIRECTION('ref_axis',(-1.,0.,0.));
#2046=DIRECTION('center_axis',(0.,-1.,0.));
#2047=DIRECTION('ref_axis',(1.,0.,0.));
#2048=DIRECTION('',(0.,1.,0.));
#2049=DIRECTION('center_axis',(1.,0.,0.));
#2050=DIRECTION('ref_axis',(0.,0.,1.));
#2051=DIRECTION('center_axis',(0.,-1.,0.));
#2052=DIRECTION('ref_axis',(-1.,0.,1.01064309961486E-15));
#2053=DIRECTION('center_axis',(0.,0.,1.));
#2054=DIRECTION('ref_axis',(-1.,0.,0.));
#2055=DIRECTION('center_axis',(0.,0.,1.));
#2056=DIRECTION('ref_axis',(1.,0.,0.));
#2057=DIRECTION('',(0.,-1.,0.));
#2058=DIRECTION('',(0.,-1.,0.));
#2059=DIRECTION('',(1.,0.,0.));
#2060=DIRECTION('center_axis',(0.,0.,-1.));
#2061=DIRECTION('ref_axis',(1.,0.,0.));
#2062=DIRECTION('',(0.,-1.,0.));
#2063=DIRECTION('',(1.,0.,0.));
#2064=DIRECTION('',(0.,-1.,0.));
#2065=DIRECTION('center_axis',(-1.,0.,0.));
#2066=DIRECTION('ref_axis',(0.,0.,-1.));
#2067=DIRECTION('',(0.,0.,-1.));
#2068=DIRECTION('',(0.,-1.,0.));
#2069=DIRECTION('',(0.,0.,-1.));
#2070=DIRECTION('',(0.,1.,0.));
#2071=DIRECTION('center_axis',(0.,0.,1.));
#2072=DIRECTION('ref_axis',(-1.,0.,0.));
#2073=DIRECTION('',(-1.,0.,0.));
#2074=DIRECTION('',(0.,1.,0.));
#2075=DIRECTION('',(-1.,0.,0.));
#2076=DIRECTION('center_axis',(1.,0.,0.));
#2077=DIRECTION('ref_axis',(0.,0.,1.));
#2078=DIRECTION('',(0.,0.,1.));
#2079=DIRECTION('',(0.,0.,1.));
#2080=DIRECTION('center_axis',(0.,-1.,0.));
#2081=DIRECTION('ref_axis',(0.,0.,-1.));
#2082=DIRECTION('center_axis',(0.,-1.,0.));
#2083=DIRECTION('ref_axis',(1.,0.,0.));
#2084=DIRECTION('center_axis',(0.,1.,0.));
#2085=DIRECTION('ref_axis',(1.,0.,0.));
#2086=DIRECTION('',(0.,1.,0.));
#2087=DIRECTION('center_axis',(0.,-1.,0.));
#2088=DIRECTION('ref_axis',(1.,0.,0.));
#2089=DIRECTION('center_axis',(1.,0.,0.));
#2090=DIRECTION('ref_axis',(0.,0.,1.));
#2091=DIRECTION('',(0.,-1.,0.));
#2092=DIRECTION('',(0.,0.,1.));
#2093=DIRECTION('',(0.,-1.,0.));
#2094=DIRECTION('center_axis',(0.,0.,-1.));
#2095=DIRECTION('ref_axis',(1.,0.,0.));
#2096=DIRECTION('',(1.,0.,0.));
#2097=DIRECTION('',(0.,-1.,0.));
#2098=DIRECTION('center_axis',(-1.,0.,-4.44089209850063E-16));
#2099=DIRECTION('ref_axis',(4.44089209850063E-16,0.,-1.));
#2100=DIRECTION('',(4.44089209850063E-16,0.,-1.));
#2101=DIRECTION('',(0.,-1.,0.));
#2102=DIRECTION('center_axis',(0.,-1.,0.));
#2103=DIRECTION('ref_axis',(1.39349996950756E-15,0.,1.));
#2104=DIRECTION('center_axis',(0.,-1.,0.));
#2105=DIRECTION('ref_axis',(1.,0.,0.));
#2106=DIRECTION('center_axis',(0.,-1.,0.));
#2107=DIRECTION('ref_axis',(1.,0.,0.));
#2108=DIRECTION('center_axis',(0.,-1.,0.));
#2109=DIRECTION('ref_axis',(1.,0.,0.));
#2110=DIRECTION('center_axis',(0.,1.,0.));
#2111=DIRECTION('ref_axis',(1.,0.,0.));
#2112=DIRECTION('',(0.,1.,0.));
#2113=DIRECTION('center_axis',(0.,-1.,0.));
#2114=DIRECTION('ref_axis',(1.,0.,0.));
#2115=DIRECTION('center_axis',(1.,0.,-4.44089209850063E-16));
#2116=DIRECTION('ref_axis',(4.44089209850063E-16,0.,1.));
#2117=DIRECTION('',(0.,-1.,0.));
#2118=DIRECTION('',(4.44089209850063E-16,0.,1.));
#2119=DIRECTION('',(0.,-1.,0.));
#2120=DIRECTION('center_axis',(0.,0.,-1.));
#2121=DIRECTION('ref_axis',(1.,0.,0.));
#2122=DIRECTION('',(1.,0.,0.));
#2123=DIRECTION('',(0.,-1.,0.));
#2124=DIRECTION('center_axis',(-1.,0.,0.));
#2125=DIRECTION('ref_axis',(0.,0.,-1.));
#2126=DIRECTION('',(0.,0.,-1.));
#2127=DIRECTION('',(0.,-1.,0.));
#2128=DIRECTION('center_axis',(0.,-1.,0.));
#2129=DIRECTION('ref_axis',(-1.27103528959282E-15,0.,1.));
#2130=DIRECTION('center_axis',(0.,-1.,0.));
#2131=DIRECTION('ref_axis',(1.,0.,0.));
#2132=DIRECTION('center_axis',(0.,-1.,0.));
#2133=DIRECTION('ref_axis',(1.,0.,0.));
#2134=DIRECTION('center_axis',(0.,1.,0.));
#2135=DIRECTION('ref_axis',(1.,0.,0.));
#2136=DIRECTION('center_axis',(0.,0.,1.));
#2137=DIRECTION('ref_axis',(1.,0.,0.));
#2138=DIRECTION('',(1.,0.,0.));
#2139=DIRECTION('',(0.,1.,0.));
#2140=DIRECTION('center_axis',(0.,1.,0.));
#2141=DIRECTION('ref_axis',(1.,0.,0.));
#2142=DIRECTION('center_axis',(0.,-1.,0.));
#2143=DIRECTION('ref_axis',(0.707106781186547,0.,0.707106781186547));
#2144=DIRECTION('',(0.,0.,-1.));
#2145=DIRECTION('center_axis',(0.,1.,0.));
#2146=DIRECTION('ref_axis',(1.,0.,0.));
#2147=DIRECTION('',(0.,0.,1.));
#2148=DIRECTION('center_axis',(0.,-1.,0.));
#2149=DIRECTION('ref_axis',(-0.707106781186547,0.,0.707106781186547));
#2150=DIRECTION('center_axis',(0.,-1.,0.));
#2151=DIRECTION('ref_axis',(1.,0.,0.));
#2152=DIRECTION('center_axis',(0.,-1.,0.));
#2153=DIRECTION('ref_axis',(1.,0.,0.));
#2154=DIRECTION('center_axis',(0.,-1.,0.));
#2155=DIRECTION('ref_axis',(1.,0.,0.));
#2156=DIRECTION('center_axis',(-1.,0.,0.));
#2157=DIRECTION('ref_axis',(0.,0.,1.));
#2158=DIRECTION('',(0.,-1.,0.));
#2159=DIRECTION('',(0.,1.,0.));
#2160=DIRECTION('center_axis',(0.,-1.,0.));
#2161=DIRECTION('ref_axis',(1.,0.,0.));
#2162=DIRECTION('',(0.,1.,0.));
#2163=DIRECTION('center_axis',(0.,-1.,0.));
#2164=DIRECTION('ref_axis',(1.,0.,0.));
#2165=DIRECTION('center_axis',(0.,-1.,0.));
#2166=DIRECTION('ref_axis',(-1.07187543957223E-15,0.,1.));
#2167=DIRECTION('center_axis',(0.,1.,0.));
#2168=DIRECTION('ref_axis',(1.,0.,0.));
#2169=DIRECTION('center_axis',(0.,-1.,0.));
#2170=DIRECTION('ref_axis',(1.,0.,0.));
#2171=DIRECTION('center_axis',(0.,1.,0.));
#2172=DIRECTION('ref_axis',(1.,0.,0.));
#2173=DIRECTION('',(0.,1.,0.));
#2174=DIRECTION('center_axis',(0.,-1.,0.));
#2175=DIRECTION('ref_axis',(1.,0.,0.));
#2176=DIRECTION('center_axis',(0.,-1.,0.));
#2177=DIRECTION('ref_axis',(1.,0.,0.));
#2178=DIRECTION('center_axis',(0.,1.,0.));
#2179=DIRECTION('ref_axis',(1.,0.,0.));
#2180=DIRECTION('center_axis',(0.,-1.,0.));
#2181=DIRECTION('ref_axis',(1.,0.,0.));
#2182=DIRECTION('',(0.,1.,0.));
#2183=DIRECTION('center_axis',(0.,-1.,0.));
#2184=DIRECTION('ref_axis',(1.,0.,0.));
#2185=DIRECTION('center_axis',(0.,-1.,0.));
#2186=DIRECTION('ref_axis',(7.04481399828022E-16,0.,1.));
#2187=DIRECTION('center_axis',(0.,1.,0.));
#2188=DIRECTION('ref_axis',(1.,0.,0.));
#2189=DIRECTION('center_axis',(0.,-1.,0.));
#2190=DIRECTION('ref_axis',(1.,0.,0.));
#2191=DIRECTION('',(0.,1.,0.));
#2192=DIRECTION('center_axis',(0.,-1.,0.));
#2193=DIRECTION('ref_axis',(1.,0.,0.));
#2194=DIRECTION('center_axis',(0.,1.,0.));
#2195=DIRECTION('ref_axis',(1.,0.,0.));
#2196=DIRECTION('center_axis',(0.,1.,0.));
#2197=DIRECTION('ref_axis',(-0.707106781186547,0.,0.707106781186547));
#2198=DIRECTION('center_axis',(0.,1.,0.));
#2199=DIRECTION('ref_axis',(1.,0.,0.));
#2200=DIRECTION('center_axis',(0.,1.,0.));
#2201=DIRECTION('ref_axis',(0.707106781186547,0.,0.707106781186547));
#2202=DIRECTION('',(0.,1.,0.));
#2203=DIRECTION('center_axis',(0.,1.,0.));
#2204=DIRECTION('ref_axis',(1.,0.,0.));
#2205=DIRECTION('',(0.,-1.,0.));
#2206=DIRECTION('center_axis',(0.,1.,0.));
#2207=DIRECTION('ref_axis',(1.,0.,0.));
#2208=DIRECTION('',(0.,-1.,0.));
#2209=DIRECTION('center_axis',(0.,1.,0.));
#2210=DIRECTION('ref_axis',(1.,0.,0.));
#2211=DIRECTION('',(0.,-1.,0.));
#2212=DIRECTION('center_axis',(1.,0.,0.));
#2213=DIRECTION('ref_axis',(0.,0.,-1.));
#2214=DIRECTION('',(0.,1.,0.));
#2215=DIRECTION('center_axis',(0.,1.,0.));
#2216=DIRECTION('ref_axis',(1.,0.,0.));
#2217=CARTESIAN_POINT('',(0.,0.,0.));
#2218=CARTESIAN_POINT('Origin',(25.05,0.,84.3));
#2219=CARTESIAN_POINT('',(26.55,-6.,84.3));
#2220=CARTESIAN_POINT('',(25.05,-6.,82.8));
#2221=CARTESIAN_POINT('Origin',(25.05,-6.,84.3));
#2222=CARTESIAN_POINT('',(25.05,0.,82.8));
#2223=CARTESIAN_POINT('',(25.05,0.,82.8));
#2224=CARTESIAN_POINT('',(26.55,0.,84.3));
#2225=CARTESIAN_POINT('Origin',(25.05,0.,84.3));
#2226=CARTESIAN_POINT('',(26.55,0.,84.3));
#2227=CARTESIAN_POINT('Origin',(23.05,0.,82.8));
#2228=CARTESIAN_POINT('',(24.55,-6.,82.8));
#2229=CARTESIAN_POINT('',(23.925,-6.,82.8));
#2230=CARTESIAN_POINT('',(24.55,0.,82.8));
#2231=CARTESIAN_POINT('',(24.55,0.,82.8));
#2232=CARTESIAN_POINT('',(11.525,0.,82.8));
#2233=CARTESIAN_POINT('Origin',(24.8,-6.,94.8));
#2234=CARTESIAN_POINT('',(26.55,-6.,92.1808398292582));
#2235=CARTESIAN_POINT('',(26.55,-6.,85.1452099573146));
#2236=CARTESIAN_POINT('',(23.05,-6.,92.1808398292582));
#2237=CARTESIAN_POINT('Origin',(24.8,-6.,94.8));
#2238=CARTESIAN_POINT('',(23.05,-6.,84.3));
#2239=CARTESIAN_POINT('',(23.05,-6.,89.8356298719437));
#2240=CARTESIAN_POINT('Origin',(24.55,-6.,84.3));
#2241=CARTESIAN_POINT('',(23.45,-6.,94.8));
#2242=CARTESIAN_POINT('Origin',(24.8,-6.,94.8));
#2243=CARTESIAN_POINT('Origin',(24.55,0.,84.3));
#2244=CARTESIAN_POINT('',(23.05,0.,84.3));
#2245=CARTESIAN_POINT('',(23.05,0.,84.3));
#2246=CARTESIAN_POINT('Origin',(24.55,0.,84.3));
#2247=CARTESIAN_POINT('Origin',(-24.55,0.,84.3));
#2248=CARTESIAN_POINT('',(-23.05,-6.,84.3));
#2249=CARTESIAN_POINT('',(-24.55,-6.,82.8));
#2250=CARTESIAN_POINT('Origin',(-24.55,-6.,84.3));
#2251=CARTESIAN_POINT('',(-24.55,0.,82.8));
#2252=CARTESIAN_POINT('',(-24.55,0.,82.8));
#2253=CARTESIAN_POINT('',(-23.05,0.,84.3));
#2254=CARTESIAN_POINT('Origin',(-24.55,0.,84.3));
#2255=CARTESIAN_POINT('',(-23.05,0.,84.3));
#2256=CARTESIAN_POINT('Origin',(-26.55,0.,82.8));
#2257=CARTESIAN_POINT('',(-25.05,-6.,82.8));
#2258=CARTESIAN_POINT('',(-25.675,-6.,82.8));
#2259=CARTESIAN_POINT('',(-25.05,0.,82.8));
#2260=CARTESIAN_POINT('',(-25.05,0.,82.8));
#2261=CARTESIAN_POINT('',(-13.275,0.,82.8));
#2262=CARTESIAN_POINT('Origin',(-24.8,-6.,94.8));
#2263=CARTESIAN_POINT('',(-23.05,-6.,92.1808398292582));
#2264=CARTESIAN_POINT('',(-23.05,-6.,85.1452099573146));
#2265=CARTESIAN_POINT('',(-26.55,-6.,92.1808398292582));
#2266=CARTESIAN_POINT('Origin',(-24.8,-6.,94.8));
#2267=CARTESIAN_POINT('',(-26.55,-6.,84.3));
#2268=CARTESIAN_POINT('',(-26.55,-6.,89.8356298719437));
#2269=CARTESIAN_POINT('Origin',(-25.05,-6.,84.3));
#2270=CARTESIAN_POINT('',(-26.15,-6.,94.8));
#2271=CARTESIAN_POINT('Origin',(-24.8,-6.,94.8));
#2272=CARTESIAN_POINT('Origin',(-25.05,0.,84.3));
#2273=CARTESIAN_POINT('',(-26.55,0.,84.3));
#2274=CARTESIAN_POINT('',(-26.55,0.,84.3));
#2275=CARTESIAN_POINT('Origin',(-25.05,0.,84.3));
#2276=CARTESIAN_POINT('Origin',(-24.75,0.,18.6828669490298));
#2277=CARTESIAN_POINT('',(-23.25,-6.,18.6828669490298));
#2278=CARTESIAN_POINT('',(-24.75,-6.,17.1828669490298));
#2279=CARTESIAN_POINT('Origin',(-24.75,-6.,18.6828669490298));
#2280=CARTESIAN_POINT('',(-24.75,0.,17.1828669490298));
#2281=CARTESIAN_POINT('',(-24.75,0.,17.1828669490298));
#2282=CARTESIAN_POINT('',(-23.25,0.,18.6828669490298));
#2283=CARTESIAN_POINT('Origin',(-24.75,0.,18.6828669490298));
#2284=CARTESIAN_POINT('',(-23.25,0.,18.6828669490298));
#2285=CARTESIAN_POINT('Origin',(-23.25,0.,24.7461683628276));
#2286=CARTESIAN_POINT('',(-23.25,0.,24.7461683628276));
#2287=CARTESIAN_POINT('',(-23.25,0.,29.8730841814138));
#2288=CARTESIAN_POINT('',(-23.25,-6.,24.7461683628276));
#2289=CARTESIAN_POINT('',(-23.25,0.,24.7461683628276));
#2290=CARTESIAN_POINT('',(-23.25,-6.,17.1828669490298));
#2291=CARTESIAN_POINT('Origin',(-25.25,0.,18.6828669490298));
#2292=CARTESIAN_POINT('',(-25.25,-6.,17.1828669490298));
#2293=CARTESIAN_POINT('',(-26.75,-6.,18.6828669490298));
#2294=CARTESIAN_POINT('Origin',(-25.25,-6.,18.6828669490298));
#2295=CARTESIAN_POINT('',(-26.75,0.,18.6828669490298));
#2296=CARTESIAN_POINT('',(-26.75,0.,18.6828669490298));
#2297=CARTESIAN_POINT('',(-25.25,0.,17.1828669490298));
#2298=CARTESIAN_POINT('Origin',(-25.25,0.,18.6828669490298));
#2299=CARTESIAN_POINT('',(-25.25,0.,17.1828669490298));
#2300=CARTESIAN_POINT('Origin',(-23.25,0.,17.1828669490298));
#2301=CARTESIAN_POINT('',(-26.75,-6.,17.1828669490298));
#2302=CARTESIAN_POINT('',(-11.625,0.,17.1828669490298));
#2303=CARTESIAN_POINT('Origin',(-24.75,0.,35.6828669490298));
#2304=CARTESIAN_POINT('',(-24.75,-6.,37.1828669490298));
#2305=CARTESIAN_POINT('',(-23.25,-6.,35.6828669490298));
#2306=CARTESIAN_POINT('Origin',(-24.75,-6.,35.6828669490298));
#2307=CARTESIAN_POINT('',(-23.25,0.,35.6828669490298));
#2308=CARTESIAN_POINT('',(-23.25,0.,35.6828669490298));
#2309=CARTESIAN_POINT('',(-24.75,0.,37.1828669490298));
#2310=CARTESIAN_POINT('Origin',(-24.75,0.,35.6828669490298));
#2311=CARTESIAN_POINT('',(-24.75,0.,37.1828669490298));
#2312=CARTESIAN_POINT('Origin',(-26.75,0.,37.1828669490298));
#2313=CARTESIAN_POINT('',(-25.25,0.,37.1828669490298));
#2314=CARTESIAN_POINT('',(-13.375,0.,37.1828669490298));
#2315=CARTESIAN_POINT('',(-25.25,-6.,37.1828669490298));
#2316=CARTESIAN_POINT('',(-25.25,0.,37.1828669490298));
#2317=CARTESIAN_POINT('',(-23.25,-6.,37.1828669490298));
#2318=CARTESIAN_POINT('Origin',(-25.25,0.,35.6828669490298));
#2319=CARTESIAN_POINT('',(-26.75,-6.,35.6828669490298));
#2320=CARTESIAN_POINT('Origin',(-25.25,-6.,35.6828669490298));
#2321=CARTESIAN_POINT('',(-26.75,0.,35.6828669490298));
#2322=CARTESIAN_POINT('Origin',(-25.25,0.,35.6828669490298));
#2323=CARTESIAN_POINT('',(-26.75,0.,35.6828669490298));
#2324=CARTESIAN_POINT('Origin',(-26.75,0.,29.619565535232));
#2325=CARTESIAN_POINT('',(-26.75,0.,29.619565535232));
#2326=CARTESIAN_POINT('',(-26.75,0.,32.309782767616));
#2327=CARTESIAN_POINT('',(-26.75,-6.,29.619565535232));
#2328=CARTESIAN_POINT('',(-26.75,0.,29.619565535232));
#2329=CARTESIAN_POINT('',(-26.75,-6.,37.1828669490298));
#2330=CARTESIAN_POINT('Origin',(25.25,0.,18.6828669490298));
#2331=CARTESIAN_POINT('',(26.75,-6.,18.6828669490298));
#2332=CARTESIAN_POINT('',(25.25,-6.,17.1828669490298));
#2333=CARTESIAN_POINT('Origin',(25.25,-6.,18.6828669490298));
#2334=CARTESIAN_POINT('',(25.25,0.,17.1828669490298));
#2335=CARTESIAN_POINT('',(25.25,0.,17.1828669490298));
#2336=CARTESIAN_POINT('',(26.75,0.,18.6828669490298));
#2337=CARTESIAN_POINT('Origin',(25.25,0.,18.6828669490298));
#2338=CARTESIAN_POINT('',(26.75,0.,18.6828669490298));
#2339=CARTESIAN_POINT('Origin',(23.25,0.,17.1828669490298));
#2340=CARTESIAN_POINT('',(24.75,-6.,17.1828669490298));
#2341=CARTESIAN_POINT('',(26.75,-6.,17.1828669490298));
#2342=CARTESIAN_POINT('',(24.75,0.,17.1828669490298));
#2343=CARTESIAN_POINT('',(24.75,0.,17.1828669490298));
#2344=CARTESIAN_POINT('',(11.625,0.,17.1828669490298));
#2345=CARTESIAN_POINT('Origin',(25.,-6.,27.1828669490298));
#2346=CARTESIAN_POINT('',(26.75,-6.,24.7461683628276));
#2347=CARTESIAN_POINT('',(26.75,-6.,37.1828669490298));
#2348=CARTESIAN_POINT('',(26.75,-6.,29.619565535232));
#2349=CARTESIAN_POINT('Origin',(25.,-6.,27.1828669490298));
#2350=CARTESIAN_POINT('',(26.75,-6.,35.6828669490298));
#2351=CARTESIAN_POINT('',(26.75,-6.,37.1828669490298));
#2352=CARTESIAN_POINT('',(25.25,-6.,37.1828669490298));
#2353=CARTESIAN_POINT('Origin',(25.25,-6.,35.6828669490298));
#2354=CARTESIAN_POINT('',(24.75,-6.,37.1828669490298));
#2355=CARTESIAN_POINT('',(23.25,-6.,37.1828669490298));
#2356=CARTESIAN_POINT('',(23.25,-6.,35.6828669490298));
#2357=CARTESIAN_POINT('Origin',(24.75,-6.,35.6828669490298));
#2358=CARTESIAN_POINT('',(23.25,-6.,29.619565535232));
#2359=CARTESIAN_POINT('',(23.25,-6.,17.1828669490298));
#2360=CARTESIAN_POINT('',(23.25,-6.,24.7461683628276));
#2361=CARTESIAN_POINT('Origin',(25.,-6.,27.1828669490298));
#2362=CARTESIAN_POINT('',(23.25,-6.,18.6828669490298));
#2363=CARTESIAN_POINT('',(23.25,-6.,17.1828669490298));
#2364=CARTESIAN_POINT('Origin',(24.75,-6.,18.6828669490298));
#2365=CARTESIAN_POINT('',(23.65,-6.,27.1828669490298));
#2366=CARTESIAN_POINT('Origin',(25.,-6.,27.1828669490298));
#2367=CARTESIAN_POINT('Origin',(24.75,0.,18.6828669490298));
#2368=CARTESIAN_POINT('',(23.25,0.,18.6828669490298));
#2369=CARTESIAN_POINT('',(23.25,0.,18.6828669490298));
#2370=CARTESIAN_POINT('Origin',(24.75,0.,18.6828669490298));
#2371=CARTESIAN_POINT('Origin',(23.25,0.,24.7461683628276));
#2372=CARTESIAN_POINT('',(23.25,0.,24.7461683628276));
#2373=CARTESIAN_POINT('',(23.25,0.,24.7461683628276));
#2374=CARTESIAN_POINT('',(23.25,0.,29.8730841814138));
#2375=CARTESIAN_POINT('Origin',(25.25,0.,35.6828669490298));
#2376=CARTESIAN_POINT('',(26.75,0.,35.6828669490298));
#2377=CARTESIAN_POINT('',(26.75,0.,35.6828669490298));
#2378=CARTESIAN_POINT('',(25.25,0.,37.1828669490298));
#2379=CARTESIAN_POINT('Origin',(25.25,0.,35.6828669490298));
#2380=CARTESIAN_POINT('',(25.25,0.,37.1828669490298));
#2381=CARTESIAN_POINT('Origin',(26.75,0.,29.619565535232));
#2382=CARTESIAN_POINT('',(26.75,0.,29.619565535232));
#2383=CARTESIAN_POINT('',(26.75,0.,29.619565535232));
#2384=CARTESIAN_POINT('',(26.75,0.,32.309782767616));
#2385=CARTESIAN_POINT('Origin',(24.75,0.,35.6828669490298));
#2386=CARTESIAN_POINT('',(24.75,0.,37.1828669490298));
#2387=CARTESIAN_POINT('',(24.75,0.,37.1828669490298));
#2388=CARTESIAN_POINT('',(23.25,0.,35.6828669490298));
#2389=CARTESIAN_POINT('Origin',(24.75,0.,35.6828669490298));
#2390=CARTESIAN_POINT('',(23.25,0.,35.6828669490298));
#2391=CARTESIAN_POINT('Origin',(23.25,0.,37.1828669490298));
#2392=CARTESIAN_POINT('',(23.25,0.,29.619565535232));
#2393=CARTESIAN_POINT('',(23.25,0.,36.0914334745149));
#2394=CARTESIAN_POINT('',(23.25,0.,29.619565535232));
#2395=CARTESIAN_POINT('Origin',(-23.05,0.,82.8));
#2396=CARTESIAN_POINT('',(-23.05,0.,92.1808398292582));
#2397=CARTESIAN_POINT('',(-23.05,0.,58.9));
#2398=CARTESIAN_POINT('',(-23.05,0.,92.1808398292582));
#2399=CARTESIAN_POINT('Origin',(-26.55,0.,92.1808398292582));
#2400=CARTESIAN_POINT('',(-26.55,0.,92.1808398292582));
#2401=CARTESIAN_POINT('',(-26.55,0.,92.1808398292582));
#2402=CARTESIAN_POINT('',(-26.55,0.,63.5904199146291));
#2403=CARTESIAN_POINT('Origin',(26.55,0.,82.8));
#2404=CARTESIAN_POINT('',(26.55,0.,92.1808398292582));
#2405=CARTESIAN_POINT('',(26.55,0.,58.9));
#2406=CARTESIAN_POINT('',(26.55,0.,92.1808398292582));
#2407=CARTESIAN_POINT('Origin',(23.05,0.,92.1808398292582));
#2408=CARTESIAN_POINT('',(23.05,0.,92.1808398292582));
#2409=CARTESIAN_POINT('',(23.05,0.,92.1808398292582));
#2410=CARTESIAN_POINT('',(23.05,0.,63.5904199146291));
#2411=CARTESIAN_POINT('Origin',(1.5,0.,30.2245532303636));
#2412=CARTESIAN_POINT('',(5.,-5.,30.2245532303636));
#2413=CARTESIAN_POINT('',(1.5,-5.,26.7245532303636));
#2414=CARTESIAN_POINT('Origin',(1.5,-5.,30.2245532303636));
#2415=CARTESIAN_POINT('',(1.5,0.,26.7245532303636));
#2416=CARTESIAN_POINT('',(1.5,0.,26.7245532303636));
#2417=CARTESIAN_POINT('',(5.,0.,30.2245532303636));
#2418=CARTESIAN_POINT('Origin',(1.5,0.,30.2245532303636));
#2419=CARTESIAN_POINT('',(5.,0.,30.2245532303636));
#2420=CARTESIAN_POINT('Origin',(0.,0.,26.7245532303636));
#2421=CARTESIAN_POINT('',(-1.5,-5.,26.7245532303636));
#2422=CARTESIAN_POINT('',(1.25,-5.,26.7245532303636));
#2423=CARTESIAN_POINT('',(-1.5,0.,26.7245532303636));
#2424=CARTESIAN_POINT('',(-1.5,0.,26.7245532303636));
#2425=CARTESIAN_POINT('',(0.,0.,26.7245532303636));
#2426=CARTESIAN_POINT('Origin',(2.5,-5.,46.7245532303636));
#2427=CARTESIAN_POINT('',(5.,-5.,63.2245532303636));
#2428=CARTESIAN_POINT('',(5.,-5.,36.7245532303636));
#2429=CARTESIAN_POINT('',(1.5,-5.,66.7245532303636));
#2430=CARTESIAN_POINT('Origin',(1.5,-5.,63.2245532303636));
#2431=CARTESIAN_POINT('',(-1.5,-5.,66.7245532303636));
#2432=CARTESIAN_POINT('',(3.75,-5.,66.7245532303636));
#2433=CARTESIAN_POINT('',(-5.,-5.,63.2245532303636));
#2434=CARTESIAN_POINT('Origin',(-1.5,-5.,63.2245532303636));
#2435=CARTESIAN_POINT('',(-5.,-5.,30.2245532303636));
#2436=CARTESIAN_POINT('',(-5.,-5.,56.7245532303636));
#2437=CARTESIAN_POINT('Origin',(-1.5,-5.,30.2245532303636));
#2438=CARTESIAN_POINT('Origin',(-1.5,0.,30.2245532303636));
#2439=CARTESIAN_POINT('',(-5.,0.,30.2245532303636));
#2440=CARTESIAN_POINT('',(-5.,0.,30.2245532303636));
#2441=CARTESIAN_POINT('Origin',(-1.5,0.,30.2245532303636));
#2442=CARTESIAN_POINT('Origin',(-5.,0.,66.7245532303636));
#2443=CARTESIAN_POINT('',(-5.,0.,63.2245532303636));
#2444=CARTESIAN_POINT('',(-5.,0.,63.2245532303636));
#2445=CARTESIAN_POINT('',(-5.,0.,50.8622766151818));
#2446=CARTESIAN_POINT('Origin',(1.5,0.,63.2245532303636));
#2447=CARTESIAN_POINT('',(5.,0.,63.2245532303636));
#2448=CARTESIAN_POINT('',(5.,0.,63.2245532303636));
#2449=CARTESIAN_POINT('',(1.5,0.,66.7245532303636));
#2450=CARTESIAN_POINT('Origin',(1.5,0.,63.2245532303636));
#2451=CARTESIAN_POINT('',(1.5,0.,66.7245532303636));
#2452=CARTESIAN_POINT('Origin',(5.,0.,26.7245532303636));
#2453=CARTESIAN_POINT('',(5.,0.,30.8622766151818));
#2454=CARTESIAN_POINT('Origin',(-1.5,0.,63.2245532303636));
#2455=CARTESIAN_POINT('',(-1.5,0.,66.7245532303636));
#2456=CARTESIAN_POINT('',(-1.5,0.,66.7245532303636));
#2457=CARTESIAN_POINT('Origin',(-1.5,0.,63.2245532303636));
#2458=CARTESIAN_POINT('Origin',(-23.25,0.,37.1828669490298));
#2459=CARTESIAN_POINT('',(-23.25,-6.,29.619565535232));
#2460=CARTESIAN_POINT('',(-23.25,-6.,17.1828669490298));
#2461=CARTESIAN_POINT('',(-23.25,0.,29.619565535232));
#2462=CARTESIAN_POINT('',(-23.25,0.,29.619565535232));
#2463=CARTESIAN_POINT('',(-23.25,0.,36.0914334745149));
#2464=CARTESIAN_POINT('Origin',(-25.,0.,27.1828669490298));
#2465=CARTESIAN_POINT('Origin',(-25.,-6.,27.1828669490298));
#2466=CARTESIAN_POINT('Origin',(-25.,0.,27.1828669490298));
#2467=CARTESIAN_POINT('Origin',(-25.,0.,27.1828669490298));
#2468=CARTESIAN_POINT('',(-26.75,0.,24.7461683628276));
#2469=CARTESIAN_POINT('Origin',(-25.,0.,27.1828669490298));
#2470=CARTESIAN_POINT('',(-26.75,-6.,24.7461683628276));
#2471=CARTESIAN_POINT('',(-26.75,0.,24.7461683628276));
#2472=CARTESIAN_POINT('Origin',(-25.,-6.,27.1828669490298));
#2473=CARTESIAN_POINT('Origin',(0.,0.,35.));
#2474=CARTESIAN_POINT('',(-14.,0.,98.25));
#2475=CARTESIAN_POINT('',(-14.,0.,100.));
#2476=CARTESIAN_POINT('',(-14.,0.,68.3));
#2477=CARTESIAN_POINT('',(-25.,0.,100.));
#2478=CARTESIAN_POINT('',(30.,0.,100.));
#2479=CARTESIAN_POINT('',(-30.,0.,95.));
#2480=CARTESIAN_POINT('Origin',(-25.,0.,95.));
#2481=CARTESIAN_POINT('',(-30.,0.,0.));
#2482=CARTESIAN_POINT('',(-30.,0.,0.));
#2483=CARTESIAN_POINT('',(30.,0.,0.));
#2484=CARTESIAN_POINT('Origin',(0.,0.,0.));
#2485=CARTESIAN_POINT('',(30.,0.,95.));
#2486=CARTESIAN_POINT('',(30.,0.,0.));
#2487=CARTESIAN_POINT('',(25.,0.,100.));
#2488=CARTESIAN_POINT('Origin',(25.,0.,95.));
#2489=CARTESIAN_POINT('',(14.,0.,100.));
#2490=CARTESIAN_POINT('',(30.,0.,100.));
#2491=CARTESIAN_POINT('',(14.,0.,98.25));
#2492=CARTESIAN_POINT('',(14.,0.,66.625));
#2493=CARTESIAN_POINT('',(-7.,0.,98.25));
#2494=CARTESIAN_POINT('Origin',(-24.8,0.,94.8));
#2495=CARTESIAN_POINT('Origin',(24.8,0.,94.8));
#2496=CARTESIAN_POINT('',(-9.00000000000001,0.,89.2919007564522));
#2497=CARTESIAN_POINT('',(-9.00000000000001,0.,85.));
#2498=CARTESIAN_POINT('',(-9.00000000000001,0.,60.));
#2499=CARTESIAN_POINT('',(-12.,0.,85.));
#2500=CARTESIAN_POINT('',(-6.,0.,85.));
#2501=CARTESIAN_POINT('',(-12.,0.,89.2919007564522));
#2502=CARTESIAN_POINT('',(-12.,0.,62.1459503782261));
#2503=CARTESIAN_POINT('Origin',(-10.5,0.,93.));
#2504=CARTESIAN_POINT('',(-22.3,0.,50.));
#2505=CARTESIAN_POINT('Origin',(-16.,0.,50.));
#2506=CARTESIAN_POINT('',(9.7,0.,50.));
#2507=CARTESIAN_POINT('Origin',(16.,0.,50.));
#2508=CARTESIAN_POINT('',(-22.5,0.,2.75545529808154E-15));
#2509=CARTESIAN_POINT('Origin',(0.,0.,0.));
#2510=CARTESIAN_POINT('',(13.375,0.,37.1828669490298));
#2511=CARTESIAN_POINT('',(26.75,0.,24.7461683628276));
#2512=CARTESIAN_POINT('Origin',(25.,0.,27.1828669490298));
#2513=CARTESIAN_POINT('',(26.75,0.,26.0914334745149));
#2514=CARTESIAN_POINT('Origin',(25.,0.,27.1828669490298));
#2515=CARTESIAN_POINT('',(12.,0.,89.2919007564522));
#2516=CARTESIAN_POINT('',(12.,0.,85.));
#2517=CARTESIAN_POINT('',(12.,0.,60.));
#2518=CARTESIAN_POINT('',(9.00000000000001,0.,85.));
#2519=CARTESIAN_POINT('',(4.5,0.,85.));
#2520=CARTESIAN_POINT('',(9.00000000000001,0.,89.2919007564522));
#2521=CARTESIAN_POINT('',(9.00000000000001,0.,62.1459503782261));
#2522=CARTESIAN_POINT('Origin',(10.5,0.,93.));
#2523=CARTESIAN_POINT('',(0.,0.,66.7245532303636));
#2524=CARTESIAN_POINT('',(-26.75,0.,26.0914334745149));
#2525=CARTESIAN_POINT('Origin',(-26.75,0.,17.1828669490298));
#2526=CARTESIAN_POINT('',(-26.75,-6.,37.1828669490298));
#2527=CARTESIAN_POINT('Origin',(26.75,0.,37.1828669490298));
#2528=CARTESIAN_POINT('Origin',(25.,0.,27.1828669490298));
#2529=CARTESIAN_POINT('',(26.75,0.,24.7461683628276));
#2530=CARTESIAN_POINT('Origin',(26.75,0.,17.1828669490298));
#2531=CARTESIAN_POINT('Origin',(25.,0.,27.1828669490298));
#2532=CARTESIAN_POINT('Origin',(5.,0.,66.7245532303636));
#2533=CARTESIAN_POINT('Origin',(-30.,0.,100.));
#2534=CARTESIAN_POINT('',(14.,2.,100.));
#2535=CARTESIAN_POINT('',(14.,0.,100.));
#2536=CARTESIAN_POINT('',(25.,2.,100.));
#2537=CARTESIAN_POINT('',(25.,0.,100.));
#2538=CARTESIAN_POINT('',(30.,2.,100.));
#2539=CARTESIAN_POINT('Origin',(-14.,0.,98.25));
#2540=CARTESIAN_POINT('',(14.,-6.6,98.25));
#2541=CARTESIAN_POINT('',(14.,0.,98.25));
#2542=CARTESIAN_POINT('',(-14.,-6.6,98.25));
#2543=CARTESIAN_POINT('',(14.,-6.6,98.25));
#2544=CARTESIAN_POINT('',(-14.,0.,98.25));
#2545=CARTESIAN_POINT('Origin',(-14.,0.,101.6));
#2546=CARTESIAN_POINT('',(-14.,-6.6,101.6));
#2547=CARTESIAN_POINT('',(-14.,-6.6,98.25));
#2548=CARTESIAN_POINT('',(-14.,2.,101.6));
#2549=CARTESIAN_POINT('',(-14.,0.,101.6));
#2550=CARTESIAN_POINT('',(-14.,2.,100.));
#2551=CARTESIAN_POINT('',(-14.,2.,100.4));
#2552=CARTESIAN_POINT('',(-14.,0.,100.));
#2553=CARTESIAN_POINT('Origin',(14.,0.,101.6));
#2554=CARTESIAN_POINT('',(14.,-6.6,101.6));
#2555=CARTESIAN_POINT('',(-14.,-6.6,101.6));
#2556=CARTESIAN_POINT('',(14.,2.,101.6));
#2557=CARTESIAN_POINT('',(14.,0.,101.6));
#2558=CARTESIAN_POINT('',(-7.,2.,101.6));
#2559=CARTESIAN_POINT('Origin',(14.,0.,98.25));
#2560=CARTESIAN_POINT('',(14.,-6.6,100.));
#2561=CARTESIAN_POINT('',(14.,2.,101.2));
#2562=CARTESIAN_POINT('Origin',(0.,-6.6,99.125));
#2563=CARTESIAN_POINT('Origin',(-10.5,0.,93.));
#2564=CARTESIAN_POINT('',(-11.95,-5.,93.));
#2565=CARTESIAN_POINT('Origin',(-10.5,-5.,93.));
#2566=CARTESIAN_POINT('',(-11.95,0.,93.));
#2567=CARTESIAN_POINT('',(-11.95,0.,93.));
#2568=CARTESIAN_POINT('Origin',(-10.5,0.,93.));
#2569=CARTESIAN_POINT('Origin',(-9.00000000000001,0.,85.));
#2570=CARTESIAN_POINT('',(-9.00000000000001,-5.,89.2919007564522));
#2571=CARTESIAN_POINT('',(-9.00000000000001,0.,89.2919007564522));
#2572=CARTESIAN_POINT('',(-9.00000000000001,-5.,85.));
#2573=CARTESIAN_POINT('',(-9.00000000000001,-5.,90.));
#2574=CARTESIAN_POINT('',(-9.00000000000001,0.,85.));
#2575=CARTESIAN_POINT('Origin',(-12.,0.,85.));
#2576=CARTESIAN_POINT('',(-12.,-5.,85.));
#2577=CARTESIAN_POINT('',(-9.00000000000001,-5.,85.));
#2578=CARTESIAN_POINT('',(-12.,0.,85.));
#2579=CARTESIAN_POINT('Origin',(-12.,0.,89.2919007564522));
#2580=CARTESIAN_POINT('',(-12.,-5.,89.2919007564522));
#2581=CARTESIAN_POINT('',(-12.,-5.,85.));
#2582=CARTESIAN_POINT('',(-12.,0.,89.2919007564522));
#2583=CARTESIAN_POINT('Origin',(-10.5,0.,93.));
#2584=CARTESIAN_POINT('Origin',(-10.5,-5.,93.));
#2585=CARTESIAN_POINT('Origin',(-10.5,-5.,91.));
#2586=CARTESIAN_POINT('Origin',(10.5,0.,93.));
#2587=CARTESIAN_POINT('',(9.05,-5.,93.));
#2588=CARTESIAN_POINT('Origin',(10.5,-5.,93.));
#2589=CARTESIAN_POINT('',(9.05,0.,93.));
#2590=CARTESIAN_POINT('',(9.05,0.,93.));
#2591=CARTESIAN_POINT('Origin',(10.5,0.,93.));
#2592=CARTESIAN_POINT('Origin',(12.,0.,85.));
#2593=CARTESIAN_POINT('',(12.,-5.,89.2919007564522));
#2594=CARTESIAN_POINT('',(12.,0.,89.2919007564522));
#2595=CARTESIAN_POINT('',(12.,-5.,85.));
#2596=CARTESIAN_POINT('',(12.,-5.,85.));
#2597=CARTESIAN_POINT('',(12.,0.,85.));
#2598=CARTESIAN_POINT('Origin',(9.00000000000001,0.,85.));
#2599=CARTESIAN_POINT('',(9.00000000000001,-5.,85.));
#2600=CARTESIAN_POINT('',(9.00000000000001,-5.,85.));
#2601=CARTESIAN_POINT('',(9.00000000000001,0.,85.));
#2602=CARTESIAN_POINT('Origin',(9.00000000000001,0.,89.2919007564522));
#2603=CARTESIAN_POINT('',(9.00000000000001,-5.,89.2919007564522));
#2604=CARTESIAN_POINT('',(9.00000000000001,-5.,90.));
#2605=CARTESIAN_POINT('',(9.00000000000001,0.,89.2919007564522));
#2606=CARTESIAN_POINT('Origin',(10.5,0.,93.));
#2607=CARTESIAN_POINT('Origin',(10.5,-5.,93.));
#2608=CARTESIAN_POINT('Origin',(10.5,-5.,91.));
#2609=CARTESIAN_POINT('Origin',(0.,0.,35.));
#2610=CARTESIAN_POINT('Origin',(-30.,0.,100.));
#2611=CARTESIAN_POINT('',(-25.,2.,100.));
#2612=CARTESIAN_POINT('',(30.,2.,100.));
#2613=CARTESIAN_POINT('',(-25.,0.,100.));
#2614=CARTESIAN_POINT('Origin',(0.,2.,35.));
#2615=CARTESIAN_POINT('',(30.,2.,95.));
#2616=CARTESIAN_POINT('Origin',(25.,2.,95.));
#2617=CARTESIAN_POINT('',(30.,2.,0.));
#2618=CARTESIAN_POINT('',(30.,2.,0.));
#2619=CARTESIAN_POINT('',(-30.,2.,0.));
#2620=CARTESIAN_POINT('Origin',(0.,2.,0.));
#2621=CARTESIAN_POINT('',(-30.,2.,95.));
#2622=CARTESIAN_POINT('',(-30.,2.,0.));
#2623=CARTESIAN_POINT('Origin',(-25.,2.,95.));
#2624=CARTESIAN_POINT('',(-22.3,2.,50.));
#2625=CARTESIAN_POINT('Origin',(-16.,2.,50.));
#2626=CARTESIAN_POINT('',(9.7,2.,50.));
#2627=CARTESIAN_POINT('Origin',(16.,2.,50.));
#2628=CARTESIAN_POINT('',(-22.5,2.,2.75545529808154E-15));
#2629=CARTESIAN_POINT('Origin',(0.,2.,0.));
#2630=CARTESIAN_POINT('Origin',(-30.,0.,0.));
#2631=CARTESIAN_POINT('',(-30.,0.,95.));
#2632=CARTESIAN_POINT('',(-30.,0.,0.));
#2633=CARTESIAN_POINT('Origin',(24.8,0.,94.8));
#2634=CARTESIAN_POINT('',(23.45,0.,94.8));
#2635=CARTESIAN_POINT('',(23.45,0.,94.8));
#2636=CARTESIAN_POINT('Origin',(24.8,0.,94.8));
#2637=CARTESIAN_POINT('Origin',(24.8,0.,94.8));
#2638=CARTESIAN_POINT('Origin',(0.,0.,35.));
#2639=CARTESIAN_POINT('Origin',(-25.,0.,27.1828669490298));
#2640=CARTESIAN_POINT('',(-26.35,-6.,27.1828669490298));
#2641=CARTESIAN_POINT('Origin',(-25.,-6.,27.1828669490298));
#2642=CARTESIAN_POINT('',(-26.35,0.,27.1828669490298));
#2643=CARTESIAN_POINT('',(-26.35,0.,27.1828669490298));
#2644=CARTESIAN_POINT('Origin',(-25.,0.,27.1828669490298));
#2645=CARTESIAN_POINT('Origin',(-25.,-6.,27.1828669490298));
#2646=CARTESIAN_POINT('Origin',(0.,0.,35.));
#2647=CARTESIAN_POINT('Origin',(-24.8,0.,94.8));
#2648=CARTESIAN_POINT('',(-26.15,0.,94.8));
#2649=CARTESIAN_POINT('',(-26.15,0.,94.8));
#2650=CARTESIAN_POINT('Origin',(-24.8,0.,94.8));
#2651=CARTESIAN_POINT('Origin',(-24.8,0.,94.8));
#2652=CARTESIAN_POINT('Origin',(0.,0.,35.));
#2653=CARTESIAN_POINT('Origin',(25.,0.,27.1828669490298));
#2654=CARTESIAN_POINT('',(23.65,0.,27.1828669490298));
#2655=CARTESIAN_POINT('',(23.65,0.,27.1828669490298));
#2656=CARTESIAN_POINT('Origin',(25.,0.,27.1828669490298));
#2657=CARTESIAN_POINT('Origin',(0.,0.,35.));
#2658=CARTESIAN_POINT('Origin',(-25.,0.,95.));
#2659=CARTESIAN_POINT('Origin',(0.,0.,35.));
#2660=CARTESIAN_POINT('Origin',(25.,0.,95.));
#2661=CARTESIAN_POINT('',(30.,0.,95.));
#2662=CARTESIAN_POINT('Origin',(-16.,0.,50.));
#2663=CARTESIAN_POINT('',(-22.3,0.,50.));
#2664=CARTESIAN_POINT('Origin',(16.,0.,50.));
#2665=CARTESIAN_POINT('',(9.7,0.,50.));
#2666=CARTESIAN_POINT('Origin',(0.,0.,0.));
#2667=CARTESIAN_POINT('',(-22.5,0.,2.75545529808154E-15));
#2668=CARTESIAN_POINT('Origin',(30.,0.,100.));
#2669=CARTESIAN_POINT('',(30.,0.,0.));
#2670=CARTESIAN_POINT('Origin',(0.,0.,0.));
#2671=UNCERTAINTY_MEASURE_WITH_UNIT(LENGTH_MEASURE(0.01),#2675,
'DISTANCE_ACCURACY_VALUE',
'Maximum model space distance between geometric entities at asserted c
onnectivities');
#2672=UNCERTAINTY_MEASURE_WITH_UNIT(LENGTH_MEASURE(0.01),#2675,
'DISTANCE_ACCURACY_VALUE',
'Maximum model space distance between geometric entities at asserted c
onnectivities');
#2673=(
GEOMETRIC_REPRESENTATION_CONTEXT(3)
GLOBAL_UNCERTAINTY_ASSIGNED_CONTEXT((#2671))
GLOBAL_UNIT_ASSIGNED_CONTEXT((#2675,#2677,#2678))
REPRESENTATION_CONTEXT('','3D')
);
#2674=(
GEOMETRIC_REPRESENTATION_CONTEXT(3)
GLOBAL_UNCERTAINTY_ASSIGNED_CONTEXT((#2672))
GLOBAL_UNIT_ASSIGNED_CONTEXT((#2675,#2677,#2678))
REPRESENTATION_CONTEXT('','3D')
);
#2675=(
LENGTH_UNIT()
NAMED_UNIT(*)
SI_UNIT(.MILLI.,.METRE.)
);
#2676=(
LENGTH_UNIT()
NAMED_UNIT(*)
SI_UNIT($,.METRE.)
);
#2677=(
NAMED_UNIT(*)
PLANE_ANGLE_UNIT()
SI_UNIT($,.RADIAN.)
);
#2678=(
NAMED_UNIT(*)
SI_UNIT($,.STERADIAN.)
SOLID_ANGLE_UNIT()
);
#2679=SHAPE_DEFINITION_REPRESENTATION(#2680,#2681);
#2680=PRODUCT_DEFINITION_SHAPE('',$,#2683);
#2681=SHAPE_REPRESENTATION('',(#1587),#2673);
#2682=PRODUCT_DEFINITION_CONTEXT('part definition',#2687,'design');
#2683=PRODUCT_DEFINITION('Component1','Component1 v7',#2684,#2682);
#2684=PRODUCT_DEFINITION_FORMATION('',$,#2689);
#2685=PRODUCT_RELATED_PRODUCT_CATEGORY('Component1 v7','Component1 v7',
(#2689));
#2686=APPLICATION_PROTOCOL_DEFINITION('international standard',
'automotive_design',2009,#2687);
#2687=APPLICATION_CONTEXT(
'Core Data for Automotive Mechanical Design Process');
#2688=PRODUCT_CONTEXT('part definition',#2687,'mechanical');
#2689=PRODUCT('Component1','Component1 v7',$,(#2688));
#2690=PRESENTATION_STYLE_ASSIGNMENT((#2692));
#2691=PRESENTATION_STYLE_ASSIGNMENT((#2693));
#2692=SURFACE_STYLE_USAGE(.BOTH.,#2694);
#2693=SURFACE_STYLE_USAGE(.BOTH.,#2695);
#2694=SURFACE_SIDE_STYLE('',(#2696));
#2695=SURFACE_SIDE_STYLE('',(#2697));
#2696=SURFACE_STYLE_FILL_AREA(#2698);
#2697=SURFACE_STYLE_FILL_AREA(#2699);
#2698=FILL_AREA_STYLE('Steel - Satin',(#2700));
#2699=FILL_AREA_STYLE('Powder Coat (Grey)',(#2701));
#2700=FILL_AREA_STYLE_COLOUR('Steel - Satin',#2702);
#2701=FILL_AREA_STYLE_COLOUR('Powder Coat (Grey)',#2703);
#2702=COLOUR_RGB('Steel - Satin',0.627450980392157,0.627450980392157,0.627450980392157);
#2703=COLOUR_RGB('Powder Coat (Grey)',0.701960784313725,0.701960784313725,
0.701960784313725);
ENDSEC;
END-ISO-10303-21;
