ISO-10303-21;
HEADER;
/* Generated by software containing ST-Developer
 * from STEP Tools, Inc. (www.steptools.com) 
 */

FILE_DESCRIPTION(
/* description */ (''),
/* implementation_level */ '2;1');

FILE_NAME(
/* name */ 'FluidDial_Base_RJ12.step',
/* time_stamp */ '2024-05-28T12:44:39-05:00',
/* author */ (''),
/* organization */ (''),
/* preprocessor_version */ 'ST-DEVELOPER v20',
/* originating_system */ 'Autodesk Translation Framework v13.14.0.145',

/* authorisation */ '');

FILE_SCHEMA (('AUTOMOTIVE_DESIGN { 1 0 10303 214 3 1 1 }'));
ENDSEC;

DATA;
#10=MECHANICAL_DESIGN_GEOMETRIC_PRESENTATION_REPRESENTATION('',(#13),#4177);
#11=SHAPE_REPRESENTATION_RELATIONSHIP('SRR','None',#4183,#12);
#12=ADVANCED_BREP_SHAPE_REPRESENTATION('',(#14),#4176);
#13=STYLED_ITEM('',(#4193),#14);
#14=MANIFOLD_SOLID_BREP('Body2',#1795);
#15=B_SPLINE_SURFACE_WITH_KNOTS('',3,3,((#2597,#2598,#2599,#2600),(#2601,
#2602,#2603,#2604),(#2605,#2606,#2607,#2608),(#2609,#2610,#2611,#2612),
(#2613,#2614,#2615,#2616),(#2617,#2618,#2619,#2620),(#2621,#2622,#2623,
#2624)),.UNSPECIFIED.,.F.,.F.,.F.,(4,1,1,1,4),(4,4),(0.,0.285714285714286,
0.571428571428571,0.857142857142857,1.),(-2.98494284844963E-11,0.219997898508608),
 .UNSPECIFIED.);
#16=B_SPLINE_SURFACE_WITH_KNOTS('',3,3,((#2651,#2652,#2653,#2654,#2655,
#2656),(#2657,#2658,#2659,#2660,#2661,#2662),(#2663,#2664,#2665,#2666,#2667,
#2668),(#2669,#2670,#2671,#2672,#2673,#2674),(#2675,#2676,#2677,#2678,#2679,
#2680),(#2681,#2682,#2683,#2684,#2685,#2686),(#2687,#2688,#2689,#2690,#2691,
#2692)),.UNSPECIFIED.,.F.,.F.,.F.,(4,1,1,1,4),(4,1,1,4),(0.,0.285714285714286,
0.571428571428571,0.857142857142857,1.),(0.219997594222655,0.556358606702545,
0.780599281689139,1.00483995667573),.UNSPECIFIED.);
#17=B_SPLINE_SURFACE_WITH_KNOTS('',3,3,((#2714,#2715,#2716,#2717),(#2718,
#2719,#2720,#2721),(#2722,#2723,#2724,#2725),(#2726,#2727,#2728,#2729),
(#2730,#2731,#2732,#2733),(#2734,#2735,#2736,#2737),(#2738,#2739,#2740,
#2741)),.UNSPECIFIED.,.F.,.F.,.F.,(4,1,1,1,4),(4,4),(0.,0.285714285714286,
0.571428571428571,0.857142857142857,1.),(1.00483995667574,1.22481909488254),
 .UNSPECIFIED.);
#18=B_SPLINE_SURFACE_WITH_KNOTS('',3,3,((#2759,#2760,#2761,#2762,#2763),
(#2764,#2765,#2766,#2767,#2768),(#2769,#2770,#2771,#2772,#2773),(#2774,
#2775,#2776,#2777,#2778),(#2779,#2780,#2781,#2782,#2783),(#2784,#2785,#2786,
#2787,#2788),(#2789,#2790,#2791,#2792,#2793)),.UNSPECIFIED.,.F.,.F.,.F.,
(4,1,1,1,4),(4,1,4),(0.,0.285714285714286,0.571428571428571,0.857142857142857,
1.),(1.22481909488251,1.29210751235848,1.38182540232643),.UNSPECIFIED.);
#19=B_SPLINE_SURFACE_WITH_KNOTS('',3,3,((#2812,#2813,#2814,#2815),(#2816,
#2817,#2818,#2819),(#2820,#2821,#2822,#2823),(#2824,#2825,#2826,#2827),
(#2828,#2829,#2830,#2831),(#2832,#2833,#2834,#2835),(#2836,#2837,#2838,
#2839)),.UNSPECIFIED.,.F.,.F.,.F.,(4,1,1,1,4),(4,4),(0.,0.285714285714286,
0.571428571428571,0.857142857142857,1.),(1.381825402324,4.84178471877412),
 .UNSPECIFIED.);
#20=B_SPLINE_SURFACE_WITH_KNOTS('',3,3,((#2852,#2853,#2854,#2855,#2856),
(#2857,#2858,#2859,#2860,#2861),(#2862,#2863,#2864,#2865,#2866),(#2867,
#2868,#2869,#2870,#2871),(#2872,#2873,#2874,#2875,#2876),(#2877,#2878,#2879,
#2880,#2881),(#2882,#2883,#2884,#2885,#2886)),.UNSPECIFIED.,.F.,.F.,.F.,
(4,1,1,1,4),(4,1,4),(0.,0.285714285714286,0.571428571428571,0.857142857142857,
1.),(4.84178471877412,4.93150288910773,4.99879151685794),.UNSPECIFIED.);
#21=B_SPLINE_SURFACE_WITH_KNOTS('',3,3,((#2906,#2907,#2908,#2909),(#2910,
#2911,#2912,#2913),(#2914,#2915,#2916,#2917),(#2918,#2919,#2920,#2921),
(#2922,#2923,#2924,#2925),(#2926,#2927,#2928,#2929),(#2930,#2931,#2932,
#2933)),.UNSPECIFIED.,.F.,.F.,.F.,(4,1,1,1,4),(4,4),(0.,0.285714285714286,
0.571428571428571,0.857142857142857,1.),(4.99879102621402,5.21877046870997),
 .UNSPECIFIED.);
#22=B_SPLINE_SURFACE_WITH_KNOTS('',3,3,((#2951,#2952,#2953,#2954,#2955,
#2956),(#2957,#2958,#2959,#2960,#2961,#2962),(#2963,#2964,#2965,#2966,#2967,
#2968),(#2969,#2970,#2971,#2972,#2973,#2974),(#2975,#2976,#2977,#2978,#2979,
#2980),(#2981,#2982,#2983,#2984,#2985,#2986),(#2987,#2988,#2989,#2990,#2991,
#2992)),.UNSPECIFIED.,.F.,.F.,.F.,(4,1,1,1,4),(4,1,1,4),(0.,0.285714285714286,
0.571428571428571,0.857142857142857,1.),(5.21877016442093,5.55513117701609,
5.77937185207954,6.00361252714298),.UNSPECIFIED.);
#23=B_SPLINE_SURFACE_WITH_KNOTS('',3,3,((#3014,#3015,#3016,#3017),(#3018,
#3019,#3020,#3021),(#3022,#3023,#3024,#3025),(#3026,#3027,#3028,#3029),
(#3030,#3031,#3032,#3033),(#3034,#3035,#3036,#3037),(#3038,#3039,#3040,
#3041)),.UNSPECIFIED.,.F.,.F.,.F.,(4,1,1,1,4),(4,4),(0.,0.285714285714286,
0.571428571428571,0.857142857142857,1.),(6.00361252714298,6.22359166270518),
 .UNSPECIFIED.);
#24=B_SPLINE_SURFACE_WITH_KNOTS('',3,3,((#3059,#3060,#3061,#3062,#3063),
(#3064,#3065,#3066,#3067,#3068),(#3069,#3070,#3071,#3072,#3073),(#3074,
#3075,#3076,#3077,#3078),(#3079,#3080,#3081,#3082,#3083),(#3084,#3085,#3086,
#3087,#3088),(#3089,#3090,#3091,#3092,#3093)),.UNSPECIFIED.,.F.,.F.,.F.,
(4,1,1,1,4),(4,1,4),(0.,0.285714285714286,0.571428571428571,0.857142857142857,
1.),(6.22359166270515,6.29087965735968,6.38059698356572),.UNSPECIFIED.);
#25=B_SPLINE_SURFACE_WITH_KNOTS('',3,3,((#3113,#3114,#3115,#3116),(#3117,
#3118,#3119,#3120),(#3121,#3122,#3123,#3124),(#3125,#3126,#3127,#3128),
(#3129,#3130,#3131,#3132),(#3133,#3134,#3135,#3136),(#3137,#3138,#3139,
#3140)),.UNSPECIFIED.,.F.,.F.,.F.,(4,1,1,1,4),(4,4),(0.,0.285714285714286,
0.571428571428571,0.857142857142857,1.),(6.38059698355679,11.5922715839275),
 .UNSPECIFIED.);
#26=B_SPLINE_SURFACE_WITH_KNOTS('',3,3,((#3158,#3159,#3160,#3161,#3162),
(#3163,#3164,#3165,#3166,#3167),(#3168,#3169,#3170,#3171,#3172),(#3173,
#3174,#3175,#3176,#3177),(#3178,#3179,#3180,#3181,#3182),(#3183,#3184,#3185,
#3186,#3187),(#3188,#3189,#3190,#3191,#3192)),.UNSPECIFIED.,.F.,.F.,.F.,
(4,1,1,1,4),(4,1,4),(0.,0.285714285714286,0.571428571428571,0.857142857142857,
1.),(11.5922715839275,11.6595577921125,11.7492727363592),.UNSPECIFIED.);
#27=B_SPLINE_SURFACE_WITH_KNOTS('',3,3,((#3212,#3213,#3214,#3215),(#3216,
#3217,#3218,#3219),(#3220,#3221,#3222,#3223),(#3224,#3225,#3226,#3227),
(#3228,#3229,#3230,#3231),(#3232,#3233,#3234,#3235),(#3236,#3237,#3238,
#3239)),.UNSPECIFIED.,.F.,.F.,.F.,(4,1,1,1,4),(4,4),(0.,0.285714285714286,
0.571428571428571,0.857142857142857,1.),(11.7492727363592,11.799266152202),
 .UNSPECIFIED.);
#28=B_SPLINE_SURFACE_WITH_KNOTS('',3,3,((#3257,#3258,#3259,#3260,#3261,
#3262,#3263,#3264,#3265,#3266),(#3267,#3268,#3269,#3270,#3271,#3272,#3273,
#3274,#3275,#3276),(#3277,#3278,#3279,#3280,#3281,#3282,#3283,#3284,#3285,
#3286),(#3287,#3288,#3289,#3290,#3291,#3292,#3293,#3294,#3295,#3296),(#3297,
#3298,#3299,#3300,#3301,#3302,#3303,#3304,#3305,#3306),(#3307,#3308,#3309,
#3310,#3311,#3312,#3313,#3314,#3315,#3316),(#3317,#3318,#3319,#3320,#3321,
#3322,#3323,#3324,#3325,#3326)),.UNSPECIFIED.,.F.,.F.,.F.,(4,1,1,1,4),(4,
1,1,1,1,1,1,4),(0.,0.285714285714286,0.571428571428571,0.857142857142857,
1.),(11.7992661332432,12.1126570688424,12.4260480044417,12.7394389400409,
13.0528298756401,13.3662208112394,13.6796117468386,13.9930026824378),
 .UNSPECIFIED.);
#29=B_SPLINE_SURFACE_WITH_KNOTS('',3,3,((#3356,#3357,#3358,#3359),(#3360,
#3361,#3362,#3363),(#3364,#3365,#3366,#3367),(#3368,#3369,#3370,#3371),
(#3372,#3373,#3374,#3375),(#3376,#3377,#3378,#3379),(#3380,#3381,#3382,
#3383)),.UNSPECIFIED.,.F.,.F.,.F.,(4,1,1,1,4),(4,4),(0.,0.285714285714286,
0.571428571428571,0.857142857142857,1.),(13.9930026824378,14.0429961034676),
 .UNSPECIFIED.);
#30=B_SPLINE_SURFACE_WITH_KNOTS('',3,3,((#3401,#3402,#3403,#3404,#3405),
(#3406,#3407,#3408,#3409,#3410),(#3411,#3412,#3413,#3414,#3415),(#3416,
#3417,#3418,#3419,#3420),(#3421,#3422,#3423,#3424,#3425),(#3426,#3427,#3428,
#3429,#3430),(#3431,#3432,#3433,#3434,#3435)),.UNSPECIFIED.,.F.,.F.,.F.,
(4,1,1,1,4),(4,1,4),(0.,0.285714285714286,0.571428571428571,0.857142857142857,
1.),(14.042996079734,14.1102825523341,14.1999978491342),.UNSPECIFIED.);
#31=B_SPLINE_SURFACE_WITH_KNOTS('',3,3,((#3455,#3456,#3457,#3458),(#3459,
#3460,#3461,#3462),(#3463,#3464,#3465,#3466),(#3467,#3468,#3469,#3470),
(#3471,#3472,#3473,#3474),(#3475,#3476,#3477,#3478),(#3479,#3480,#3481,
#3482)),.UNSPECIFIED.,.F.,.F.,.F.,(4,1,1,1,4),(4,4),(0.,0.285714285714286,
0.571428571428571,0.857142857142857,1.),(14.199997849131,16.1182653226665),
 .UNSPECIFIED.);
#32=B_SPLINE_SURFACE_WITH_KNOTS('',3,3,((#3500,#3501,#3502,#3503,#3504,
#3505,#3506,#3507,#3508,#3509),(#3510,#3511,#3512,#3513,#3514,#3515,#3516,
#3517,#3518,#3519),(#3520,#3521,#3522,#3523,#3524,#3525,#3526,#3527,#3528,
#3529),(#3530,#3531,#3532,#3533,#3534,#3535,#3536,#3537,#3538,#3539),(#3540,
#3541,#3542,#3543,#3544,#3545,#3546,#3547,#3548,#3549),(#3550,#3551,#3552,
#3553,#3554,#3555,#3556,#3557,#3558,#3559),(#3560,#3561,#3562,#3563,#3564,
#3565,#3566,#3567,#3568,#3569)),.UNSPECIFIED.,.F.,.F.,.F.,(4,1,1,1,4),(4,
1,1,1,1,1,1,4),(0.,0.285714285714286,0.571428571428571,0.857142857142857,
1.),(16.1182652168289,17.3046128301496,18.4909604434702,19.6773080567909,
20.8636556701116,22.0500032834323,23.2363508967529,24.4226985100736),
 .UNSPECIFIED.);
#33=B_SPLINE_SURFACE_WITH_KNOTS('',3,3,((#3599,#3600,#3601,#3602),(#3603,
#3604,#3605,#3606),(#3607,#3608,#3609,#3610),(#3611,#3612,#3613,#3614),
(#3615,#3616,#3617,#3618),(#3619,#3620,#3621,#3622),(#3623,#3624,#3625,
#3626)),.UNSPECIFIED.,.F.,.F.,.F.,(4,1,1,1,4),(4,4),(0.,0.285714285714286,
0.571428571428571,0.857142857142857,1.),(24.4226985100736,26.3409658777737),
 .UNSPECIFIED.);
#34=B_SPLINE_SURFACE_WITH_KNOTS('',3,3,((#3644,#3645,#3646,#3647,#3648),
(#3649,#3650,#3651,#3652,#3653),(#3654,#3655,#3656,#3657,#3658),(#3659,
#3660,#3661,#3662,#3663),(#3664,#3665,#3666,#3667,#3668),(#3669,#3670,#3671,
#3672,#3673),(#3674,#3675,#3676,#3677,#3678)),.UNSPECIFIED.,.F.,.F.,.F.,
(4,1,1,1,4),(4,1,4),(0.,0.285714285714286,0.571428571428571,0.857142857142857,
1.),(26.3409658777737,26.4082523503714,26.4979676471685),.UNSPECIFIED.);
#35=B_SPLINE_SURFACE_WITH_KNOTS('',3,3,((#3698,#3699,#3700,#3701),(#3702,
#3703,#3704,#3705),(#3706,#3707,#3708,#3709),(#3710,#3711,#3712,#3713),
(#3714,#3715,#3716,#3717),(#3718,#3719,#3720,#3721),(#3722,#3723,#3724,
#3725)),.UNSPECIFIED.,.F.,.F.,.F.,(4,1,1,1,4),(4,4),(0.,0.285714285714286,
0.571428571428571,0.857142857142857,1.),(26.4979676471685,26.5479610634235),
 .UNSPECIFIED.);
#36=B_SPLINE_SURFACE_WITH_KNOTS('',3,3,((#3743,#3744,#3745,#3746,#3747,
#3748,#3749,#3750,#3751,#3752),(#3753,#3754,#3755,#3756,#3757,#3758,#3759,
#3760,#3761,#3762),(#3763,#3764,#3765,#3766,#3767,#3768,#3769,#3770,#3771,
#3772),(#3773,#3774,#3775,#3776,#3777,#3778,#3779,#3780,#3781,#3782),(#3783,
#3784,#3785,#3786,#3787,#3788,#3789,#3790,#3791,#3792),(#3793,#3794,#3795,
#3796,#3797,#3798,#3799,#3800,#3801,#3802),(#3803,#3804,#3805,#3806,#3807,
#3808,#3809,#3810,#3811,#3812)),.UNSPECIFIED.,.F.,.F.,.F.,(4,1,1,1,4),(4,
1,1,1,1,1,1,4),(0.,0.285714285714286,0.571428571428571,0.857142857142857,
1.),(26.5479610444647,26.8613519800639,27.1747429156632,27.4881338512624,
27.8015247868616,28.1149157224609,28.4283066580601,28.7416975936593),
 .UNSPECIFIED.);
#37=B_SPLINE_SURFACE_WITH_KNOTS('',3,3,((#3842,#3843,#3844,#3845),(#3846,
#3847,#3848,#3849),(#3850,#3851,#3852,#3853),(#3854,#3855,#3856,#3857),
(#3858,#3859,#3860,#3861),(#3862,#3863,#3864,#3865),(#3866,#3867,#3868,
#3869)),.UNSPECIFIED.,.F.,.F.,.F.,(4,1,1,1,4),(4,4),(0.,0.285714285714286,
0.571428571428571,0.857142857142857,1.),(28.7416975936593,28.7916910142748),
 .UNSPECIFIED.);
#38=B_SPLINE_SURFACE_WITH_KNOTS('',3,3,((#3887,#3888,#3889,#3890,#3891),
(#3892,#3893,#3894,#3895,#3896),(#3897,#3898,#3899,#3900,#3901),(#3902,
#3903,#3904,#3905,#3906),(#3907,#3908,#3909,#3910,#3911),(#3912,#3913,#3914,
#3915,#3916),(#3917,#3918,#3919,#3920,#3921)),.UNSPECIFIED.,.F.,.F.,.F.,
(4,1,1,1,4),(4,1,4),(0.,0.285714285714286,0.571428571428571,0.857142857142857,
1.),(28.7916909905433,28.8814059347956,28.9486921429848),.UNSPECIFIED.);
#39=B_SPLINE_SURFACE_WITH_KNOTS('',3,3,((#3941,#3942,#3943,#3944),(#3945,
#3946,#3947,#3948),(#3949,#3950,#3951,#3952),(#3953,#3954,#3955,#3956),
(#3957,#3958,#3959,#3960),(#3961,#3962,#3963,#3964),(#3965,#3966,#3967,
#3968)),.UNSPECIFIED.,.F.,.F.,.F.,(4,1,1,1,4),(4,4),(0.,0.285714285714286,
0.571428571428571,0.857142857142857,1.),(28.9486921429764,34.1603667431695),
 .UNSPECIFIED.);
#40=B_SPLINE_SURFACE_WITH_KNOTS('',3,3,((#3986,#3987,#3988,#3989,#3990),
(#3991,#3992,#3993,#3994,#3995),(#3996,#3997,#3998,#3999,#4000),(#4001,
#4002,#4003,#4004,#4005),(#4006,#4007,#4008,#4009,#4010),(#4011,#4012,#4013,
#4014,#4015),(#4016,#4017,#4018,#4019,#4020)),.UNSPECIFIED.,.F.,.F.,.F.,
(4,1,1,1,4),(4,1,4),(0.,0.285714285714286,0.571428571428571,0.857142857142857,
1.),(34.1603667431695,34.2276468271438,34.3173536057761),.UNSPECIFIED.);
#41=TOROIDAL_SURFACE('',#1856,3.8,3.);
#42=TOROIDAL_SURFACE('',#1862,3.80000000000001,3.);
#43=TOROIDAL_SURFACE('',#1868,28.8,3.);
#44=B_SPLINE_CURVE_WITH_KNOTS('',3,(#2429,#2430,#2431,#2432),
 .UNSPECIFIED.,.F.,.F.,(4,4),(-2.89,-0.0500000000000012),.UNSPECIFIED.);
#45=B_SPLINE_CURVE_WITH_KNOTS('',3,(#2452,#2453,#2454,#2455,#2456,#2457,
#2458,#2459,#2460,#2461),.UNSPECIFIED.,.F.,.F.,(4,3,3,4),(-0.283558499525331,
-0.184631530501058,-0.085704561476784,-0.0601386180209322),
 .UNSPECIFIED.);
#46=B_SPLINE_CURVE_WITH_KNOTS('',3,(#2465,#2466,#2467,#2468,#2469,#2470,
#2471,#2472,#2473,#2474),.UNSPECIFIED.,.F.,.F.,(4,3,3,4),(-0.319788031519338,
-0.283194677890248,-0.141597338945124,0.),.UNSPECIFIED.);
#47=B_SPLINE_CURVE_WITH_KNOTS('',3,(#2478,#2479,#2480,#2481),
 .UNSPECIFIED.,.F.,.F.,(4,4),(-4.84178471877412,-4.53195358858164),
 .UNSPECIFIED.);
#48=B_SPLINE_CURVE_WITH_KNOTS('',3,(#2502,#2503,#2504,#2505),
 .UNSPECIFIED.,.F.,.F.,(4,4),(-1.69165653251537,-1.381825402324),
 .UNSPECIFIED.);
#49=B_SPLINE_CURVE_WITH_KNOTS('',3,(#2627,#2628,#2629,#2630,#2631,#2632,
#2633),.UNSPECIFIED.,.F.,.F.,(4,1,1,1,4),(0.,0.285714285714286,0.571428571428571,
0.857142857142857,1.),.UNSPECIFIED.);
#50=B_SPLINE_CURVE_WITH_KNOTS('',3,(#2635,#2636,#2637,#2638),
 .UNSPECIFIED.,.F.,.F.,(4,4),(-2.98494284844963E-11,0.219997289937125),
 .UNSPECIFIED.);
#51=B_SPLINE_CURVE_WITH_KNOTS('',3,(#2640,#2641,#2642,#2643,#2644,#2645,
#2646),.UNSPECIFIED.,.F.,.F.,(4,1,1,1,4),(-1.,-0.857142857142857,-0.571428571428571,
-0.285714285714286,0.),.UNSPECIFIED.);
#52=B_SPLINE_CURVE_WITH_KNOTS('',3,(#2647,#2648,#2649,#2650),
 .UNSPECIFIED.,.F.,.F.,(4,4),(-0.219997289937125,2.98494284844963E-11),
 .UNSPECIFIED.);
#53=B_SPLINE_CURVE_WITH_KNOTS('',3,(#2695,#2696,#2697,#2698,#2699,#2700,
#2701),.UNSPECIFIED.,.F.,.F.,(4,1,1,1,4),(-1.,-0.857142857142857,-0.571428571428571,
-0.285714285714286,0.),.UNSPECIFIED.);
#54=B_SPLINE_CURVE_WITH_KNOTS('',3,(#2702,#2703,#2704,#2705,#2706,#2707),
 .UNSPECIFIED.,.F.,.F.,(4,1,1,4),(-1.00483995667573,-0.780599281689139,
-0.556358606702545,-0.219997594222655),.UNSPECIFIED.);
#55=B_SPLINE_CURVE_WITH_KNOTS('',3,(#2708,#2709,#2710,#2711,#2712,#2713),
 .UNSPECIFIED.,.F.,.F.,(4,1,1,4),(0.219997594222655,0.556358606702545,0.780599281689139,
1.00483995667573),.UNSPECIFIED.);
#56=B_SPLINE_CURVE_WITH_KNOTS('',3,(#2744,#2745,#2746,#2747,#2748,#2749,
#2750),.UNSPECIFIED.,.F.,.F.,(4,1,1,1,4),(-1.,-0.857142857142857,-0.571428571428571,
-0.285714285714286,0.),.UNSPECIFIED.);
#57=B_SPLINE_CURVE_WITH_KNOTS('',3,(#2751,#2752,#2753,#2754),
 .UNSPECIFIED.,.F.,.F.,(4,4),(-1.22481909488254,-1.00483995667574),
 .UNSPECIFIED.);
#58=B_SPLINE_CURVE_WITH_KNOTS('',3,(#2755,#2756,#2757,#2758),
 .UNSPECIFIED.,.F.,.F.,(4,4),(1.00483995667574,1.22481909488254),
 .UNSPECIFIED.);
#59=B_SPLINE_CURVE_WITH_KNOTS('',3,(#2795,#2796,#2797,#2798,#2799,#2800,
#2801),.UNSPECIFIED.,.F.,.F.,(4,1,1,1,4),(-1.,-0.857142857142857,-0.571428571428571,
-0.285714285714286,0.),.UNSPECIFIED.);
#60=B_SPLINE_CURVE_WITH_KNOTS('',3,(#2802,#2803,#2804,#2805,#2806),
 .UNSPECIFIED.,.F.,.F.,(4,1,4),(-1.38182540232643,-1.29210751235848,-1.22481909488251),
 .UNSPECIFIED.);
#61=B_SPLINE_CURVE_WITH_KNOTS('',3,(#2807,#2808,#2809,#2810,#2811),
 .UNSPECIFIED.,.F.,.F.,(4,1,4),(1.22481909488251,1.29210751235848,1.38182540232643),
 .UNSPECIFIED.);
#62=B_SPLINE_CURVE_WITH_KNOTS('',3,(#2841,#2842,#2843,#2844),
 .UNSPECIFIED.,.F.,.F.,(4,4),(1.381825402324,4.84178471877412),
 .UNSPECIFIED.);
#63=B_SPLINE_CURVE_WITH_KNOTS('',3,(#2845,#2846,#2847,#2848,#2849,#2850,
#2851),.UNSPECIFIED.,.F.,.F.,(4,1,1,1,4),(-1.,-0.857142857142857,-0.571428571428571,
-0.285714285714286,0.),.UNSPECIFIED.);
#64=B_SPLINE_CURVE_WITH_KNOTS('',3,(#2889,#2890,#2891,#2892,#2893,#2894,
#2895),.UNSPECIFIED.,.F.,.F.,(4,1,1,1,4),(-1.,-0.857142857142857,-0.571428571428571,
-0.285714285714286,0.),.UNSPECIFIED.);
#65=B_SPLINE_CURVE_WITH_KNOTS('',3,(#2896,#2897,#2898,#2899,#2900),
 .UNSPECIFIED.,.F.,.F.,(4,1,4),(-4.99879102621402,-4.93150288910773,-4.84178471877412),
 .UNSPECIFIED.);
#66=B_SPLINE_CURVE_WITH_KNOTS('',3,(#2901,#2902,#2903,#2904,#2905),
 .UNSPECIFIED.,.F.,.F.,(4,1,4),(4.84178471877412,4.93150288910773,4.99879053557163),
 .UNSPECIFIED.);
#67=B_SPLINE_CURVE_WITH_KNOTS('',3,(#2936,#2937,#2938,#2939,#2940,#2941,
#2942),.UNSPECIFIED.,.F.,.F.,(4,1,1,1,4),(-1.,-0.857142857142857,-0.571428571428571,
-0.285714285714286,0.),.UNSPECIFIED.);
#68=B_SPLINE_CURVE_WITH_KNOTS('',3,(#2943,#2944,#2945,#2946),
 .UNSPECIFIED.,.F.,.F.,(4,4),(-5.21876986013231,-4.99879102621402),
 .UNSPECIFIED.);
#69=B_SPLINE_CURVE_WITH_KNOTS('',3,(#2947,#2948,#2949,#2950),
 .UNSPECIFIED.,.F.,.F.,(4,4),(4.99879102621402,5.21876986013231),
 .UNSPECIFIED.);
#70=B_SPLINE_CURVE_WITH_KNOTS('',3,(#2995,#2996,#2997,#2998,#2999,#3000,
#3001),.UNSPECIFIED.,.F.,.F.,(4,1,1,1,4),(-1.,-0.857142857142857,-0.571428571428571,
-0.285714285714286,0.),.UNSPECIFIED.);
#71=B_SPLINE_CURVE_WITH_KNOTS('',3,(#3002,#3003,#3004,#3005,#3006,#3007),
 .UNSPECIFIED.,.F.,.F.,(4,1,1,4),(-6.00361252714298,-5.77937185207954,-5.55513117701609,
-5.21877016442093),.UNSPECIFIED.);
#72=B_SPLINE_CURVE_WITH_KNOTS('',3,(#3008,#3009,#3010,#3011,#3012,#3013),
 .UNSPECIFIED.,.F.,.F.,(4,1,1,4),(5.21877016442093,5.55513117701609,5.77937185207954,
6.00361252714298),.UNSPECIFIED.);
#73=B_SPLINE_CURVE_WITH_KNOTS('',3,(#3044,#3045,#3046,#3047,#3048,#3049,
#3050),.UNSPECIFIED.,.F.,.F.,(4,1,1,1,4),(-1.,-0.857142857142857,-0.571428571428571,
-0.285714285714286,0.),.UNSPECIFIED.);
#74=B_SPLINE_CURVE_WITH_KNOTS('',3,(#3051,#3052,#3053,#3054),
 .UNSPECIFIED.,.F.,.F.,(4,4),(-6.22359166270518,-6.00361252714298),
 .UNSPECIFIED.);
#75=B_SPLINE_CURVE_WITH_KNOTS('',3,(#3055,#3056,#3057,#3058),
 .UNSPECIFIED.,.F.,.F.,(4,4),(6.00361252714298,6.22359166270518),
 .UNSPECIFIED.);
#76=B_SPLINE_CURVE_WITH_KNOTS('',3,(#3096,#3097,#3098,#3099,#3100,#3101,
#3102),.UNSPECIFIED.,.F.,.F.,(4,1,1,1,4),(-1.,-0.857142857142857,-0.571428571428571,
-0.285714285714286,0.),.UNSPECIFIED.);
#77=B_SPLINE_CURVE_WITH_KNOTS('',3,(#3103,#3104,#3105,#3106,#3107),
 .UNSPECIFIED.,.F.,.F.,(4,1,4),(-6.38059698356572,-6.29087965735968,-6.22359166270515),
 .UNSPECIFIED.);
#78=B_SPLINE_CURVE_WITH_KNOTS('',3,(#3108,#3109,#3110,#3111,#3112),
 .UNSPECIFIED.,.F.,.F.,(4,1,4),(6.22359166270515,6.29087965735968,6.38059698356572),
 .UNSPECIFIED.);
#79=B_SPLINE_CURVE_WITH_KNOTS('',3,(#3143,#3144,#3145,#3146,#3147,#3148,
#3149),.UNSPECIFIED.,.F.,.F.,(4,1,1,1,4),(-1.,-0.857142857142857,-0.571428571428571,
-0.285714285714286,0.),.UNSPECIFIED.);
#80=B_SPLINE_CURVE_WITH_KNOTS('',3,(#3150,#3151,#3152,#3153),
 .UNSPECIFIED.,.F.,.F.,(4,4),(-11.5922715839275,-6.38059698355679),
 .UNSPECIFIED.);
#81=B_SPLINE_CURVE_WITH_KNOTS('',3,(#3154,#3155,#3156,#3157),
 .UNSPECIFIED.,.F.,.F.,(4,4),(6.38059698355679,11.5922715839275),
 .UNSPECIFIED.);
#82=B_SPLINE_CURVE_WITH_KNOTS('',3,(#3195,#3196,#3197,#3198,#3199,#3200,
#3201),.UNSPECIFIED.,.F.,.F.,(4,1,1,1,4),(-1.,-0.857142857142857,-0.571428571428571,
-0.285714285714286,0.),.UNSPECIFIED.);
#83=B_SPLINE_CURVE_WITH_KNOTS('',3,(#3202,#3203,#3204,#3205,#3206),
 .UNSPECIFIED.,.F.,.F.,(4,1,4),(-11.7492727363592,-11.6595577921125,-11.5922715839275),
 .UNSPECIFIED.);
#84=B_SPLINE_CURVE_WITH_KNOTS('',3,(#3207,#3208,#3209,#3210,#3211),
 .UNSPECIFIED.,.F.,.F.,(4,1,4),(11.5922715839275,11.6595577921125,11.7492727363592),
 .UNSPECIFIED.);
#85=B_SPLINE_CURVE_WITH_KNOTS('',3,(#3242,#3243,#3244,#3245,#3246,#3247,
#3248),.UNSPECIFIED.,.F.,.F.,(4,1,1,1,4),(-1.,-0.857142857142857,-0.571428571428571,
-0.285714285714286,0.),.UNSPECIFIED.);
#86=B_SPLINE_CURVE_WITH_KNOTS('',3,(#3249,#3250,#3251,#3252),
 .UNSPECIFIED.,.F.,.F.,(4,4),(-11.7992661142844,-11.7492727363592),
 .UNSPECIFIED.);
#87=B_SPLINE_CURVE_WITH_KNOTS('',3,(#3253,#3254,#3255,#3256),
 .UNSPECIFIED.,.F.,.F.,(4,4),(11.7492727363592,11.7992661142844),
 .UNSPECIFIED.);
#88=B_SPLINE_CURVE_WITH_KNOTS('',3,(#3329,#3330,#3331,#3332,#3333,#3334,
#3335),.UNSPECIFIED.,.F.,.F.,(4,1,1,1,4),(-1.,-0.857142857142857,-0.571428571428571,
-0.285714285714286,0.),.UNSPECIFIED.);
#89=B_SPLINE_CURVE_WITH_KNOTS('',3,(#3336,#3337,#3338,#3339,#3340,#3341,
#3342,#3343,#3344,#3345),.UNSPECIFIED.,.F.,.F.,(4,1,1,1,1,1,1,4),(-13.9930026824378,
-13.6796117468386,-13.3662208112394,-13.0528298756401,-12.7394389400409,
-12.4260480044417,-12.1126570688424,-11.7992661332432),.UNSPECIFIED.);
#90=B_SPLINE_CURVE_WITH_KNOTS('',3,(#3346,#3347,#3348,#3349,#3350,#3351,
#3352,#3353,#3354,#3355),.UNSPECIFIED.,.F.,.F.,(4,1,1,1,1,1,1,4),(11.7992661332432,
12.1126570688424,12.4260480044417,12.7394389400409,13.0528298756401,13.3662208112394,
13.6796117468386,13.9930026824378),.UNSPECIFIED.);
#91=B_SPLINE_CURVE_WITH_KNOTS('',3,(#3386,#3387,#3388,#3389,#3390,#3391,
#3392),.UNSPECIFIED.,.F.,.F.,(4,1,1,1,4),(-1.,-0.857142857142857,-0.571428571428571,
-0.285714285714286,0.),.UNSPECIFIED.);
#92=B_SPLINE_CURVE_WITH_KNOTS('',3,(#3393,#3394,#3395,#3396),
 .UNSPECIFIED.,.F.,.F.,(4,4),(-14.0429960560005,-13.9930026824378),
 .UNSPECIFIED.);
#93=B_SPLINE_CURVE_WITH_KNOTS('',3,(#3397,#3398,#3399,#3400),
 .UNSPECIFIED.,.F.,.F.,(4,4),(13.9930026824378,14.0429960560005),
 .UNSPECIFIED.);
#94=B_SPLINE_CURVE_WITH_KNOTS('',3,(#3438,#3439,#3440,#3441,#3442,#3443,
#3444),.UNSPECIFIED.,.F.,.F.,(4,1,1,1,4),(-1.,-0.857142857142857,-0.571428571428571,
-0.285714285714286,0.),.UNSPECIFIED.);
#95=B_SPLINE_CURVE_WITH_KNOTS('',3,(#3445,#3446,#3447,#3448,#3449),
 .UNSPECIFIED.,.F.,.F.,(4,1,4),(-14.1999978491342,-14.1102825523341,-14.042996079734),
 .UNSPECIFIED.);
#96=B_SPLINE_CURVE_WITH_KNOTS('',3,(#3450,#3451,#3452,#3453,#3454),
 .UNSPECIFIED.,.F.,.F.,(4,1,4),(14.042996079734,14.1102825523341,14.1999978491342),
 .UNSPECIFIED.);
#97=B_SPLINE_CURVE_WITH_KNOTS('',3,(#3485,#3486,#3487,#3488,#3489,#3490,
#3491),.UNSPECIFIED.,.F.,.F.,(4,1,1,1,4),(-1.,-0.857142857142857,-0.571428571428571,
-0.285714285714286,0.),.UNSPECIFIED.);
#98=B_SPLINE_CURVE_WITH_KNOTS('',3,(#3492,#3493,#3494,#3495),
 .UNSPECIFIED.,.F.,.F.,(4,4),(-16.1182651109913,-14.199997849131),
 .UNSPECIFIED.);
#99=B_SPLINE_CURVE_WITH_KNOTS('',3,(#3496,#3497,#3498,#3499),
 .UNSPECIFIED.,.F.,.F.,(4,4),(14.199997849131,16.1182651109913),
 .UNSPECIFIED.);
#100=B_SPLINE_CURVE_WITH_KNOTS('',3,(#3572,#3573,#3574,#3575,#3576,#3577,
#3578),.UNSPECIFIED.,.F.,.F.,(4,1,1,1,4),(-1.,-0.857142857142857,-0.571428571428571,
-0.285714285714286,0.),.UNSPECIFIED.);
#101=B_SPLINE_CURVE_WITH_KNOTS('',3,(#3579,#3580,#3581,#3582,#3583,#3584,
#3585,#3586,#3587,#3588),.UNSPECIFIED.,.F.,.F.,(4,1,1,1,1,1,1,4),(-24.4226985100736,
-23.2363508967529,-22.0500032834323,-20.8636556701116,-19.6773080567909,
-18.4909604434702,-17.3046128301496,-16.1182652168289),.UNSPECIFIED.);
#102=B_SPLINE_CURVE_WITH_KNOTS('',3,(#3589,#3590,#3591,#3592,#3593,#3594,
#3595,#3596,#3597,#3598),.UNSPECIFIED.,.F.,.F.,(4,1,1,1,1,1,1,4),(16.1182652168289,
17.3046128301496,18.4909604434702,19.6773080567909,20.8636556701116,22.0500032834323,
23.2363508967529,24.4226985100736),.UNSPECIFIED.);
#103=B_SPLINE_CURVE_WITH_KNOTS('',3,(#3629,#3630,#3631,#3632,#3633,#3634,
#3635),.UNSPECIFIED.,.F.,.F.,(4,1,1,1,4),(-1.,-0.857142857142857,-0.571428571428571,
-0.285714285714286,0.),.UNSPECIFIED.);
#104=B_SPLINE_CURVE_WITH_KNOTS('',3,(#3636,#3637,#3638,#3639),
 .UNSPECIFIED.,.F.,.F.,(4,4),(-26.3409658777737,-24.4226985100736),
 .UNSPECIFIED.);
#105=B_SPLINE_CURVE_WITH_KNOTS('',3,(#3640,#3641,#3642,#3643),
 .UNSPECIFIED.,.F.,.F.,(4,4),(24.4226985100736,26.3409658777737),
 .UNSPECIFIED.);
#106=B_SPLINE_CURVE_WITH_KNOTS('',3,(#3681,#3682,#3683,#3684,#3685,#3686,
#3687),.UNSPECIFIED.,.F.,.F.,(4,1,1,1,4),(-1.,-0.857142857142857,-0.571428571428571,
-0.285714285714286,0.),.UNSPECIFIED.);
#107=B_SPLINE_CURVE_WITH_KNOTS('',3,(#3688,#3689,#3690,#3691,#3692),
 .UNSPECIFIED.,.F.,.F.,(4,1,4),(-26.4979676471685,-26.4082523503714,-26.3409658777737),
 .UNSPECIFIED.);
#108=B_SPLINE_CURVE_WITH_KNOTS('',3,(#3693,#3694,#3695,#3696,#3697),
 .UNSPECIFIED.,.F.,.F.,(4,1,4),(26.3409658777737,26.4082523503714,26.4979676471685),
 .UNSPECIFIED.);
#109=B_SPLINE_CURVE_WITH_KNOTS('',3,(#3728,#3729,#3730,#3731,#3732,#3733,
#3734),.UNSPECIFIED.,.F.,.F.,(4,1,1,1,4),(-1.,-0.857142857142857,-0.571428571428571,
-0.285714285714286,0.),.UNSPECIFIED.);
#110=B_SPLINE_CURVE_WITH_KNOTS('',3,(#3735,#3736,#3737,#3738),
 .UNSPECIFIED.,.F.,.F.,(4,4),(-26.5479610255059,-26.4979676471685),
 .UNSPECIFIED.);
#111=B_SPLINE_CURVE_WITH_KNOTS('',3,(#3739,#3740,#3741,#3742),
 .UNSPECIFIED.,.F.,.F.,(4,4),(26.4979676471685,26.5479610255059),
 .UNSPECIFIED.);
#112=B_SPLINE_CURVE_WITH_KNOTS('',3,(#3815,#3816,#3817,#3818,#3819,#3820,
#3821),.UNSPECIFIED.,.F.,.F.,(4,1,1,1,4),(-1.,-0.857142857142857,-0.571428571428571,
-0.285714285714286,0.),.UNSPECIFIED.);
#113=B_SPLINE_CURVE_WITH_KNOTS('',3,(#3822,#3823,#3824,#3825,#3826,#3827,
#3828,#3829,#3830,#3831),.UNSPECIFIED.,.F.,.F.,(4,1,1,1,1,1,1,4),(-28.7416975936593,
-28.4283066580601,-28.1149157224609,-27.8015247868616,-27.4881338512624,
-27.1747429156632,-26.8613519800639,-26.5479610444647),.UNSPECIFIED.);
#114=B_SPLINE_CURVE_WITH_KNOTS('',3,(#3832,#3833,#3834,#3835,#3836,#3837,
#3838,#3839,#3840,#3841),.UNSPECIFIED.,.F.,.F.,(4,1,1,1,1,1,1,4),(26.5479610444647,
26.8613519800639,27.1747429156632,27.4881338512624,27.8015247868616,28.1149157224609,
28.4283066580601,28.7416975936593),.UNSPECIFIED.);
#115=B_SPLINE_CURVE_WITH_KNOTS('',3,(#3872,#3873,#3874,#3875,#3876,#3877,
#3878),.UNSPECIFIED.,.F.,.F.,(4,1,1,1,4),(-1.,-0.857142857142857,-0.571428571428571,
-0.285714285714286,0.),.UNSPECIFIED.);
#116=B_SPLINE_CURVE_WITH_KNOTS('',3,(#3879,#3880,#3881,#3882),
 .UNSPECIFIED.,.F.,.F.,(4,4),(-28.7916909668118,-28.7416975936593),
 .UNSPECIFIED.);
#117=B_SPLINE_CURVE_WITH_KNOTS('',3,(#3883,#3884,#3885,#3886),
 .UNSPECIFIED.,.F.,.F.,(4,4),(28.7416975936593,28.7916909668118),
 .UNSPECIFIED.);
#118=B_SPLINE_CURVE_WITH_KNOTS('',3,(#3924,#3925,#3926,#3927,#3928,#3929,
#3930),.UNSPECIFIED.,.F.,.F.,(4,1,1,1,4),(-1.,-0.857142857142857,-0.571428571428571,
-0.285714285714286,0.),.UNSPECIFIED.);
#119=B_SPLINE_CURVE_WITH_KNOTS('',3,(#3931,#3932,#3933,#3934,#3935),
 .UNSPECIFIED.,.F.,.F.,(4,1,4),(-28.9486921429848,-28.8814059347956,-28.7916909905433),
 .UNSPECIFIED.);
#120=B_SPLINE_CURVE_WITH_KNOTS('',3,(#3936,#3937,#3938,#3939,#3940),
 .UNSPECIFIED.,.F.,.F.,(4,1,4),(28.7916909905433,28.8814059347956,28.9486921429848),
 .UNSPECIFIED.);
#121=B_SPLINE_CURVE_WITH_KNOTS('',3,(#3971,#3972,#3973,#3974,#3975,#3976,
#3977),.UNSPECIFIED.,.F.,.F.,(4,1,1,1,4),(-1.,-0.857142857142857,-0.571428571428571,
-0.285714285714286,0.),.UNSPECIFIED.);
#122=B_SPLINE_CURVE_WITH_KNOTS('',3,(#3978,#3979,#3980,#3981),
 .UNSPECIFIED.,.F.,.F.,(4,4),(-34.1603667431695,-28.9486921429764),
 .UNSPECIFIED.);
#123=B_SPLINE_CURVE_WITH_KNOTS('',3,(#3982,#3983,#3984,#3985),
 .UNSPECIFIED.,.F.,.F.,(4,4),(28.9486921429764,34.1603667431695),
 .UNSPECIFIED.);
#124=B_SPLINE_CURVE_WITH_KNOTS('',3,(#4021,#4022,#4023,#4024,#4025),
 .UNSPECIFIED.,.F.,.F.,(4,1,4),(-34.3173536057761,-34.2276468271438,-34.1603667431695),
 .UNSPECIFIED.);
#125=B_SPLINE_CURVE_WITH_KNOTS('',3,(#4026,#4027,#4028,#4029,#4030),
 .UNSPECIFIED.,.F.,.F.,(4,1,4),(34.1603667431695,34.2276468271438,34.3173536057761),
 .UNSPECIFIED.);
#126=CYLINDRICAL_SURFACE('',#1802,1.875);
#127=CYLINDRICAL_SURFACE('',#1809,1.875);
#128=CYLINDRICAL_SURFACE('',#1816,1.75);
#129=CYLINDRICAL_SURFACE('',#1823,1.75);
#130=CYLINDRICAL_SURFACE('',#1831,3.5);
#131=CYLINDRICAL_SURFACE('',#1833,3.5);
#132=CYLINDRICAL_SURFACE('',#1835,3.5);
#133=CYLINDRICAL_SURFACE('',#1837,3.5);
#134=CYLINDRICAL_SURFACE('',#1853,3.);
#135=CYLINDRICAL_SURFACE('',#1860,3.);
#136=CYLINDRICAL_SURFACE('',#1866,3.);
#137=CYLINDRICAL_SURFACE('',#1872,6.8);
#138=CYLINDRICAL_SURFACE('',#1876,3.);
#139=CYLINDRICAL_SURFACE('',#1879,28.5);
#140=CYLINDRICAL_SURFACE('',#1881,3.);
#141=CYLINDRICAL_SURFACE('',#1884,5.);
#142=CYLINDRICAL_SURFACE('',#1887,3.);
#143=CYLINDRICAL_SURFACE('',#1890,3.);
#144=CYLINDRICAL_SURFACE('',#1894,3.);
#145=CYLINDRICAL_SURFACE('',#1896,3.);
#146=CYLINDRICAL_SURFACE('',#1899,3.);
#147=CYLINDRICAL_SURFACE('',#1901,3.);
#148=CYLINDRICAL_SURFACE('',#1903,3.);
#149=CYLINDRICAL_SURFACE('',#1905,3.);
#150=CYLINDRICAL_SURFACE('',#1909,5.);
#151=CYLINDRICAL_SURFACE('',#1918,3.50000000000001);
#152=CYLINDRICAL_SURFACE('',#1920,5.30000000000001);
#153=CYLINDRICAL_SURFACE('',#1923,5.29999999999999);
#154=CYLINDRICAL_SURFACE('',#1926,30.3);
#155=CYLINDRICAL_SURFACE('',#1931,3.5);
#156=CYLINDRICAL_SURFACE('',#1932,6.80000000000001);
#157=CYLINDRICAL_SURFACE('',#1933,31.8);
#158=FACE_BOUND('',#319,.T.);
#159=FACE_BOUND('',#323,.T.);
#160=FACE_BOUND('',#327,.T.);
#161=FACE_BOUND('',#331,.T.);
#162=FACE_BOUND('',#361,.T.);
#163=FACE_BOUND('',#362,.T.);
#164=FACE_BOUND('',#363,.T.);
#165=FACE_BOUND('',#364,.T.);
#166=FACE_BOUND('',#413,.T.);
#167=FACE_BOUND('',#417,.T.);
#168=FACE_BOUND('',#419,.T.);
#169=FACE_BOUND('',#422,.T.);
#170=PLANE('',#1800);
#171=PLANE('',#1807);
#172=PLANE('',#1814);
#173=PLANE('',#1821);
#174=PLANE('',#1825);
#175=PLANE('',#1826);
#176=PLANE('',#1827);
#177=PLANE('',#1828);
#178=PLANE('',#1829);
#179=PLANE('',#1830);
#180=PLANE('',#1839);
#181=PLANE('',#1840);
#182=PLANE('',#1841);
#183=PLANE('',#1842);
#184=PLANE('',#1843);
#185=PLANE('',#1844);
#186=PLANE('',#1845);
#187=PLANE('',#1852);
#188=PLANE('',#1871);
#189=PLANE('',#1873);
#190=PLANE('',#1874);
#191=PLANE('',#1875);
#192=PLANE('',#1878);
#193=PLANE('',#1883);
#194=PLANE('',#1886);
#195=PLANE('',#1889);
#196=PLANE('',#1892);
#197=PLANE('',#1893);
#198=PLANE('',#1898);
#199=PLANE('',#1907);
#200=PLANE('',#1908);
#201=PLANE('',#1911);
#202=PLANE('',#1912);
#203=PLANE('',#1913);
#204=PLANE('',#1915);
#205=PLANE('',#1916);
#206=PLANE('',#1922);
#207=PLANE('',#1925);
#208=PLANE('',#1928);
#209=PLANE('',#1929);
#210=PLANE('',#1934);
#211=FACE_OUTER_BOUND('',#317,.T.);
#212=FACE_OUTER_BOUND('',#318,.T.);
#213=FACE_OUTER_BOUND('',#320,.T.);
#214=FACE_OUTER_BOUND('',#321,.T.);
#215=FACE_OUTER_BOUND('',#322,.T.);
#216=FACE_OUTER_BOUND('',#324,.T.);
#217=FACE_OUTER_BOUND('',#325,.T.);
#218=FACE_OUTER_BOUND('',#326,.T.);
#219=FACE_OUTER_BOUND('',#328,.T.);
#220=FACE_OUTER_BOUND('',#329,.T.);
#221=FACE_OUTER_BOUND('',#330,.T.);
#222=FACE_OUTER_BOUND('',#332,.T.);
#223=FACE_OUTER_BOUND('',#333,.T.);
#224=FACE_OUTER_BOUND('',#334,.T.);
#225=FACE_OUTER_BOUND('',#335,.T.);
#226=FACE_OUTER_BOUND('',#336,.T.);
#227=FACE_OUTER_BOUND('',#337,.T.);
#228=FACE_OUTER_BOUND('',#338,.T.);
#229=FACE_OUTER_BOUND('',#339,.T.);
#230=FACE_OUTER_BOUND('',#340,.T.);
#231=FACE_OUTER_BOUND('',#341,.T.);
#232=FACE_OUTER_BOUND('',#342,.T.);
#233=FACE_OUTER_BOUND('',#343,.T.);
#234=FACE_OUTER_BOUND('',#344,.T.);
#235=FACE_OUTER_BOUND('',#345,.T.);
#236=FACE_OUTER_BOUND('',#346,.T.);
#237=FACE_OUTER_BOUND('',#347,.T.);
#238=FACE_OUTER_BOUND('',#348,.T.);
#239=FACE_OUTER_BOUND('',#349,.T.);
#240=FACE_OUTER_BOUND('',#350,.T.);
#241=FACE_OUTER_BOUND('',#351,.T.);
#242=FACE_OUTER_BOUND('',#352,.T.);
#243=FACE_OUTER_BOUND('',#353,.T.);
#244=FACE_OUTER_BOUND('',#354,.T.);
#245=FACE_OUTER_BOUND('',#355,.T.);
#246=FACE_OUTER_BOUND('',#356,.T.);
#247=FACE_OUTER_BOUND('',#357,.T.);
#248=FACE_OUTER_BOUND('',#358,.T.);
#249=FACE_OUTER_BOUND('',#359,.T.);
#250=FACE_OUTER_BOUND('',#360,.T.);
#251=FACE_OUTER_BOUND('',#365,.T.);
#252=FACE_OUTER_BOUND('',#366,.T.);
#253=FACE_OUTER_BOUND('',#367,.T.);
#254=FACE_OUTER_BOUND('',#368,.T.);
#255=FACE_OUTER_BOUND('',#369,.T.);
#256=FACE_OUTER_BOUND('',#370,.T.);
#257=FACE_OUTER_BOUND('',#371,.T.);
#258=FACE_OUTER_BOUND('',#372,.T.);
#259=FACE_OUTER_BOUND('',#373,.T.);
#260=FACE_OUTER_BOUND('',#374,.T.);
#261=FACE_OUTER_BOUND('',#375,.T.);
#262=FACE_OUTER_BOUND('',#376,.T.);
#263=FACE_OUTER_BOUND('',#377,.T.);
#264=FACE_OUTER_BOUND('',#378,.T.);
#265=FACE_OUTER_BOUND('',#379,.T.);
#266=FACE_OUTER_BOUND('',#380,.T.);
#267=FACE_OUTER_BOUND('',#381,.T.);
#268=FACE_OUTER_BOUND('',#382,.T.);
#269=FACE_OUTER_BOUND('',#383,.T.);
#270=FACE_OUTER_BOUND('',#384,.T.);
#271=FACE_OUTER_BOUND('',#385,.T.);
#272=FACE_OUTER_BOUND('',#386,.T.);
#273=FACE_OUTER_BOUND('',#387,.T.);
#274=FACE_OUTER_BOUND('',#388,.T.);
#275=FACE_OUTER_BOUND('',#389,.T.);
#276=FACE_OUTER_BOUND('',#390,.T.);
#277=FACE_OUTER_BOUND('',#391,.T.);
#278=FACE_OUTER_BOUND('',#392,.T.);
#279=FACE_OUTER_BOUND('',#393,.T.);
#280=FACE_OUTER_BOUND('',#394,.T.);
#281=FACE_OUTER_BOUND('',#395,.T.);
#282=FACE_OUTER_BOUND('',#396,.T.);
#283=FACE_OUTER_BOUND('',#397,.T.);
#284=FACE_OUTER_BOUND('',#398,.T.);
#285=FACE_OUTER_BOUND('',#399,.T.);
#286=FACE_OUTER_BOUND('',#400,.T.);
#287=FACE_OUTER_BOUND('',#401,.T.);
#288=FACE_OUTER_BOUND('',#402,.T.);
#289=FACE_OUTER_BOUND('',#403,.T.);
#290=FACE_OUTER_BOUND('',#404,.T.);
#291=FACE_OUTER_BOUND('',#405,.T.);
#292=FACE_OUTER_BOUND('',#406,.T.);
#293=FACE_OUTER_BOUND('',#407,.T.);
#294=FACE_OUTER_BOUND('',#408,.T.);
#295=FACE_OUTER_BOUND('',#409,.T.);
#296=FACE_OUTER_BOUND('',#410,.T.);
#297=FACE_OUTER_BOUND('',#411,.T.);
#298=FACE_OUTER_BOUND('',#412,.T.);
#299=FACE_OUTER_BOUND('',#414,.T.);
#300=FACE_OUTER_BOUND('',#415,.T.);
#301=FACE_OUTER_BOUND('',#416,.T.);
#302=FACE_OUTER_BOUND('',#418,.T.);
#303=FACE_OUTER_BOUND('',#420,.T.);
#304=FACE_OUTER_BOUND('',#421,.T.);
#305=FACE_OUTER_BOUND('',#423,.T.);
#306=FACE_OUTER_BOUND('',#424,.T.);
#307=FACE_OUTER_BOUND('',#425,.T.);
#308=FACE_OUTER_BOUND('',#426,.T.);
#309=FACE_OUTER_BOUND('',#427,.T.);
#310=FACE_OUTER_BOUND('',#428,.T.);
#311=FACE_OUTER_BOUND('',#429,.T.);
#312=FACE_OUTER_BOUND('',#430,.T.);
#313=FACE_OUTER_BOUND('',#431,.T.);
#314=FACE_OUTER_BOUND('',#432,.T.);
#315=FACE_OUTER_BOUND('',#433,.T.);
#316=FACE_OUTER_BOUND('',#434,.T.);
#317=EDGE_LOOP('',(#1161,#1162,#1163,#1164));
#318=EDGE_LOOP('',(#1165));
#319=EDGE_LOOP('',(#1166));
#320=EDGE_LOOP('',(#1167,#1168,#1169,#1170));
#321=EDGE_LOOP('',(#1171,#1172,#1173,#1174));
#322=EDGE_LOOP('',(#1175));
#323=EDGE_LOOP('',(#1176));
#324=EDGE_LOOP('',(#1177,#1178,#1179,#1180));
#325=EDGE_LOOP('',(#1181,#1182,#1183,#1184));
#326=EDGE_LOOP('',(#1185));
#327=EDGE_LOOP('',(#1186));
#328=EDGE_LOOP('',(#1187,#1188,#1189,#1190));
#329=EDGE_LOOP('',(#1191,#1192,#1193,#1194));
#330=EDGE_LOOP('',(#1195));
#331=EDGE_LOOP('',(#1196));
#332=EDGE_LOOP('',(#1197,#1198,#1199,#1200));
#333=EDGE_LOOP('',(#1201,#1202,#1203,#1204));
#334=EDGE_LOOP('',(#1205,#1206,#1207,#1208));
#335=EDGE_LOOP('',(#1209,#1210,#1211,#1212));
#336=EDGE_LOOP('',(#1213,#1214,#1215,#1216,#1217));
#337=EDGE_LOOP('',(#1218,#1219,#1220,#1221,#1222));
#338=EDGE_LOOP('',(#1223,#1224,#1225,#1226,#1227,#1228,#1229,#1230));
#339=EDGE_LOOP('',(#1231,#1232,#1233,#1234));
#340=EDGE_LOOP('',(#1235,#1236,#1237,#1238));
#341=EDGE_LOOP('',(#1239,#1240,#1241,#1242));
#342=EDGE_LOOP('',(#1243,#1244,#1245,#1246));
#343=EDGE_LOOP('',(#1247,#1248,#1249,#1250));
#344=EDGE_LOOP('',(#1251,#1252,#1253,#1254));
#345=EDGE_LOOP('',(#1255,#1256,#1257,#1258,#1259,#1260,#1261));
#346=EDGE_LOOP('',(#1262,#1263,#1264,#1265,#1266,#1267,#1268));
#347=EDGE_LOOP('',(#1269,#1270,#1271,#1272,#1273,#1274));
#348=EDGE_LOOP('',(#1275,#1276,#1277,#1278,#1279,#1280));
#349=EDGE_LOOP('',(#1281,#1282,#1283,#1284,#1285,#1286,#1287,#1288,#1289,
#1290,#1291,#1292,#1293,#1294,#1295,#1296));
#350=EDGE_LOOP('',(#1297,#1298,#1299,#1300));
#351=EDGE_LOOP('',(#1301,#1302,#1303,#1304));
#352=EDGE_LOOP('',(#1305,#1306,#1307,#1308));
#353=EDGE_LOOP('',(#1309,#1310,#1311,#1312));
#354=EDGE_LOOP('',(#1313,#1314,#1315,#1316));
#355=EDGE_LOOP('',(#1317,#1318,#1319,#1320));
#356=EDGE_LOOP('',(#1321,#1322,#1323,#1324));
#357=EDGE_LOOP('',(#1325,#1326,#1327,#1328,#1329,#1330,#1331,#1332,#1333,
#1334,#1335,#1336));
#358=EDGE_LOOP('',(#1337,#1338,#1339,#1340));
#359=EDGE_LOOP('',(#1341,#1342,#1343,#1344));
#360=EDGE_LOOP('',(#1345,#1346,#1347,#1348,#1349,#1350));
#361=EDGE_LOOP('',(#1351));
#362=EDGE_LOOP('',(#1352));
#363=EDGE_LOOP('',(#1353));
#364=EDGE_LOOP('',(#1354));
#365=EDGE_LOOP('',(#1355,#1356,#1357,#1358));
#366=EDGE_LOOP('',(#1359,#1360,#1361,#1362));
#367=EDGE_LOOP('',(#1363,#1364,#1365,#1366));
#368=EDGE_LOOP('',(#1367,#1368,#1369,#1370));
#369=EDGE_LOOP('',(#1371,#1372,#1373,#1374,#1375,#1376,#1377,#1378));
#370=EDGE_LOOP('',(#1379,#1380,#1381,#1382));
#371=EDGE_LOOP('',(#1383,#1384,#1385,#1386));
#372=EDGE_LOOP('',(#1387,#1388,#1389,#1390));
#373=EDGE_LOOP('',(#1391,#1392,#1393,#1394));
#374=EDGE_LOOP('',(#1395,#1396,#1397,#1398));
#375=EDGE_LOOP('',(#1399,#1400,#1401,#1402));
#376=EDGE_LOOP('',(#1403,#1404,#1405,#1406));
#377=EDGE_LOOP('',(#1407,#1408,#1409,#1410));
#378=EDGE_LOOP('',(#1411,#1412,#1413,#1414));
#379=EDGE_LOOP('',(#1415,#1416,#1417,#1418));
#380=EDGE_LOOP('',(#1419,#1420,#1421,#1422));
#381=EDGE_LOOP('',(#1423,#1424,#1425,#1426));
#382=EDGE_LOOP('',(#1427,#1428,#1429,#1430));
#383=EDGE_LOOP('',(#1431,#1432,#1433,#1434));
#384=EDGE_LOOP('',(#1435,#1436,#1437,#1438));
#385=EDGE_LOOP('',(#1439,#1440,#1441,#1442));
#386=EDGE_LOOP('',(#1443,#1444,#1445,#1446));
#387=EDGE_LOOP('',(#1447,#1448,#1449,#1450));
#388=EDGE_LOOP('',(#1451,#1452,#1453,#1454));
#389=EDGE_LOOP('',(#1455,#1456,#1457,#1458));
#390=EDGE_LOOP('',(#1459,#1460,#1461,#1462));
#391=EDGE_LOOP('',(#1463,#1464,#1465,#1466));
#392=EDGE_LOOP('',(#1467,#1468,#1469,#1470));
#393=EDGE_LOOP('',(#1471,#1472,#1473,#1474,#1475,#1476,#1477,#1478,#1479,
#1480));
#394=EDGE_LOOP('',(#1481,#1482,#1483,#1484));
#395=EDGE_LOOP('',(#1485,#1486,#1487,#1488));
#396=EDGE_LOOP('',(#1489,#1490,#1491,#1492));
#397=EDGE_LOOP('',(#1493,#1494,#1495,#1496));
#398=EDGE_LOOP('',(#1497,#1498,#1499,#1500));
#399=EDGE_LOOP('',(#1501,#1502,#1503,#1504));
#400=EDGE_LOOP('',(#1505,#1506,#1507,#1508,#1509,#1510,#1511,#1512,#1513,
#1514));
#401=EDGE_LOOP('',(#1515,#1516,#1517,#1518));
#402=EDGE_LOOP('',(#1519,#1520,#1521,#1522));
#403=EDGE_LOOP('',(#1523,#1524,#1525,#1526,#1527,#1528,#1529,#1530,#1531,
#1532,#1533,#1534,#1535,#1536,#1537,#1538,#1539,#1540,#1541,#1542,#1543,
#1544,#1545,#1546,#1547,#1548));
#404=EDGE_LOOP('',(#1549,#1550,#1551,#1552));
#405=EDGE_LOOP('',(#1553,#1554,#1555,#1556));
#406=EDGE_LOOP('',(#1557,#1558,#1559,#1560));
#407=EDGE_LOOP('',(#1561,#1562,#1563,#1564));
#408=EDGE_LOOP('',(#1565,#1566,#1567,#1568));
#409=EDGE_LOOP('',(#1569,#1570,#1571,#1572));
#410=EDGE_LOOP('',(#1573,#1574,#1575,#1576));
#411=EDGE_LOOP('',(#1577,#1578,#1579,#1580));
#412=EDGE_LOOP('',(#1581,#1582,#1583,#1584,#1585,#1586));
#413=EDGE_LOOP('',(#1587));
#414=EDGE_LOOP('',(#1588,#1589,#1590,#1591));
#415=EDGE_LOOP('',(#1592,#1593,#1594,#1595));
#416=EDGE_LOOP('',(#1596,#1597,#1598,#1599,#1600,#1601));
#417=EDGE_LOOP('',(#1602));
#418=EDGE_LOOP('',(#1603,#1604,#1605,#1606,#1607,#1608,#1609,#1610));
#419=EDGE_LOOP('',(#1611));
#420=EDGE_LOOP('',(#1612,#1613,#1614,#1615));
#421=EDGE_LOOP('',(#1616,#1617,#1618,#1619,#1620,#1621,#1622,#1623));
#422=EDGE_LOOP('',(#1624));
#423=EDGE_LOOP('',(#1625,#1626,#1627,#1628));
#424=EDGE_LOOP('',(#1629,#1630,#1631,#1632));
#425=EDGE_LOOP('',(#1633,#1634,#1635,#1636));
#426=EDGE_LOOP('',(#1637,#1638,#1639,#1640));
#427=EDGE_LOOP('',(#1641,#1642,#1643,#1644));
#428=EDGE_LOOP('',(#1645,#1646,#1647,#1648));
#429=EDGE_LOOP('',(#1649,#1650,#1651,#1652));
#430=EDGE_LOOP('',(#1653,#1654,#1655,#1656,#1657,#1658,#1659,#1660,#1661,
#1662,#1663,#1664,#1665,#1666,#1667,#1668));
#431=EDGE_LOOP('',(#1669,#1670,#1671,#1672));
#432=EDGE_LOOP('',(#1673,#1674,#1675,#1676));
#433=EDGE_LOOP('',(#1677,#1678,#1679,#1680));
#434=EDGE_LOOP('',(#1681,#1682,#1683,#1684));
#435=LINE('',#2340,#557);
#436=LINE('',#2348,#558);
#437=LINE('',#2353,#559);
#438=LINE('',#2361,#560);
#439=LINE('',#2366,#561);
#440=LINE('',#2374,#562);
#441=LINE('',#2379,#563);
#442=LINE('',#2387,#564);
#443=LINE('',#2391,#565);
#444=LINE('',#2393,#566);
#445=LINE('',#2395,#567);
#446=LINE('',#2396,#568);
#447=LINE('',#2400,#569);
#448=LINE('',#2402,#570);
#449=LINE('',#2404,#571);
#450=LINE('',#2405,#572);
#451=LINE('',#2407,#573);
#452=LINE('',#2408,#574);
#453=LINE('',#2411,#575);
#454=LINE('',#2413,#576);
#455=LINE('',#2415,#577);
#456=LINE('',#2416,#578);
#457=LINE('',#2419,#579);
#458=LINE('',#2421,#580);
#459=LINE('',#2423,#581);
#460=LINE('',#2424,#582);
#461=LINE('',#2427,#583);
#462=LINE('',#2433,#584);
#463=LINE('',#2437,#585);
#464=LINE('',#2441,#586);
#465=LINE('',#2445,#587);
#466=LINE('',#2449,#588);
#467=LINE('',#2462,#589);
#468=LINE('',#2475,#590);
#469=LINE('',#2483,#591);
#470=LINE('',#2485,#592);
#471=LINE('',#2487,#593);
#472=LINE('',#2489,#594);
#473=LINE('',#2490,#595);
#474=LINE('',#2493,#596);
#475=LINE('',#2495,#597);
#476=LINE('',#2497,#598);
#477=LINE('',#2499,#599);
#478=LINE('',#2501,#600);
#479=LINE('',#2508,#601);
#480=LINE('',#2510,#602);
#481=LINE('',#2512,#603);
#482=LINE('',#2513,#604);
#483=LINE('',#2516,#605);
#484=LINE('',#2518,#606);
#485=LINE('',#2520,#607);
#486=LINE('',#2521,#608);
#487=LINE('',#2524,#609);
#488=LINE('',#2528,#610);
#489=LINE('',#2532,#611);
#490=LINE('',#2535,#612);
#491=LINE('',#2537,#613);
#492=LINE('',#2541,#614);
#493=LINE('',#2545,#615);
#494=LINE('',#2548,#616);
#495=LINE('',#2551,#617);
#496=LINE('',#2552,#618);
#497=LINE('',#2558,#619);
#498=LINE('',#2561,#620);
#499=LINE('',#2572,#621);
#500=LINE('',#2573,#622);
#501=LINE('',#2584,#623);
#502=LINE('',#2585,#624);
#503=LINE('',#2590,#625);
#504=LINE('',#2591,#626);
#505=LINE('',#2593,#627);
#506=LINE('',#2595,#628);
#507=LINE('',#4033,#629);
#508=LINE('',#4035,#630);
#509=LINE('',#4036,#631);
#510=LINE('',#4039,#632);
#511=LINE('',#4043,#633);
#512=LINE('',#4045,#634);
#513=LINE('',#4047,#635);
#514=LINE('',#4049,#636);
#515=LINE('',#4050,#637);
#516=LINE('',#4052,#638);
#517=LINE('',#4053,#639);
#518=LINE('',#4056,#640);
#519=LINE('',#4060,#641);
#520=LINE('',#4063,#642);
#521=LINE('',#4066,#643);
#522=LINE('',#4067,#644);
#523=LINE('',#4070,#645);
#524=LINE('',#4074,#646);
#525=LINE('',#4075,#647);
#526=LINE('',#4078,#648);
#527=LINE('',#4081,#649);
#528=LINE('',#4083,#650);
#529=LINE('',#4085,#651);
#530=LINE('',#4087,#652);
#531=LINE('',#4088,#653);
#532=LINE('',#4091,#654);
#533=LINE('',#4095,#655);
#534=LINE('',#4096,#656);
#535=LINE('',#4100,#657);
#536=LINE('',#4105,#658);
#537=LINE('',#4108,#659);
#538=LINE('',#4109,#660);
#539=LINE('',#4112,#661);
#540=LINE('',#4117,#662);
#541=LINE('',#4120,#663);
#542=LINE('',#4125,#664);
#543=LINE('',#4127,#665);
#544=LINE('',#4132,#666);
#545=LINE('',#4134,#667);
#546=LINE('',#4139,#668);
#547=LINE('',#4146,#669);
#548=LINE('',#4149,#670);
#549=LINE('',#4151,#671);
#550=LINE('',#4154,#672);
#551=LINE('',#4158,#673);
#552=LINE('',#4159,#674);
#553=LINE('',#4162,#675);
#554=LINE('',#4165,#676);
#555=LINE('',#4170,#677);
#556=LINE('',#4172,#678);
#557=VECTOR('',#1941,2.525);
#558=VECTOR('',#1952,1.875);
#559=VECTOR('',#1957,2.525);
#560=VECTOR('',#1968,1.875);
#561=VECTOR('',#1973,2.4);
#562=VECTOR('',#1984,1.75);
#563=VECTOR('',#1989,2.4);
#564=VECTOR('',#2000,1.75);
#565=VECTOR('',#2003,10.);
#566=VECTOR('',#2004,10.);
#567=VECTOR('',#2005,10.);
#568=VECTOR('',#2006,10.);
#569=VECTOR('',#2009,10.);
#570=VECTOR('',#2010,10.);
#571=VECTOR('',#2011,10.);
#572=VECTOR('',#2012,10.);
#573=VECTOR('',#2015,10.);
#574=VECTOR('',#2016,10.);
#575=VECTOR('',#2019,10.);
#576=VECTOR('',#2020,10.);
#577=VECTOR('',#2021,10.);
#578=VECTOR('',#2022,10.);
#579=VECTOR('',#2025,10.);
#580=VECTOR('',#2026,10.);
#581=VECTOR('',#2027,10.);
#582=VECTOR('',#2028,10.);
#583=VECTOR('',#2031,10.);
#584=VECTOR('',#2032,10.);
#585=VECTOR('',#2037,3.5);
#586=VECTOR('',#2042,3.5);
#587=VECTOR('',#2047,3.5);
#588=VECTOR('',#2052,3.5);
#589=VECTOR('',#2055,10.);
#590=VECTOR('',#2058,10.);
#591=VECTOR('',#2061,10.);
#592=VECTOR('',#2062,10.);
#593=VECTOR('',#2063,10.);
#594=VECTOR('',#2064,10.);
#595=VECTOR('',#2065,10.);
#596=VECTOR('',#2068,10.);
#597=VECTOR('',#2069,10.);
#598=VECTOR('',#2070,10.);
#599=VECTOR('',#2071,10.);
#600=VECTOR('',#2072,10.);
#601=VECTOR('',#2075,10.);
#602=VECTOR('',#2076,10.);
#603=VECTOR('',#2077,10.);
#604=VECTOR('',#2078,10.);
#605=VECTOR('',#2081,10.);
#606=VECTOR('',#2082,10.);
#607=VECTOR('',#2083,10.);
#608=VECTOR('',#2084,10.);
#609=VECTOR('',#2087,10.);
#610=VECTOR('',#2090,10.);
#611=VECTOR('',#2093,10.);
#612=VECTOR('',#2096,10.);
#613=VECTOR('',#2097,10.);
#614=VECTOR('',#2100,10.);
#615=VECTOR('',#2103,10.);
#616=VECTOR('',#2106,10.);
#617=VECTOR('',#2109,10.);
#618=VECTOR('',#2110,10.);
#619=VECTOR('',#2115,10.);
#620=VECTOR('',#2118,10.);
#621=VECTOR('',#2131,10.);
#622=VECTOR('',#2132,10.);
#623=VECTOR('',#2145,10.);
#624=VECTOR('',#2146,10.);
#625=VECTOR('',#2155,10.);
#626=VECTOR('',#2156,10.);
#627=VECTOR('',#2159,10.);
#628=VECTOR('',#2162,10.);
#629=VECTOR('',#2167,10.);
#630=VECTOR('',#2168,10.);
#631=VECTOR('',#2169,10.);
#632=VECTOR('',#2172,10.);
#633=VECTOR('',#2177,10.);
#634=VECTOR('',#2178,10.);
#635=VECTOR('',#2179,10.);
#636=VECTOR('',#2180,10.);
#637=VECTOR('',#2181,10.);
#638=VECTOR('',#2182,10.);
#639=VECTOR('',#2183,10.);
#640=VECTOR('',#2186,10.);
#641=VECTOR('',#2191,10.);
#642=VECTOR('',#2194,10.);
#643=VECTOR('',#2197,10.);
#644=VECTOR('',#2198,10.);
#645=VECTOR('',#2201,10.);
#646=VECTOR('',#2206,10.);
#647=VECTOR('',#2207,10.);
#648=VECTOR('',#2210,10.);
#649=VECTOR('',#2215,10.);
#650=VECTOR('',#2216,10.);
#651=VECTOR('',#2217,10.);
#652=VECTOR('',#2218,10.);
#653=VECTOR('',#2219,10.);
#654=VECTOR('',#2222,10.);
#655=VECTOR('',#2227,10.);
#656=VECTOR('',#2228,10.);
#657=VECTOR('',#2233,10.);
#658=VECTOR('',#2240,10.);
#659=VECTOR('',#2243,10.);
#660=VECTOR('',#2244,10.);
#661=VECTOR('',#2247,10.);
#662=VECTOR('',#2254,10.);
#663=VECTOR('',#2257,10.);
#664=VECTOR('',#2264,10.);
#665=VECTOR('',#2267,10.);
#666=VECTOR('',#2274,10.);
#667=VECTOR('',#2277,10.);
#668=VECTOR('',#2286,10.);
#669=VECTOR('',#2297,10.);
#670=VECTOR('',#2300,10.);
#671=VECTOR('',#2303,10.);
#672=VECTOR('',#2306,10.);
#673=VECTOR('',#2311,10.);
#674=VECTOR('',#2312,10.);
#675=VECTOR('',#2315,10.);
#676=VECTOR('',#2320,10.);
#677=VECTOR('',#2329,10.);
#678=VECTOR('',#2332,10.);
#679=CIRCLE('',#1798,1.875);
#680=CIRCLE('',#1799,3.175);
#681=CIRCLE('',#1801,3.5);
#682=CIRCLE('',#1803,1.875);
#683=CIRCLE('',#1805,1.875);
#684=CIRCLE('',#1806,3.175);
#685=CIRCLE('',#1808,3.5);
#686=CIRCLE('',#1810,1.875);
#687=CIRCLE('',#1812,1.75);
#688=CIRCLE('',#1813,3.05);
#689=CIRCLE('',#1815,3.5);
#690=CIRCLE('',#1817,1.75);
#691=CIRCLE('',#1819,1.75);
#692=CIRCLE('',#1820,3.05);
#693=CIRCLE('',#1822,3.5);
#694=CIRCLE('',#1824,1.75);
#695=CIRCLE('',#1832,3.5);
#696=CIRCLE('',#1834,3.5);
#697=CIRCLE('',#1836,3.5);
#698=CIRCLE('',#1838,3.5);
#699=CIRCLE('',#1846,5.30000000000001);
#700=CIRCLE('',#1847,30.3);
#701=CIRCLE('',#1848,5.29999999999999);
#702=CIRCLE('',#1849,6.8);
#703=CIRCLE('',#1850,31.8);
#704=CIRCLE('',#1851,6.80000000000001);
#705=CIRCLE('',#1854,3.);
#706=CIRCLE('',#1855,3.);
#707=CIRCLE('',#1857,3.00000000000001);
#708=CIRCLE('',#1858,3.8);
#709=CIRCLE('',#1859,6.8);
#710=CIRCLE('',#1861,3.00000000000001);
#711=CIRCLE('',#1863,3.);
#712=CIRCLE('',#1864,3.80000000000001);
#713=CIRCLE('',#1865,6.80000000000001);
#714=CIRCLE('',#1867,3.);
#715=CIRCLE('',#1869,28.8);
#716=CIRCLE('',#1870,31.8);
#717=CIRCLE('',#1877,3.);
#718=CIRCLE('',#1880,28.5);
#719=CIRCLE('',#1882,3.);
#720=CIRCLE('',#1885,5.);
#721=CIRCLE('',#1888,3.);
#722=CIRCLE('',#1891,3.);
#723=CIRCLE('',#1895,3.);
#724=CIRCLE('',#1897,3.);
#725=CIRCLE('',#1900,3.);
#726=CIRCLE('',#1902,3.);
#727=CIRCLE('',#1904,3.);
#728=CIRCLE('',#1906,3.);
#729=CIRCLE('',#1910,5.);
#730=CIRCLE('',#1914,3.5);
#731=CIRCLE('',#1917,3.50000000000001);
#732=CIRCLE('',#1919,3.50000000000001);
#733=CIRCLE('',#1921,5.30000000000001);
#734=CIRCLE('',#1924,5.29999999999999);
#735=CIRCLE('',#1927,30.3);
#736=CIRCLE('',#1930,3.5);
#737=VERTEX_POINT('',#2337);
#738=VERTEX_POINT('',#2339);
#739=VERTEX_POINT('',#2343);
#740=VERTEX_POINT('',#2346);
#741=VERTEX_POINT('',#2350);
#742=VERTEX_POINT('',#2352);
#743=VERTEX_POINT('',#2356);
#744=VERTEX_POINT('',#2359);
#745=VERTEX_POINT('',#2363);
#746=VERTEX_POINT('',#2365);
#747=VERTEX_POINT('',#2369);
#748=VERTEX_POINT('',#2372);
#749=VERTEX_POINT('',#2376);
#750=VERTEX_POINT('',#2378);
#751=VERTEX_POINT('',#2382);
#752=VERTEX_POINT('',#2385);
#753=VERTEX_POINT('',#2389);
#754=VERTEX_POINT('',#2390);
#755=VERTEX_POINT('',#2392);
#756=VERTEX_POINT('',#2394);
#757=VERTEX_POINT('',#2398);
#758=VERTEX_POINT('',#2399);
#759=VERTEX_POINT('',#2401);
#760=VERTEX_POINT('',#2403);
#761=VERTEX_POINT('',#2410);
#762=VERTEX_POINT('',#2412);
#763=VERTEX_POINT('',#2414);
#764=VERTEX_POINT('',#2418);
#765=VERTEX_POINT('',#2420);
#766=VERTEX_POINT('',#2422);
#767=VERTEX_POINT('',#2426);
#768=VERTEX_POINT('',#2428);
#769=VERTEX_POINT('',#2435);
#770=VERTEX_POINT('',#2439);
#771=VERTEX_POINT('',#2443);
#772=VERTEX_POINT('',#2447);
#773=VERTEX_POINT('',#2451);
#774=VERTEX_POINT('',#2464);
#775=VERTEX_POINT('',#2477);
#776=VERTEX_POINT('',#2482);
#777=VERTEX_POINT('',#2484);
#778=VERTEX_POINT('',#2486);
#779=VERTEX_POINT('',#2488);
#780=VERTEX_POINT('',#2492);
#781=VERTEX_POINT('',#2494);
#782=VERTEX_POINT('',#2496);
#783=VERTEX_POINT('',#2498);
#784=VERTEX_POINT('',#2500);
#785=VERTEX_POINT('',#2507);
#786=VERTEX_POINT('',#2509);
#787=VERTEX_POINT('',#2511);
#788=VERTEX_POINT('',#2515);
#789=VERTEX_POINT('',#2517);
#790=VERTEX_POINT('',#2519);
#791=VERTEX_POINT('',#2523);
#792=VERTEX_POINT('',#2525);
#793=VERTEX_POINT('',#2527);
#794=VERTEX_POINT('',#2529);
#795=VERTEX_POINT('',#2531);
#796=VERTEX_POINT('',#2533);
#797=VERTEX_POINT('',#2536);
#798=VERTEX_POINT('',#2538);
#799=VERTEX_POINT('',#2540);
#800=VERTEX_POINT('',#2542);
#801=VERTEX_POINT('',#2544);
#802=VERTEX_POINT('',#2546);
#803=VERTEX_POINT('',#2550);
#804=VERTEX_POINT('',#2554);
#805=VERTEX_POINT('',#2555);
#806=VERTEX_POINT('',#2557);
#807=VERTEX_POINT('',#2559);
#808=VERTEX_POINT('',#2563);
#809=VERTEX_POINT('',#2564);
#810=VERTEX_POINT('',#2569);
#811=VERTEX_POINT('',#2570);
#812=VERTEX_POINT('',#2575);
#813=VERTEX_POINT('',#2576);
#814=VERTEX_POINT('',#2581);
#815=VERTEX_POINT('',#2582);
#816=VERTEX_POINT('',#2625);
#817=VERTEX_POINT('',#2626);
#818=VERTEX_POINT('',#2634);
#819=VERTEX_POINT('',#2639);
#820=VERTEX_POINT('',#2693);
#821=VERTEX_POINT('',#2694);
#822=VERTEX_POINT('',#2742);
#823=VERTEX_POINT('',#2743);
#824=VERTEX_POINT('',#2794);
#825=VERTEX_POINT('',#2840);
#826=VERTEX_POINT('',#2887);
#827=VERTEX_POINT('',#2888);
#828=VERTEX_POINT('',#2934);
#829=VERTEX_POINT('',#2935);
#830=VERTEX_POINT('',#2993);
#831=VERTEX_POINT('',#2994);
#832=VERTEX_POINT('',#3042);
#833=VERTEX_POINT('',#3043);
#834=VERTEX_POINT('',#3094);
#835=VERTEX_POINT('',#3095);
#836=VERTEX_POINT('',#3141);
#837=VERTEX_POINT('',#3142);
#838=VERTEX_POINT('',#3193);
#839=VERTEX_POINT('',#3194);
#840=VERTEX_POINT('',#3240);
#841=VERTEX_POINT('',#3241);
#842=VERTEX_POINT('',#3327);
#843=VERTEX_POINT('',#3328);
#844=VERTEX_POINT('',#3384);
#845=VERTEX_POINT('',#3385);
#846=VERTEX_POINT('',#3436);
#847=VERTEX_POINT('',#3437);
#848=VERTEX_POINT('',#3483);
#849=VERTEX_POINT('',#3484);
#850=VERTEX_POINT('',#3570);
#851=VERTEX_POINT('',#3571);
#852=VERTEX_POINT('',#3627);
#853=VERTEX_POINT('',#3628);
#854=VERTEX_POINT('',#3679);
#855=VERTEX_POINT('',#3680);
#856=VERTEX_POINT('',#3726);
#857=VERTEX_POINT('',#3727);
#858=VERTEX_POINT('',#3813);
#859=VERTEX_POINT('',#3814);
#860=VERTEX_POINT('',#3870);
#861=VERTEX_POINT('',#3871);
#862=VERTEX_POINT('',#3922);
#863=VERTEX_POINT('',#3923);
#864=VERTEX_POINT('',#3969);
#865=VERTEX_POINT('',#3970);
#866=VERTEX_POINT('',#4032);
#867=VERTEX_POINT('',#4034);
#868=VERTEX_POINT('',#4038);
#869=VERTEX_POINT('',#4042);
#870=VERTEX_POINT('',#4044);
#871=VERTEX_POINT('',#4046);
#872=VERTEX_POINT('',#4048);
#873=VERTEX_POINT('',#4051);
#874=VERTEX_POINT('',#4055);
#875=VERTEX_POINT('',#4059);
#876=VERTEX_POINT('',#4061);
#877=VERTEX_POINT('',#4065);
#878=VERTEX_POINT('',#4069);
#879=VERTEX_POINT('',#4073);
#880=VERTEX_POINT('',#4077);
#881=VERTEX_POINT('',#4082);
#882=VERTEX_POINT('',#4084);
#883=VERTEX_POINT('',#4086);
#884=VERTEX_POINT('',#4090);
#885=VERTEX_POINT('',#4094);
#886=VERTEX_POINT('',#4099);
#887=VERTEX_POINT('',#4103);
#888=VERTEX_POINT('',#4107);
#889=VERTEX_POINT('',#4111);
#890=VERTEX_POINT('',#4115);
#891=VERTEX_POINT('',#4119);
#892=VERTEX_POINT('',#4123);
#893=VERTEX_POINT('',#4130);
#894=VERTEX_POINT('',#4145);
#895=VERTEX_POINT('',#4147);
#896=VERTEX_POINT('',#4153);
#897=VERTEX_POINT('',#4157);
#898=VERTEX_POINT('',#4161);
#899=EDGE_CURVE('',#737,#737,#679,.T.);
#900=EDGE_CURVE('',#737,#738,#435,.T.);
#901=EDGE_CURVE('',#738,#738,#680,.T.);
#902=EDGE_CURVE('',#739,#739,#681,.T.);
#903=EDGE_CURVE('',#740,#740,#682,.T.);
#904=EDGE_CURVE('',#740,#737,#436,.T.);
#905=EDGE_CURVE('',#741,#741,#683,.T.);
#906=EDGE_CURVE('',#741,#742,#437,.T.);
#907=EDGE_CURVE('',#742,#742,#684,.T.);
#908=EDGE_CURVE('',#743,#743,#685,.T.);
#909=EDGE_CURVE('',#744,#744,#686,.T.);
#910=EDGE_CURVE('',#744,#741,#438,.T.);
#911=EDGE_CURVE('',#745,#745,#687,.T.);
#912=EDGE_CURVE('',#745,#746,#439,.T.);
#913=EDGE_CURVE('',#746,#746,#688,.T.);
#914=EDGE_CURVE('',#747,#747,#689,.T.);
#915=EDGE_CURVE('',#748,#748,#690,.T.);
#916=EDGE_CURVE('',#748,#745,#440,.T.);
#917=EDGE_CURVE('',#749,#749,#691,.T.);
#918=EDGE_CURVE('',#749,#750,#441,.T.);
#919=EDGE_CURVE('',#750,#750,#692,.T.);
#920=EDGE_CURVE('',#751,#751,#693,.T.);
#921=EDGE_CURVE('',#752,#752,#694,.T.);
#922=EDGE_CURVE('',#752,#749,#442,.T.);
#923=EDGE_CURVE('',#753,#754,#443,.T.);
#924=EDGE_CURVE('',#755,#753,#444,.T.);
#925=EDGE_CURVE('',#755,#756,#445,.T.);
#926=EDGE_CURVE('',#754,#756,#446,.T.);
#927=EDGE_CURVE('',#757,#758,#447,.T.);
#928=EDGE_CURVE('',#759,#757,#448,.T.);
#929=EDGE_CURVE('',#759,#760,#449,.T.);
#930=EDGE_CURVE('',#758,#760,#450,.T.);
#931=EDGE_CURVE('',#756,#759,#451,.T.);
#932=EDGE_CURVE('',#760,#755,#452,.T.);
#933=EDGE_CURVE('',#761,#754,#453,.T.);
#934=EDGE_CURVE('',#761,#762,#454,.T.);
#935=EDGE_CURVE('',#763,#762,#455,.T.);
#936=EDGE_CURVE('',#753,#763,#456,.T.);
#937=EDGE_CURVE('',#764,#758,#457,.T.);
#938=EDGE_CURVE('',#765,#764,#458,.T.);
#939=EDGE_CURVE('',#766,#765,#459,.T.);
#940=EDGE_CURVE('',#757,#766,#460,.T.);
#941=EDGE_CURVE('',#763,#767,#461,.T.);
#942=EDGE_CURVE('',#768,#767,#44,.T.);
#943=EDGE_CURVE('',#764,#768,#462,.T.);
#944=EDGE_CURVE('',#769,#769,#695,.T.);
#945=EDGE_CURVE('',#769,#751,#463,.T.);
#946=EDGE_CURVE('',#770,#770,#696,.T.);
#947=EDGE_CURVE('',#770,#743,#464,.T.);
#948=EDGE_CURVE('',#771,#771,#697,.T.);
#949=EDGE_CURVE('',#771,#747,#465,.T.);
#950=EDGE_CURVE('',#772,#772,#698,.T.);
#951=EDGE_CURVE('',#772,#739,#466,.T.);
#952=EDGE_CURVE('',#773,#768,#45,.T.);
#953=EDGE_CURVE('',#765,#773,#467,.T.);
#954=EDGE_CURVE('',#767,#774,#46,.T.);
#955=EDGE_CURVE('',#774,#762,#468,.T.);
#956=EDGE_CURVE('',#775,#773,#47,.T.);
#957=EDGE_CURVE('',#776,#775,#469,.T.);
#958=EDGE_CURVE('',#776,#777,#470,.T.);
#959=EDGE_CURVE('',#778,#777,#471,.T.);
#960=EDGE_CURVE('',#778,#779,#472,.T.);
#961=EDGE_CURVE('',#779,#765,#473,.T.);
#962=EDGE_CURVE('',#762,#780,#474,.T.);
#963=EDGE_CURVE('',#780,#781,#475,.T.);
#964=EDGE_CURVE('',#781,#782,#476,.T.);
#965=EDGE_CURVE('',#782,#783,#477,.T.);
#966=EDGE_CURVE('',#784,#783,#478,.T.);
#967=EDGE_CURVE('',#774,#784,#48,.T.);
#968=EDGE_CURVE('',#785,#761,#479,.T.);
#969=EDGE_CURVE('',#786,#785,#480,.T.);
#970=EDGE_CURVE('',#787,#786,#481,.T.);
#971=EDGE_CURVE('',#780,#787,#482,.T.);
#972=EDGE_CURVE('',#788,#779,#483,.T.);
#973=EDGE_CURVE('',#789,#788,#484,.T.);
#974=EDGE_CURVE('',#790,#789,#485,.T.);
#975=EDGE_CURVE('',#766,#790,#486,.T.);
#976=EDGE_CURVE('',#789,#791,#487,.T.);
#977=EDGE_CURVE('',#791,#792,#699,.T.);
#978=EDGE_CURVE('',#792,#793,#488,.T.);
#979=EDGE_CURVE('',#793,#794,#700,.T.);
#980=EDGE_CURVE('',#794,#795,#489,.T.);
#981=EDGE_CURVE('',#795,#796,#701,.T.);
#982=EDGE_CURVE('',#796,#786,#490,.T.);
#983=EDGE_CURVE('',#785,#797,#491,.T.);
#984=EDGE_CURVE('',#797,#798,#702,.T.);
#985=EDGE_CURVE('',#798,#799,#492,.T.);
#986=EDGE_CURVE('',#799,#800,#703,.T.);
#987=EDGE_CURVE('',#800,#801,#493,.T.);
#988=EDGE_CURVE('',#801,#802,#704,.T.);
#989=EDGE_CURVE('',#802,#790,#494,.T.);
#990=EDGE_CURVE('',#796,#803,#495,.T.);
#991=EDGE_CURVE('',#803,#787,#496,.T.);
#992=EDGE_CURVE('',#804,#805,#705,.T.);
#993=EDGE_CURVE('',#805,#806,#497,.T.);
#994=EDGE_CURVE('',#806,#807,#706,.T.);
#995=EDGE_CURVE('',#807,#804,#498,.T.);
#996=EDGE_CURVE('',#808,#809,#707,.T.);
#997=EDGE_CURVE('',#809,#807,#708,.T.);
#998=EDGE_CURVE('',#806,#808,#709,.T.);
#999=EDGE_CURVE('',#810,#811,#710,.T.);
#1000=EDGE_CURVE('',#811,#809,#499,.T.);
#1001=EDGE_CURVE('',#808,#810,#500,.T.);
#1002=EDGE_CURVE('',#812,#813,#711,.T.);
#1003=EDGE_CURVE('',#813,#811,#712,.T.);
#1004=EDGE_CURVE('',#810,#812,#713,.T.);
#1005=EDGE_CURVE('',#814,#815,#714,.T.);
#1006=EDGE_CURVE('',#815,#813,#501,.T.);
#1007=EDGE_CURVE('',#812,#814,#502,.T.);
#1008=EDGE_CURVE('',#804,#815,#715,.T.);
#1009=EDGE_CURVE('',#814,#805,#716,.T.);
#1010=EDGE_CURVE('',#802,#810,#503,.T.);
#1011=EDGE_CURVE('',#797,#808,#504,.T.);
#1012=EDGE_CURVE('',#798,#806,#505,.T.);
#1013=EDGE_CURVE('',#799,#805,#506,.T.);
#1014=EDGE_CURVE('',#816,#817,#49,.T.);
#1015=EDGE_CURVE('',#817,#818,#50,.T.);
#1016=EDGE_CURVE('',#818,#819,#51,.T.);
#1017=EDGE_CURVE('',#819,#816,#52,.T.);
#1018=EDGE_CURVE('',#820,#821,#53,.T.);
#1019=EDGE_CURVE('',#821,#819,#54,.T.);
#1020=EDGE_CURVE('',#818,#820,#55,.T.);
#1021=EDGE_CURVE('',#822,#823,#56,.T.);
#1022=EDGE_CURVE('',#823,#821,#57,.T.);
#1023=EDGE_CURVE('',#820,#822,#58,.T.);
#1024=EDGE_CURVE('',#824,#784,#59,.T.);
#1025=EDGE_CURVE('',#784,#823,#60,.T.);
#1026=EDGE_CURVE('',#822,#824,#61,.T.);
#1027=EDGE_CURVE('',#824,#825,#62,.T.);
#1028=EDGE_CURVE('',#825,#775,#63,.T.);
#1029=EDGE_CURVE('',#826,#827,#64,.T.);
#1030=EDGE_CURVE('',#827,#775,#65,.T.);
#1031=EDGE_CURVE('',#825,#826,#66,.T.);
#1032=EDGE_CURVE('',#828,#829,#67,.T.);
#1033=EDGE_CURVE('',#829,#827,#68,.T.);
#1034=EDGE_CURVE('',#826,#828,#69,.T.);
#1035=EDGE_CURVE('',#830,#831,#70,.T.);
#1036=EDGE_CURVE('',#831,#829,#71,.T.);
#1037=EDGE_CURVE('',#828,#830,#72,.T.);
#1038=EDGE_CURVE('',#832,#833,#73,.T.);
#1039=EDGE_CURVE('',#833,#831,#74,.T.);
#1040=EDGE_CURVE('',#830,#832,#75,.T.);
#1041=EDGE_CURVE('',#834,#835,#76,.T.);
#1042=EDGE_CURVE('',#835,#833,#77,.T.);
#1043=EDGE_CURVE('',#832,#834,#78,.T.);
#1044=EDGE_CURVE('',#836,#837,#79,.T.);
#1045=EDGE_CURVE('',#837,#835,#80,.T.);
#1046=EDGE_CURVE('',#834,#836,#81,.T.);
#1047=EDGE_CURVE('',#838,#839,#82,.T.);
#1048=EDGE_CURVE('',#839,#837,#83,.T.);
#1049=EDGE_CURVE('',#836,#838,#84,.T.);
#1050=EDGE_CURVE('',#840,#841,#85,.T.);
#1051=EDGE_CURVE('',#841,#839,#86,.T.);
#1052=EDGE_CURVE('',#838,#840,#87,.T.);
#1053=EDGE_CURVE('',#842,#843,#88,.T.);
#1054=EDGE_CURVE('',#843,#841,#89,.T.);
#1055=EDGE_CURVE('',#840,#842,#90,.T.);
#1056=EDGE_CURVE('',#844,#845,#91,.T.);
#1057=EDGE_CURVE('',#845,#843,#92,.T.);
#1058=EDGE_CURVE('',#842,#844,#93,.T.);
#1059=EDGE_CURVE('',#846,#847,#94,.T.);
#1060=EDGE_CURVE('',#847,#845,#95,.T.);
#1061=EDGE_CURVE('',#844,#846,#96,.T.);
#1062=EDGE_CURVE('',#848,#849,#97,.T.);
#1063=EDGE_CURVE('',#849,#847,#98,.T.);
#1064=EDGE_CURVE('',#846,#848,#99,.T.);
#1065=EDGE_CURVE('',#850,#851,#100,.T.);
#1066=EDGE_CURVE('',#851,#849,#101,.T.);
#1067=EDGE_CURVE('',#848,#850,#102,.T.);
#1068=EDGE_CURVE('',#852,#853,#103,.T.);
#1069=EDGE_CURVE('',#853,#851,#104,.T.);
#1070=EDGE_CURVE('',#850,#852,#105,.T.);
#1071=EDGE_CURVE('',#854,#855,#106,.T.);
#1072=EDGE_CURVE('',#855,#853,#107,.T.);
#1073=EDGE_CURVE('',#852,#854,#108,.T.);
#1074=EDGE_CURVE('',#856,#857,#109,.T.);
#1075=EDGE_CURVE('',#857,#855,#110,.T.);
#1076=EDGE_CURVE('',#854,#856,#111,.T.);
#1077=EDGE_CURVE('',#858,#859,#112,.T.);
#1078=EDGE_CURVE('',#859,#857,#113,.T.);
#1079=EDGE_CURVE('',#856,#858,#114,.T.);
#1080=EDGE_CURVE('',#860,#861,#115,.T.);
#1081=EDGE_CURVE('',#861,#859,#116,.T.);
#1082=EDGE_CURVE('',#858,#860,#117,.T.);
#1083=EDGE_CURVE('',#862,#863,#118,.T.);
#1084=EDGE_CURVE('',#863,#861,#119,.T.);
#1085=EDGE_CURVE('',#860,#862,#120,.T.);
#1086=EDGE_CURVE('',#864,#865,#121,.T.);
#1087=EDGE_CURVE('',#865,#863,#122,.T.);
#1088=EDGE_CURVE('',#862,#864,#123,.T.);
#1089=EDGE_CURVE('',#816,#865,#124,.T.);
#1090=EDGE_CURVE('',#864,#817,#125,.T.);
#1091=EDGE_CURVE('',#866,#845,#507,.T.);
#1092=EDGE_CURVE('',#867,#866,#508,.T.);
#1093=EDGE_CURVE('',#843,#867,#509,.T.);
#1094=EDGE_CURVE('',#847,#868,#510,.T.);
#1095=EDGE_CURVE('',#868,#866,#717,.T.);
#1096=EDGE_CURVE('',#869,#849,#511,.T.);
#1097=EDGE_CURVE('',#869,#870,#512,.T.);
#1098=EDGE_CURVE('',#870,#871,#513,.T.);
#1099=EDGE_CURVE('',#871,#872,#514,.T.);
#1100=EDGE_CURVE('',#835,#872,#515,.T.);
#1101=EDGE_CURVE('',#873,#837,#516,.T.);
#1102=EDGE_CURVE('',#873,#868,#517,.T.);
#1103=EDGE_CURVE('',#874,#851,#518,.T.);
#1104=EDGE_CURVE('',#874,#869,#718,.T.);
#1105=EDGE_CURVE('',#855,#875,#519,.T.);
#1106=EDGE_CURVE('',#875,#876,#719,.T.);
#1107=EDGE_CURVE('',#876,#853,#520,.T.);
#1108=EDGE_CURVE('',#857,#877,#521,.T.);
#1109=EDGE_CURVE('',#875,#877,#522,.T.);
#1110=EDGE_CURVE('',#859,#878,#523,.T.);
#1111=EDGE_CURVE('',#877,#878,#720,.T.);
#1112=EDGE_CURVE('',#879,#861,#524,.T.);
#1113=EDGE_CURVE('',#878,#879,#525,.T.);
#1114=EDGE_CURVE('',#863,#880,#526,.T.);
#1115=EDGE_CURVE('',#880,#879,#721,.T.);
#1116=EDGE_CURVE('',#876,#880,#527,.T.);
#1117=EDGE_CURVE('',#881,#865,#528,.T.);
#1118=EDGE_CURVE('',#881,#882,#529,.T.);
#1119=EDGE_CURVE('',#883,#882,#530,.T.);
#1120=EDGE_CURVE('',#883,#874,#531,.T.);
#1121=EDGE_CURVE('',#816,#884,#532,.T.);
#1122=EDGE_CURVE('',#884,#881,#722,.T.);
#1123=EDGE_CURVE('',#885,#819,#533,.T.);
#1124=EDGE_CURVE('',#884,#885,#534,.T.);
#1125=EDGE_CURVE('',#839,#886,#535,.T.);
#1126=EDGE_CURVE('',#886,#873,#723,.T.);
#1127=EDGE_CURVE('',#872,#887,#724,.T.);
#1128=EDGE_CURVE('',#887,#833,#536,.T.);
#1129=EDGE_CURVE('',#888,#887,#537,.T.);
#1130=EDGE_CURVE('',#831,#888,#538,.T.);
#1131=EDGE_CURVE('',#827,#889,#539,.T.);
#1132=EDGE_CURVE('',#889,#776,#725,.T.);
#1133=EDGE_CURVE('',#888,#890,#726,.T.);
#1134=EDGE_CURVE('',#890,#829,#540,.T.);
#1135=EDGE_CURVE('',#821,#891,#541,.T.);
#1136=EDGE_CURVE('',#891,#885,#727,.T.);
#1137=EDGE_CURVE('',#783,#892,#728,.T.);
#1138=EDGE_CURVE('',#892,#823,#542,.T.);
#1139=EDGE_CURVE('',#891,#892,#543,.T.);
#1140=EDGE_CURVE('',#893,#867,#729,.T.);
#1141=EDGE_CURVE('',#841,#893,#544,.T.);
#1142=EDGE_CURVE('',#886,#893,#545,.T.);
#1143=EDGE_CURVE('',#882,#782,#730,.T.);
#1144=EDGE_CURVE('',#889,#890,#546,.T.);
#1145=EDGE_CURVE('',#777,#871,#731,.T.);
#1146=EDGE_CURVE('',#870,#778,#732,.T.);
#1147=EDGE_CURVE('',#791,#894,#547,.T.);
#1148=EDGE_CURVE('',#894,#895,#733,.T.);
#1149=EDGE_CURVE('',#792,#895,#548,.T.);
#1150=EDGE_CURVE('',#788,#894,#549,.T.);
#1151=EDGE_CURVE('',#795,#896,#550,.T.);
#1152=EDGE_CURVE('',#896,#803,#734,.T.);
#1153=EDGE_CURVE('',#794,#897,#551,.T.);
#1154=EDGE_CURVE('',#897,#896,#552,.T.);
#1155=EDGE_CURVE('',#793,#898,#553,.T.);
#1156=EDGE_CURVE('',#898,#897,#735,.T.);
#1157=EDGE_CURVE('',#895,#898,#554,.T.);
#1158=EDGE_CURVE('',#781,#883,#736,.T.);
#1159=EDGE_CURVE('',#801,#812,#555,.T.);
#1160=EDGE_CURVE('',#800,#814,#556,.T.);
#1161=ORIENTED_EDGE('',*,*,#899,.T.);
#1162=ORIENTED_EDGE('',*,*,#900,.T.);
#1163=ORIENTED_EDGE('',*,*,#901,.T.);
#1164=ORIENTED_EDGE('',*,*,#900,.F.);
#1165=ORIENTED_EDGE('',*,*,#902,.F.);
#1166=ORIENTED_EDGE('',*,*,#901,.F.);
#1167=ORIENTED_EDGE('',*,*,#903,.F.);
#1168=ORIENTED_EDGE('',*,*,#904,.T.);
#1169=ORIENTED_EDGE('',*,*,#899,.F.);
#1170=ORIENTED_EDGE('',*,*,#904,.F.);
#1171=ORIENTED_EDGE('',*,*,#905,.T.);
#1172=ORIENTED_EDGE('',*,*,#906,.T.);
#1173=ORIENTED_EDGE('',*,*,#907,.T.);
#1174=ORIENTED_EDGE('',*,*,#906,.F.);
#1175=ORIENTED_EDGE('',*,*,#908,.F.);
#1176=ORIENTED_EDGE('',*,*,#907,.F.);
#1177=ORIENTED_EDGE('',*,*,#909,.F.);
#1178=ORIENTED_EDGE('',*,*,#910,.T.);
#1179=ORIENTED_EDGE('',*,*,#905,.F.);
#1180=ORIENTED_EDGE('',*,*,#910,.F.);
#1181=ORIENTED_EDGE('',*,*,#911,.T.);
#1182=ORIENTED_EDGE('',*,*,#912,.T.);
#1183=ORIENTED_EDGE('',*,*,#913,.T.);
#1184=ORIENTED_EDGE('',*,*,#912,.F.);
#1185=ORIENTED_EDGE('',*,*,#914,.F.);
#1186=ORIENTED_EDGE('',*,*,#913,.F.);
#1187=ORIENTED_EDGE('',*,*,#915,.F.);
#1188=ORIENTED_EDGE('',*,*,#916,.T.);
#1189=ORIENTED_EDGE('',*,*,#911,.F.);
#1190=ORIENTED_EDGE('',*,*,#916,.F.);
#1191=ORIENTED_EDGE('',*,*,#917,.T.);
#1192=ORIENTED_EDGE('',*,*,#918,.T.);
#1193=ORIENTED_EDGE('',*,*,#919,.T.);
#1194=ORIENTED_EDGE('',*,*,#918,.F.);
#1195=ORIENTED_EDGE('',*,*,#920,.F.);
#1196=ORIENTED_EDGE('',*,*,#919,.F.);
#1197=ORIENTED_EDGE('',*,*,#921,.F.);
#1198=ORIENTED_EDGE('',*,*,#922,.T.);
#1199=ORIENTED_EDGE('',*,*,#917,.F.);
#1200=ORIENTED_EDGE('',*,*,#922,.F.);
#1201=ORIENTED_EDGE('',*,*,#923,.F.);
#1202=ORIENTED_EDGE('',*,*,#924,.F.);
#1203=ORIENTED_EDGE('',*,*,#925,.T.);
#1204=ORIENTED_EDGE('',*,*,#926,.F.);
#1205=ORIENTED_EDGE('',*,*,#927,.F.);
#1206=ORIENTED_EDGE('',*,*,#928,.F.);
#1207=ORIENTED_EDGE('',*,*,#929,.T.);
#1208=ORIENTED_EDGE('',*,*,#930,.F.);
#1209=ORIENTED_EDGE('',*,*,#929,.F.);
#1210=ORIENTED_EDGE('',*,*,#931,.F.);
#1211=ORIENTED_EDGE('',*,*,#925,.F.);
#1212=ORIENTED_EDGE('',*,*,#932,.F.);
#1213=ORIENTED_EDGE('',*,*,#923,.T.);
#1214=ORIENTED_EDGE('',*,*,#933,.F.);
#1215=ORIENTED_EDGE('',*,*,#934,.T.);
#1216=ORIENTED_EDGE('',*,*,#935,.F.);
#1217=ORIENTED_EDGE('',*,*,#936,.F.);
#1218=ORIENTED_EDGE('',*,*,#927,.T.);
#1219=ORIENTED_EDGE('',*,*,#937,.F.);
#1220=ORIENTED_EDGE('',*,*,#938,.F.);
#1221=ORIENTED_EDGE('',*,*,#939,.F.);
#1222=ORIENTED_EDGE('',*,*,#940,.F.);
#1223=ORIENTED_EDGE('',*,*,#930,.T.);
#1224=ORIENTED_EDGE('',*,*,#932,.T.);
#1225=ORIENTED_EDGE('',*,*,#924,.T.);
#1226=ORIENTED_EDGE('',*,*,#936,.T.);
#1227=ORIENTED_EDGE('',*,*,#941,.T.);
#1228=ORIENTED_EDGE('',*,*,#942,.F.);
#1229=ORIENTED_EDGE('',*,*,#943,.F.);
#1230=ORIENTED_EDGE('',*,*,#937,.T.);
#1231=ORIENTED_EDGE('',*,*,#944,.F.);
#1232=ORIENTED_EDGE('',*,*,#945,.T.);
#1233=ORIENTED_EDGE('',*,*,#920,.T.);
#1234=ORIENTED_EDGE('',*,*,#945,.F.);
#1235=ORIENTED_EDGE('',*,*,#946,.F.);
#1236=ORIENTED_EDGE('',*,*,#947,.T.);
#1237=ORIENTED_EDGE('',*,*,#908,.T.);
#1238=ORIENTED_EDGE('',*,*,#947,.F.);
#1239=ORIENTED_EDGE('',*,*,#948,.F.);
#1240=ORIENTED_EDGE('',*,*,#949,.T.);
#1241=ORIENTED_EDGE('',*,*,#914,.T.);
#1242=ORIENTED_EDGE('',*,*,#949,.F.);
#1243=ORIENTED_EDGE('',*,*,#950,.F.);
#1244=ORIENTED_EDGE('',*,*,#951,.T.);
#1245=ORIENTED_EDGE('',*,*,#902,.T.);
#1246=ORIENTED_EDGE('',*,*,#951,.F.);
#1247=ORIENTED_EDGE('',*,*,#952,.F.);
#1248=ORIENTED_EDGE('',*,*,#953,.F.);
#1249=ORIENTED_EDGE('',*,*,#938,.T.);
#1250=ORIENTED_EDGE('',*,*,#943,.T.);
#1251=ORIENTED_EDGE('',*,*,#954,.F.);
#1252=ORIENTED_EDGE('',*,*,#941,.F.);
#1253=ORIENTED_EDGE('',*,*,#935,.T.);
#1254=ORIENTED_EDGE('',*,*,#955,.F.);
#1255=ORIENTED_EDGE('',*,*,#953,.T.);
#1256=ORIENTED_EDGE('',*,*,#956,.F.);
#1257=ORIENTED_EDGE('',*,*,#957,.F.);
#1258=ORIENTED_EDGE('',*,*,#958,.T.);
#1259=ORIENTED_EDGE('',*,*,#959,.F.);
#1260=ORIENTED_EDGE('',*,*,#960,.T.);
#1261=ORIENTED_EDGE('',*,*,#961,.T.);
#1262=ORIENTED_EDGE('',*,*,#955,.T.);
#1263=ORIENTED_EDGE('',*,*,#962,.T.);
#1264=ORIENTED_EDGE('',*,*,#963,.T.);
#1265=ORIENTED_EDGE('',*,*,#964,.T.);
#1266=ORIENTED_EDGE('',*,*,#965,.T.);
#1267=ORIENTED_EDGE('',*,*,#966,.F.);
#1268=ORIENTED_EDGE('',*,*,#967,.F.);
#1269=ORIENTED_EDGE('',*,*,#962,.F.);
#1270=ORIENTED_EDGE('',*,*,#934,.F.);
#1271=ORIENTED_EDGE('',*,*,#968,.F.);
#1272=ORIENTED_EDGE('',*,*,#969,.F.);
#1273=ORIENTED_EDGE('',*,*,#970,.F.);
#1274=ORIENTED_EDGE('',*,*,#971,.F.);
#1275=ORIENTED_EDGE('',*,*,#961,.F.);
#1276=ORIENTED_EDGE('',*,*,#972,.F.);
#1277=ORIENTED_EDGE('',*,*,#973,.F.);
#1278=ORIENTED_EDGE('',*,*,#974,.F.);
#1279=ORIENTED_EDGE('',*,*,#975,.F.);
#1280=ORIENTED_EDGE('',*,*,#939,.T.);
#1281=ORIENTED_EDGE('',*,*,#974,.T.);
#1282=ORIENTED_EDGE('',*,*,#976,.T.);
#1283=ORIENTED_EDGE('',*,*,#977,.T.);
#1284=ORIENTED_EDGE('',*,*,#978,.T.);
#1285=ORIENTED_EDGE('',*,*,#979,.T.);
#1286=ORIENTED_EDGE('',*,*,#980,.T.);
#1287=ORIENTED_EDGE('',*,*,#981,.T.);
#1288=ORIENTED_EDGE('',*,*,#982,.T.);
#1289=ORIENTED_EDGE('',*,*,#969,.T.);
#1290=ORIENTED_EDGE('',*,*,#983,.T.);
#1291=ORIENTED_EDGE('',*,*,#984,.T.);
#1292=ORIENTED_EDGE('',*,*,#985,.T.);
#1293=ORIENTED_EDGE('',*,*,#986,.T.);
#1294=ORIENTED_EDGE('',*,*,#987,.T.);
#1295=ORIENTED_EDGE('',*,*,#988,.T.);
#1296=ORIENTED_EDGE('',*,*,#989,.T.);
#1297=ORIENTED_EDGE('',*,*,#970,.T.);
#1298=ORIENTED_EDGE('',*,*,#982,.F.);
#1299=ORIENTED_EDGE('',*,*,#990,.T.);
#1300=ORIENTED_EDGE('',*,*,#991,.T.);
#1301=ORIENTED_EDGE('',*,*,#992,.T.);
#1302=ORIENTED_EDGE('',*,*,#993,.T.);
#1303=ORIENTED_EDGE('',*,*,#994,.T.);
#1304=ORIENTED_EDGE('',*,*,#995,.T.);
#1305=ORIENTED_EDGE('',*,*,#996,.T.);
#1306=ORIENTED_EDGE('',*,*,#997,.T.);
#1307=ORIENTED_EDGE('',*,*,#994,.F.);
#1308=ORIENTED_EDGE('',*,*,#998,.T.);
#1309=ORIENTED_EDGE('',*,*,#999,.T.);
#1310=ORIENTED_EDGE('',*,*,#1000,.T.);
#1311=ORIENTED_EDGE('',*,*,#996,.F.);
#1312=ORIENTED_EDGE('',*,*,#1001,.T.);
#1313=ORIENTED_EDGE('',*,*,#1002,.T.);
#1314=ORIENTED_EDGE('',*,*,#1003,.T.);
#1315=ORIENTED_EDGE('',*,*,#999,.F.);
#1316=ORIENTED_EDGE('',*,*,#1004,.T.);
#1317=ORIENTED_EDGE('',*,*,#1005,.T.);
#1318=ORIENTED_EDGE('',*,*,#1006,.T.);
#1319=ORIENTED_EDGE('',*,*,#1002,.F.);
#1320=ORIENTED_EDGE('',*,*,#1007,.T.);
#1321=ORIENTED_EDGE('',*,*,#992,.F.);
#1322=ORIENTED_EDGE('',*,*,#1008,.T.);
#1323=ORIENTED_EDGE('',*,*,#1005,.F.);
#1324=ORIENTED_EDGE('',*,*,#1009,.T.);
#1325=ORIENTED_EDGE('',*,*,#928,.T.);
#1326=ORIENTED_EDGE('',*,*,#940,.T.);
#1327=ORIENTED_EDGE('',*,*,#975,.T.);
#1328=ORIENTED_EDGE('',*,*,#989,.F.);
#1329=ORIENTED_EDGE('',*,*,#1010,.T.);
#1330=ORIENTED_EDGE('',*,*,#1001,.F.);
#1331=ORIENTED_EDGE('',*,*,#1011,.F.);
#1332=ORIENTED_EDGE('',*,*,#983,.F.);
#1333=ORIENTED_EDGE('',*,*,#968,.T.);
#1334=ORIENTED_EDGE('',*,*,#933,.T.);
#1335=ORIENTED_EDGE('',*,*,#926,.T.);
#1336=ORIENTED_EDGE('',*,*,#931,.T.);
#1337=ORIENTED_EDGE('',*,*,#998,.F.);
#1338=ORIENTED_EDGE('',*,*,#1012,.F.);
#1339=ORIENTED_EDGE('',*,*,#984,.F.);
#1340=ORIENTED_EDGE('',*,*,#1011,.T.);
#1341=ORIENTED_EDGE('',*,*,#993,.F.);
#1342=ORIENTED_EDGE('',*,*,#1013,.F.);
#1343=ORIENTED_EDGE('',*,*,#985,.F.);
#1344=ORIENTED_EDGE('',*,*,#1012,.T.);
#1345=ORIENTED_EDGE('',*,*,#995,.F.);
#1346=ORIENTED_EDGE('',*,*,#997,.F.);
#1347=ORIENTED_EDGE('',*,*,#1000,.F.);
#1348=ORIENTED_EDGE('',*,*,#1003,.F.);
#1349=ORIENTED_EDGE('',*,*,#1006,.F.);
#1350=ORIENTED_EDGE('',*,*,#1008,.F.);
#1351=ORIENTED_EDGE('',*,*,#944,.T.);
#1352=ORIENTED_EDGE('',*,*,#946,.T.);
#1353=ORIENTED_EDGE('',*,*,#948,.T.);
#1354=ORIENTED_EDGE('',*,*,#950,.T.);
#1355=ORIENTED_EDGE('',*,*,#1014,.T.);
#1356=ORIENTED_EDGE('',*,*,#1015,.T.);
#1357=ORIENTED_EDGE('',*,*,#1016,.T.);
#1358=ORIENTED_EDGE('',*,*,#1017,.T.);
#1359=ORIENTED_EDGE('',*,*,#1018,.T.);
#1360=ORIENTED_EDGE('',*,*,#1019,.T.);
#1361=ORIENTED_EDGE('',*,*,#1016,.F.);
#1362=ORIENTED_EDGE('',*,*,#1020,.T.);
#1363=ORIENTED_EDGE('',*,*,#1021,.T.);
#1364=ORIENTED_EDGE('',*,*,#1022,.T.);
#1365=ORIENTED_EDGE('',*,*,#1018,.F.);
#1366=ORIENTED_EDGE('',*,*,#1023,.T.);
#1367=ORIENTED_EDGE('',*,*,#1024,.T.);
#1368=ORIENTED_EDGE('',*,*,#1025,.T.);
#1369=ORIENTED_EDGE('',*,*,#1021,.F.);
#1370=ORIENTED_EDGE('',*,*,#1026,.T.);
#1371=ORIENTED_EDGE('',*,*,#954,.T.);
#1372=ORIENTED_EDGE('',*,*,#967,.T.);
#1373=ORIENTED_EDGE('',*,*,#1024,.F.);
#1374=ORIENTED_EDGE('',*,*,#1027,.T.);
#1375=ORIENTED_EDGE('',*,*,#1028,.T.);
#1376=ORIENTED_EDGE('',*,*,#956,.T.);
#1377=ORIENTED_EDGE('',*,*,#952,.T.);
#1378=ORIENTED_EDGE('',*,*,#942,.T.);
#1379=ORIENTED_EDGE('',*,*,#1029,.T.);
#1380=ORIENTED_EDGE('',*,*,#1030,.T.);
#1381=ORIENTED_EDGE('',*,*,#1028,.F.);
#1382=ORIENTED_EDGE('',*,*,#1031,.T.);
#1383=ORIENTED_EDGE('',*,*,#1032,.T.);
#1384=ORIENTED_EDGE('',*,*,#1033,.T.);
#1385=ORIENTED_EDGE('',*,*,#1029,.F.);
#1386=ORIENTED_EDGE('',*,*,#1034,.T.);
#1387=ORIENTED_EDGE('',*,*,#1035,.T.);
#1388=ORIENTED_EDGE('',*,*,#1036,.T.);
#1389=ORIENTED_EDGE('',*,*,#1032,.F.);
#1390=ORIENTED_EDGE('',*,*,#1037,.T.);
#1391=ORIENTED_EDGE('',*,*,#1038,.T.);
#1392=ORIENTED_EDGE('',*,*,#1039,.T.);
#1393=ORIENTED_EDGE('',*,*,#1035,.F.);
#1394=ORIENTED_EDGE('',*,*,#1040,.T.);
#1395=ORIENTED_EDGE('',*,*,#1041,.T.);
#1396=ORIENTED_EDGE('',*,*,#1042,.T.);
#1397=ORIENTED_EDGE('',*,*,#1038,.F.);
#1398=ORIENTED_EDGE('',*,*,#1043,.T.);
#1399=ORIENTED_EDGE('',*,*,#1044,.T.);
#1400=ORIENTED_EDGE('',*,*,#1045,.T.);
#1401=ORIENTED_EDGE('',*,*,#1041,.F.);
#1402=ORIENTED_EDGE('',*,*,#1046,.T.);
#1403=ORIENTED_EDGE('',*,*,#1047,.T.);
#1404=ORIENTED_EDGE('',*,*,#1048,.T.);
#1405=ORIENTED_EDGE('',*,*,#1044,.F.);
#1406=ORIENTED_EDGE('',*,*,#1049,.T.);
#1407=ORIENTED_EDGE('',*,*,#1050,.T.);
#1408=ORIENTED_EDGE('',*,*,#1051,.T.);
#1409=ORIENTED_EDGE('',*,*,#1047,.F.);
#1410=ORIENTED_EDGE('',*,*,#1052,.T.);
#1411=ORIENTED_EDGE('',*,*,#1053,.T.);
#1412=ORIENTED_EDGE('',*,*,#1054,.T.);
#1413=ORIENTED_EDGE('',*,*,#1050,.F.);
#1414=ORIENTED_EDGE('',*,*,#1055,.T.);
#1415=ORIENTED_EDGE('',*,*,#1056,.T.);
#1416=ORIENTED_EDGE('',*,*,#1057,.T.);
#1417=ORIENTED_EDGE('',*,*,#1053,.F.);
#1418=ORIENTED_EDGE('',*,*,#1058,.T.);
#1419=ORIENTED_EDGE('',*,*,#1059,.T.);
#1420=ORIENTED_EDGE('',*,*,#1060,.T.);
#1421=ORIENTED_EDGE('',*,*,#1056,.F.);
#1422=ORIENTED_EDGE('',*,*,#1061,.T.);
#1423=ORIENTED_EDGE('',*,*,#1062,.T.);
#1424=ORIENTED_EDGE('',*,*,#1063,.T.);
#1425=ORIENTED_EDGE('',*,*,#1059,.F.);
#1426=ORIENTED_EDGE('',*,*,#1064,.T.);
#1427=ORIENTED_EDGE('',*,*,#1065,.T.);
#1428=ORIENTED_EDGE('',*,*,#1066,.T.);
#1429=ORIENTED_EDGE('',*,*,#1062,.F.);
#1430=ORIENTED_EDGE('',*,*,#1067,.T.);
#1431=ORIENTED_EDGE('',*,*,#1068,.T.);
#1432=ORIENTED_EDGE('',*,*,#1069,.T.);
#1433=ORIENTED_EDGE('',*,*,#1065,.F.);
#1434=ORIENTED_EDGE('',*,*,#1070,.T.);
#1435=ORIENTED_EDGE('',*,*,#1071,.T.);
#1436=ORIENTED_EDGE('',*,*,#1072,.T.);
#1437=ORIENTED_EDGE('',*,*,#1068,.F.);
#1438=ORIENTED_EDGE('',*,*,#1073,.T.);
#1439=ORIENTED_EDGE('',*,*,#1074,.T.);
#1440=ORIENTED_EDGE('',*,*,#1075,.T.);
#1441=ORIENTED_EDGE('',*,*,#1071,.F.);
#1442=ORIENTED_EDGE('',*,*,#1076,.T.);
#1443=ORIENTED_EDGE('',*,*,#1077,.T.);
#1444=ORIENTED_EDGE('',*,*,#1078,.T.);
#1445=ORIENTED_EDGE('',*,*,#1074,.F.);
#1446=ORIENTED_EDGE('',*,*,#1079,.T.);
#1447=ORIENTED_EDGE('',*,*,#1080,.T.);
#1448=ORIENTED_EDGE('',*,*,#1081,.T.);
#1449=ORIENTED_EDGE('',*,*,#1077,.F.);
#1450=ORIENTED_EDGE('',*,*,#1082,.T.);
#1451=ORIENTED_EDGE('',*,*,#1083,.T.);
#1452=ORIENTED_EDGE('',*,*,#1084,.T.);
#1453=ORIENTED_EDGE('',*,*,#1080,.F.);
#1454=ORIENTED_EDGE('',*,*,#1085,.T.);
#1455=ORIENTED_EDGE('',*,*,#1086,.T.);
#1456=ORIENTED_EDGE('',*,*,#1087,.T.);
#1457=ORIENTED_EDGE('',*,*,#1083,.F.);
#1458=ORIENTED_EDGE('',*,*,#1088,.T.);
#1459=ORIENTED_EDGE('',*,*,#1014,.F.);
#1460=ORIENTED_EDGE('',*,*,#1089,.T.);
#1461=ORIENTED_EDGE('',*,*,#1086,.F.);
#1462=ORIENTED_EDGE('',*,*,#1090,.T.);
#1463=ORIENTED_EDGE('',*,*,#1057,.F.);
#1464=ORIENTED_EDGE('',*,*,#1091,.F.);
#1465=ORIENTED_EDGE('',*,*,#1092,.F.);
#1466=ORIENTED_EDGE('',*,*,#1093,.F.);
#1467=ORIENTED_EDGE('',*,*,#1060,.F.);
#1468=ORIENTED_EDGE('',*,*,#1094,.T.);
#1469=ORIENTED_EDGE('',*,*,#1095,.T.);
#1470=ORIENTED_EDGE('',*,*,#1091,.T.);
#1471=ORIENTED_EDGE('',*,*,#1063,.F.);
#1472=ORIENTED_EDGE('',*,*,#1096,.F.);
#1473=ORIENTED_EDGE('',*,*,#1097,.T.);
#1474=ORIENTED_EDGE('',*,*,#1098,.T.);
#1475=ORIENTED_EDGE('',*,*,#1099,.T.);
#1476=ORIENTED_EDGE('',*,*,#1100,.F.);
#1477=ORIENTED_EDGE('',*,*,#1045,.F.);
#1478=ORIENTED_EDGE('',*,*,#1101,.F.);
#1479=ORIENTED_EDGE('',*,*,#1102,.T.);
#1480=ORIENTED_EDGE('',*,*,#1094,.F.);
#1481=ORIENTED_EDGE('',*,*,#1066,.F.);
#1482=ORIENTED_EDGE('',*,*,#1103,.F.);
#1483=ORIENTED_EDGE('',*,*,#1104,.T.);
#1484=ORIENTED_EDGE('',*,*,#1096,.T.);
#1485=ORIENTED_EDGE('',*,*,#1072,.F.);
#1486=ORIENTED_EDGE('',*,*,#1105,.T.);
#1487=ORIENTED_EDGE('',*,*,#1106,.T.);
#1488=ORIENTED_EDGE('',*,*,#1107,.T.);
#1489=ORIENTED_EDGE('',*,*,#1075,.F.);
#1490=ORIENTED_EDGE('',*,*,#1108,.T.);
#1491=ORIENTED_EDGE('',*,*,#1109,.F.);
#1492=ORIENTED_EDGE('',*,*,#1105,.F.);
#1493=ORIENTED_EDGE('',*,*,#1078,.F.);
#1494=ORIENTED_EDGE('',*,*,#1110,.T.);
#1495=ORIENTED_EDGE('',*,*,#1111,.F.);
#1496=ORIENTED_EDGE('',*,*,#1108,.F.);
#1497=ORIENTED_EDGE('',*,*,#1081,.F.);
#1498=ORIENTED_EDGE('',*,*,#1112,.F.);
#1499=ORIENTED_EDGE('',*,*,#1113,.F.);
#1500=ORIENTED_EDGE('',*,*,#1110,.F.);
#1501=ORIENTED_EDGE('',*,*,#1084,.F.);
#1502=ORIENTED_EDGE('',*,*,#1114,.T.);
#1503=ORIENTED_EDGE('',*,*,#1115,.T.);
#1504=ORIENTED_EDGE('',*,*,#1112,.T.);
#1505=ORIENTED_EDGE('',*,*,#1069,.F.);
#1506=ORIENTED_EDGE('',*,*,#1107,.F.);
#1507=ORIENTED_EDGE('',*,*,#1116,.T.);
#1508=ORIENTED_EDGE('',*,*,#1114,.F.);
#1509=ORIENTED_EDGE('',*,*,#1087,.F.);
#1510=ORIENTED_EDGE('',*,*,#1117,.F.);
#1511=ORIENTED_EDGE('',*,*,#1118,.T.);
#1512=ORIENTED_EDGE('',*,*,#1119,.F.);
#1513=ORIENTED_EDGE('',*,*,#1120,.T.);
#1514=ORIENTED_EDGE('',*,*,#1103,.T.);
#1515=ORIENTED_EDGE('',*,*,#1089,.F.);
#1516=ORIENTED_EDGE('',*,*,#1121,.T.);
#1517=ORIENTED_EDGE('',*,*,#1122,.T.);
#1518=ORIENTED_EDGE('',*,*,#1117,.T.);
#1519=ORIENTED_EDGE('',*,*,#1017,.F.);
#1520=ORIENTED_EDGE('',*,*,#1123,.F.);
#1521=ORIENTED_EDGE('',*,*,#1124,.F.);
#1522=ORIENTED_EDGE('',*,*,#1121,.F.);
#1523=ORIENTED_EDGE('',*,*,#1015,.F.);
#1524=ORIENTED_EDGE('',*,*,#1090,.F.);
#1525=ORIENTED_EDGE('',*,*,#1088,.F.);
#1526=ORIENTED_EDGE('',*,*,#1085,.F.);
#1527=ORIENTED_EDGE('',*,*,#1082,.F.);
#1528=ORIENTED_EDGE('',*,*,#1079,.F.);
#1529=ORIENTED_EDGE('',*,*,#1076,.F.);
#1530=ORIENTED_EDGE('',*,*,#1073,.F.);
#1531=ORIENTED_EDGE('',*,*,#1070,.F.);
#1532=ORIENTED_EDGE('',*,*,#1067,.F.);
#1533=ORIENTED_EDGE('',*,*,#1064,.F.);
#1534=ORIENTED_EDGE('',*,*,#1061,.F.);
#1535=ORIENTED_EDGE('',*,*,#1058,.F.);
#1536=ORIENTED_EDGE('',*,*,#1055,.F.);
#1537=ORIENTED_EDGE('',*,*,#1052,.F.);
#1538=ORIENTED_EDGE('',*,*,#1049,.F.);
#1539=ORIENTED_EDGE('',*,*,#1046,.F.);
#1540=ORIENTED_EDGE('',*,*,#1043,.F.);
#1541=ORIENTED_EDGE('',*,*,#1040,.F.);
#1542=ORIENTED_EDGE('',*,*,#1037,.F.);
#1543=ORIENTED_EDGE('',*,*,#1034,.F.);
#1544=ORIENTED_EDGE('',*,*,#1031,.F.);
#1545=ORIENTED_EDGE('',*,*,#1027,.F.);
#1546=ORIENTED_EDGE('',*,*,#1026,.F.);
#1547=ORIENTED_EDGE('',*,*,#1023,.F.);
#1548=ORIENTED_EDGE('',*,*,#1020,.F.);
#1549=ORIENTED_EDGE('',*,*,#1048,.F.);
#1550=ORIENTED_EDGE('',*,*,#1125,.T.);
#1551=ORIENTED_EDGE('',*,*,#1126,.T.);
#1552=ORIENTED_EDGE('',*,*,#1101,.T.);
#1553=ORIENTED_EDGE('',*,*,#1042,.F.);
#1554=ORIENTED_EDGE('',*,*,#1100,.T.);
#1555=ORIENTED_EDGE('',*,*,#1127,.T.);
#1556=ORIENTED_EDGE('',*,*,#1128,.T.);
#1557=ORIENTED_EDGE('',*,*,#1039,.F.);
#1558=ORIENTED_EDGE('',*,*,#1128,.F.);
#1559=ORIENTED_EDGE('',*,*,#1129,.F.);
#1560=ORIENTED_EDGE('',*,*,#1130,.F.);
#1561=ORIENTED_EDGE('',*,*,#1030,.F.);
#1562=ORIENTED_EDGE('',*,*,#1131,.T.);
#1563=ORIENTED_EDGE('',*,*,#1132,.T.);
#1564=ORIENTED_EDGE('',*,*,#957,.T.);
#1565=ORIENTED_EDGE('',*,*,#1036,.F.);
#1566=ORIENTED_EDGE('',*,*,#1130,.T.);
#1567=ORIENTED_EDGE('',*,*,#1133,.T.);
#1568=ORIENTED_EDGE('',*,*,#1134,.T.);
#1569=ORIENTED_EDGE('',*,*,#1019,.F.);
#1570=ORIENTED_EDGE('',*,*,#1135,.T.);
#1571=ORIENTED_EDGE('',*,*,#1136,.T.);
#1572=ORIENTED_EDGE('',*,*,#1123,.T.);
#1573=ORIENTED_EDGE('',*,*,#1025,.F.);
#1574=ORIENTED_EDGE('',*,*,#966,.T.);
#1575=ORIENTED_EDGE('',*,*,#1137,.T.);
#1576=ORIENTED_EDGE('',*,*,#1138,.T.);
#1577=ORIENTED_EDGE('',*,*,#1022,.F.);
#1578=ORIENTED_EDGE('',*,*,#1138,.F.);
#1579=ORIENTED_EDGE('',*,*,#1139,.F.);
#1580=ORIENTED_EDGE('',*,*,#1135,.F.);
#1581=ORIENTED_EDGE('',*,*,#1109,.T.);
#1582=ORIENTED_EDGE('',*,*,#1111,.T.);
#1583=ORIENTED_EDGE('',*,*,#1113,.T.);
#1584=ORIENTED_EDGE('',*,*,#1115,.F.);
#1585=ORIENTED_EDGE('',*,*,#1116,.F.);
#1586=ORIENTED_EDGE('',*,*,#1106,.F.);
#1587=ORIENTED_EDGE('',*,*,#909,.T.);
#1588=ORIENTED_EDGE('',*,*,#1054,.F.);
#1589=ORIENTED_EDGE('',*,*,#1093,.T.);
#1590=ORIENTED_EDGE('',*,*,#1140,.F.);
#1591=ORIENTED_EDGE('',*,*,#1141,.F.);
#1592=ORIENTED_EDGE('',*,*,#1051,.F.);
#1593=ORIENTED_EDGE('',*,*,#1141,.T.);
#1594=ORIENTED_EDGE('',*,*,#1142,.F.);
#1595=ORIENTED_EDGE('',*,*,#1125,.F.);
#1596=ORIENTED_EDGE('',*,*,#1142,.T.);
#1597=ORIENTED_EDGE('',*,*,#1140,.T.);
#1598=ORIENTED_EDGE('',*,*,#1092,.T.);
#1599=ORIENTED_EDGE('',*,*,#1095,.F.);
#1600=ORIENTED_EDGE('',*,*,#1102,.F.);
#1601=ORIENTED_EDGE('',*,*,#1126,.F.);
#1602=ORIENTED_EDGE('',*,*,#903,.T.);
#1603=ORIENTED_EDGE('',*,*,#1136,.F.);
#1604=ORIENTED_EDGE('',*,*,#1139,.T.);
#1605=ORIENTED_EDGE('',*,*,#1137,.F.);
#1606=ORIENTED_EDGE('',*,*,#965,.F.);
#1607=ORIENTED_EDGE('',*,*,#1143,.F.);
#1608=ORIENTED_EDGE('',*,*,#1118,.F.);
#1609=ORIENTED_EDGE('',*,*,#1122,.F.);
#1610=ORIENTED_EDGE('',*,*,#1124,.T.);
#1611=ORIENTED_EDGE('',*,*,#921,.T.);
#1612=ORIENTED_EDGE('',*,*,#1033,.F.);
#1613=ORIENTED_EDGE('',*,*,#1134,.F.);
#1614=ORIENTED_EDGE('',*,*,#1144,.F.);
#1615=ORIENTED_EDGE('',*,*,#1131,.F.);
#1616=ORIENTED_EDGE('',*,*,#1133,.F.);
#1617=ORIENTED_EDGE('',*,*,#1129,.T.);
#1618=ORIENTED_EDGE('',*,*,#1127,.F.);
#1619=ORIENTED_EDGE('',*,*,#1099,.F.);
#1620=ORIENTED_EDGE('',*,*,#1145,.F.);
#1621=ORIENTED_EDGE('',*,*,#958,.F.);
#1622=ORIENTED_EDGE('',*,*,#1132,.F.);
#1623=ORIENTED_EDGE('',*,*,#1144,.T.);
#1624=ORIENTED_EDGE('',*,*,#915,.T.);
#1625=ORIENTED_EDGE('',*,*,#1145,.T.);
#1626=ORIENTED_EDGE('',*,*,#1098,.F.);
#1627=ORIENTED_EDGE('',*,*,#1146,.T.);
#1628=ORIENTED_EDGE('',*,*,#959,.T.);
#1629=ORIENTED_EDGE('',*,*,#977,.F.);
#1630=ORIENTED_EDGE('',*,*,#1147,.T.);
#1631=ORIENTED_EDGE('',*,*,#1148,.T.);
#1632=ORIENTED_EDGE('',*,*,#1149,.F.);
#1633=ORIENTED_EDGE('',*,*,#973,.T.);
#1634=ORIENTED_EDGE('',*,*,#1150,.T.);
#1635=ORIENTED_EDGE('',*,*,#1147,.F.);
#1636=ORIENTED_EDGE('',*,*,#976,.F.);
#1637=ORIENTED_EDGE('',*,*,#981,.F.);
#1638=ORIENTED_EDGE('',*,*,#1151,.T.);
#1639=ORIENTED_EDGE('',*,*,#1152,.T.);
#1640=ORIENTED_EDGE('',*,*,#990,.F.);
#1641=ORIENTED_EDGE('',*,*,#980,.F.);
#1642=ORIENTED_EDGE('',*,*,#1153,.T.);
#1643=ORIENTED_EDGE('',*,*,#1154,.T.);
#1644=ORIENTED_EDGE('',*,*,#1151,.F.);
#1645=ORIENTED_EDGE('',*,*,#979,.F.);
#1646=ORIENTED_EDGE('',*,*,#1155,.T.);
#1647=ORIENTED_EDGE('',*,*,#1156,.T.);
#1648=ORIENTED_EDGE('',*,*,#1153,.F.);
#1649=ORIENTED_EDGE('',*,*,#978,.F.);
#1650=ORIENTED_EDGE('',*,*,#1149,.T.);
#1651=ORIENTED_EDGE('',*,*,#1157,.T.);
#1652=ORIENTED_EDGE('',*,*,#1155,.F.);
#1653=ORIENTED_EDGE('',*,*,#972,.T.);
#1654=ORIENTED_EDGE('',*,*,#960,.F.);
#1655=ORIENTED_EDGE('',*,*,#1146,.F.);
#1656=ORIENTED_EDGE('',*,*,#1097,.F.);
#1657=ORIENTED_EDGE('',*,*,#1104,.F.);
#1658=ORIENTED_EDGE('',*,*,#1120,.F.);
#1659=ORIENTED_EDGE('',*,*,#1158,.F.);
#1660=ORIENTED_EDGE('',*,*,#963,.F.);
#1661=ORIENTED_EDGE('',*,*,#971,.T.);
#1662=ORIENTED_EDGE('',*,*,#991,.F.);
#1663=ORIENTED_EDGE('',*,*,#1152,.F.);
#1664=ORIENTED_EDGE('',*,*,#1154,.F.);
#1665=ORIENTED_EDGE('',*,*,#1156,.F.);
#1666=ORIENTED_EDGE('',*,*,#1157,.F.);
#1667=ORIENTED_EDGE('',*,*,#1148,.F.);
#1668=ORIENTED_EDGE('',*,*,#1150,.F.);
#1669=ORIENTED_EDGE('',*,*,#1143,.T.);
#1670=ORIENTED_EDGE('',*,*,#964,.F.);
#1671=ORIENTED_EDGE('',*,*,#1158,.T.);
#1672=ORIENTED_EDGE('',*,*,#1119,.T.);
#1673=ORIENTED_EDGE('',*,*,#1004,.F.);
#1674=ORIENTED_EDGE('',*,*,#1010,.F.);
#1675=ORIENTED_EDGE('',*,*,#988,.F.);
#1676=ORIENTED_EDGE('',*,*,#1159,.T.);
#1677=ORIENTED_EDGE('',*,*,#1009,.F.);
#1678=ORIENTED_EDGE('',*,*,#1160,.F.);
#1679=ORIENTED_EDGE('',*,*,#986,.F.);
#1680=ORIENTED_EDGE('',*,*,#1013,.T.);
#1681=ORIENTED_EDGE('',*,*,#1007,.F.);
#1682=ORIENTED_EDGE('',*,*,#1159,.F.);
#1683=ORIENTED_EDGE('',*,*,#987,.F.);
#1684=ORIENTED_EDGE('',*,*,#1160,.T.);
#1685=CONICAL_SURFACE('',#1797,2.525,0.785398163397448);
#1686=CONICAL_SURFACE('',#1804,2.525,0.785398163397448);
#1687=CONICAL_SURFACE('',#1811,2.4,0.785398163397448);
#1688=CONICAL_SURFACE('',#1818,2.4,0.785398163397448);
#1689=ADVANCED_FACE('',(#211),#1685,.F.);
#1690=ADVANCED_FACE('',(#212,#158),#170,.T.);
#1691=ADVANCED_FACE('',(#213),#126,.F.);
#1692=ADVANCED_FACE('',(#214),#1686,.F.);
#1693=ADVANCED_FACE('',(#215,#159),#171,.T.);
#1694=ADVANCED_FACE('',(#216),#127,.F.);
#1695=ADVANCED_FACE('',(#217),#1687,.F.);
#1696=ADVANCED_FACE('',(#218,#160),#172,.T.);
#1697=ADVANCED_FACE('',(#219),#128,.F.);
#1698=ADVANCED_FACE('',(#220),#1688,.F.);
#1699=ADVANCED_FACE('',(#221,#161),#173,.T.);
#1700=ADVANCED_FACE('',(#222),#129,.F.);
#1701=ADVANCED_FACE('',(#223),#174,.F.);
#1702=ADVANCED_FACE('',(#224),#175,.F.);
#1703=ADVANCED_FACE('',(#225),#176,.F.);
#1704=ADVANCED_FACE('',(#226),#177,.F.);
#1705=ADVANCED_FACE('',(#227),#178,.F.);
#1706=ADVANCED_FACE('',(#228),#179,.T.);
#1707=ADVANCED_FACE('',(#229),#130,.F.);
#1708=ADVANCED_FACE('',(#230),#131,.F.);
#1709=ADVANCED_FACE('',(#231),#132,.F.);
#1710=ADVANCED_FACE('',(#232),#133,.F.);
#1711=ADVANCED_FACE('',(#233),#180,.T.);
#1712=ADVANCED_FACE('',(#234),#181,.T.);
#1713=ADVANCED_FACE('',(#235),#182,.T.);
#1714=ADVANCED_FACE('',(#236),#183,.T.);
#1715=ADVANCED_FACE('',(#237),#184,.F.);
#1716=ADVANCED_FACE('',(#238),#185,.F.);
#1717=ADVANCED_FACE('',(#239),#186,.T.);
#1718=ADVANCED_FACE('',(#240),#187,.F.);
#1719=ADVANCED_FACE('',(#241),#134,.T.);
#1720=ADVANCED_FACE('',(#242),#41,.T.);
#1721=ADVANCED_FACE('',(#243),#135,.T.);
#1722=ADVANCED_FACE('',(#244),#42,.T.);
#1723=ADVANCED_FACE('',(#245),#136,.T.);
#1724=ADVANCED_FACE('',(#246),#43,.T.);
#1725=ADVANCED_FACE('',(#247),#188,.T.);
#1726=ADVANCED_FACE('',(#248),#137,.T.);
#1727=ADVANCED_FACE('',(#249),#189,.T.);
#1728=ADVANCED_FACE('',(#250,#162,#163,#164,#165),#190,.F.);
#1729=ADVANCED_FACE('',(#251),#15,.T.);
#1730=ADVANCED_FACE('',(#252),#16,.T.);
#1731=ADVANCED_FACE('',(#253),#17,.T.);
#1732=ADVANCED_FACE('',(#254),#18,.T.);
#1733=ADVANCED_FACE('',(#255),#19,.T.);
#1734=ADVANCED_FACE('',(#256),#20,.T.);
#1735=ADVANCED_FACE('',(#257),#21,.T.);
#1736=ADVANCED_FACE('',(#258),#22,.T.);
#1737=ADVANCED_FACE('',(#259),#23,.T.);
#1738=ADVANCED_FACE('',(#260),#24,.T.);
#1739=ADVANCED_FACE('',(#261),#25,.T.);
#1740=ADVANCED_FACE('',(#262),#26,.T.);
#1741=ADVANCED_FACE('',(#263),#27,.T.);
#1742=ADVANCED_FACE('',(#264),#28,.T.);
#1743=ADVANCED_FACE('',(#265),#29,.T.);
#1744=ADVANCED_FACE('',(#266),#30,.T.);
#1745=ADVANCED_FACE('',(#267),#31,.T.);
#1746=ADVANCED_FACE('',(#268),#32,.T.);
#1747=ADVANCED_FACE('',(#269),#33,.T.);
#1748=ADVANCED_FACE('',(#270),#34,.T.);
#1749=ADVANCED_FACE('',(#271),#35,.T.);
#1750=ADVANCED_FACE('',(#272),#36,.T.);
#1751=ADVANCED_FACE('',(#273),#37,.T.);
#1752=ADVANCED_FACE('',(#274),#38,.T.);
#1753=ADVANCED_FACE('',(#275),#39,.T.);
#1754=ADVANCED_FACE('',(#276),#40,.T.);
#1755=ADVANCED_FACE('',(#277),#191,.T.);
#1756=ADVANCED_FACE('',(#278),#138,.F.);
#1757=ADVANCED_FACE('',(#279),#192,.T.);
#1758=ADVANCED_FACE('',(#280),#139,.F.);
#1759=ADVANCED_FACE('',(#281),#140,.F.);
#1760=ADVANCED_FACE('',(#282),#193,.T.);
#1761=ADVANCED_FACE('',(#283),#141,.T.);
#1762=ADVANCED_FACE('',(#284),#194,.T.);
#1763=ADVANCED_FACE('',(#285),#142,.F.);
#1764=ADVANCED_FACE('',(#286),#195,.T.);
#1765=ADVANCED_FACE('',(#287),#143,.F.);
#1766=ADVANCED_FACE('',(#288),#196,.T.);
#1767=ADVANCED_FACE('',(#289),#197,.F.);
#1768=ADVANCED_FACE('',(#290),#144,.F.);
#1769=ADVANCED_FACE('',(#291),#145,.F.);
#1770=ADVANCED_FACE('',(#292),#198,.T.);
#1771=ADVANCED_FACE('',(#293),#146,.F.);
#1772=ADVANCED_FACE('',(#294),#147,.T.);
#1773=ADVANCED_FACE('',(#295),#148,.T.);
#1774=ADVANCED_FACE('',(#296),#149,.F.);
#1775=ADVANCED_FACE('',(#297),#199,.T.);
#1776=ADVANCED_FACE('',(#298,#166),#200,.F.);
#1777=ADVANCED_FACE('',(#299),#150,.T.);
#1778=ADVANCED_FACE('',(#300),#201,.T.);
#1779=ADVANCED_FACE('',(#301,#167),#202,.F.);
#1780=ADVANCED_FACE('',(#302,#168),#203,.F.);
#1781=ADVANCED_FACE('',(#303),#204,.T.);
#1782=ADVANCED_FACE('',(#304,#169),#205,.F.);
#1783=ADVANCED_FACE('',(#305),#151,.F.);
#1784=ADVANCED_FACE('',(#306),#152,.F.);
#1785=ADVANCED_FACE('',(#307),#206,.F.);
#1786=ADVANCED_FACE('',(#308),#153,.F.);
#1787=ADVANCED_FACE('',(#309),#207,.F.);
#1788=ADVANCED_FACE('',(#310),#154,.F.);
#1789=ADVANCED_FACE('',(#311),#208,.F.);
#1790=ADVANCED_FACE('',(#312),#209,.T.);
#1791=ADVANCED_FACE('',(#313),#155,.F.);
#1792=ADVANCED_FACE('',(#314),#156,.T.);
#1793=ADVANCED_FACE('',(#315),#157,.T.);
#1794=ADVANCED_FACE('',(#316),#210,.T.);
#1795=CLOSED_SHELL('',(#1689,#1690,#1691,#1692,#1693,#1694,#1695,#1696,
#1697,#1698,#1699,#1700,#1701,#1702,#1703,#1704,#1705,#1706,#1707,#1708,
#1709,#1710,#1711,#1712,#1713,#1714,#1715,#1716,#1717,#1718,#1719,#1720,
#1721,#1722,#1723,#1724,#1725,#1726,#1727,#1728,#1729,#1730,#1731,#1732,
#1733,#1734,#1735,#1736,#1737,#1738,#1739,#1740,#1741,#1742,#1743,#1744,
#1745,#1746,#1747,#1748,#1749,#1750,#1751,#1752,#1753,#1754,#1755,#1756,
#1757,#1758,#1759,#1760,#1761,#1762,#1763,#1764,#1765,#1766,#1767,#1768,
#1769,#1770,#1771,#1772,#1773,#1774,#1775,#1776,#1777,#1778,#1779,#1780,
#1781,#1782,#1783,#1784,#1785,#1786,#1787,#1788,#1789,#1790,#1791,#1792,
#1793,#1794));
#1796=AXIS2_PLACEMENT_3D('',#2335,#1935,#1936);
#1797=AXIS2_PLACEMENT_3D('',#2336,#1937,#1938);
#1798=AXIS2_PLACEMENT_3D('',#2338,#1939,#1940);
#1799=AXIS2_PLACEMENT_3D('',#2341,#1942,#1943);
#1800=AXIS2_PLACEMENT_3D('',#2342,#1944,#1945);
#1801=AXIS2_PLACEMENT_3D('',#2344,#1946,#1947);
#1802=AXIS2_PLACEMENT_3D('',#2345,#1948,#1949);
#1803=AXIS2_PLACEMENT_3D('',#2347,#1950,#1951);
#1804=AXIS2_PLACEMENT_3D('',#2349,#1953,#1954);
#1805=AXIS2_PLACEMENT_3D('',#2351,#1955,#1956);
#1806=AXIS2_PLACEMENT_3D('',#2354,#1958,#1959);
#1807=AXIS2_PLACEMENT_3D('',#2355,#1960,#1961);
#1808=AXIS2_PLACEMENT_3D('',#2357,#1962,#1963);
#1809=AXIS2_PLACEMENT_3D('',#2358,#1964,#1965);
#1810=AXIS2_PLACEMENT_3D('',#2360,#1966,#1967);
#1811=AXIS2_PLACEMENT_3D('',#2362,#1969,#1970);
#1812=AXIS2_PLACEMENT_3D('',#2364,#1971,#1972);
#1813=AXIS2_PLACEMENT_3D('',#2367,#1974,#1975);
#1814=AXIS2_PLACEMENT_3D('',#2368,#1976,#1977);
#1815=AXIS2_PLACEMENT_3D('',#2370,#1978,#1979);
#1816=AXIS2_PLACEMENT_3D('',#2371,#1980,#1981);
#1817=AXIS2_PLACEMENT_3D('',#2373,#1982,#1983);
#1818=AXIS2_PLACEMENT_3D('',#2375,#1985,#1986);
#1819=AXIS2_PLACEMENT_3D('',#2377,#1987,#1988);
#1820=AXIS2_PLACEMENT_3D('',#2380,#1990,#1991);
#1821=AXIS2_PLACEMENT_3D('',#2381,#1992,#1993);
#1822=AXIS2_PLACEMENT_3D('',#2383,#1994,#1995);
#1823=AXIS2_PLACEMENT_3D('',#2384,#1996,#1997);
#1824=AXIS2_PLACEMENT_3D('',#2386,#1998,#1999);
#1825=AXIS2_PLACEMENT_3D('',#2388,#2001,#2002);
#1826=AXIS2_PLACEMENT_3D('',#2397,#2007,#2008);
#1827=AXIS2_PLACEMENT_3D('',#2406,#2013,#2014);
#1828=AXIS2_PLACEMENT_3D('',#2409,#2017,#2018);
#1829=AXIS2_PLACEMENT_3D('',#2417,#2023,#2024);
#1830=AXIS2_PLACEMENT_3D('',#2425,#2029,#2030);
#1831=AXIS2_PLACEMENT_3D('',#2434,#2033,#2034);
#1832=AXIS2_PLACEMENT_3D('',#2436,#2035,#2036);
#1833=AXIS2_PLACEMENT_3D('',#2438,#2038,#2039);
#1834=AXIS2_PLACEMENT_3D('',#2440,#2040,#2041);
#1835=AXIS2_PLACEMENT_3D('',#2442,#2043,#2044);
#1836=AXIS2_PLACEMENT_3D('',#2444,#2045,#2046);
#1837=AXIS2_PLACEMENT_3D('',#2446,#2048,#2049);
#1838=AXIS2_PLACEMENT_3D('',#2448,#2050,#2051);
#1839=AXIS2_PLACEMENT_3D('',#2450,#2053,#2054);
#1840=AXIS2_PLACEMENT_3D('',#2463,#2056,#2057);
#1841=AXIS2_PLACEMENT_3D('',#2476,#2059,#2060);
#1842=AXIS2_PLACEMENT_3D('',#2491,#2066,#2067);
#1843=AXIS2_PLACEMENT_3D('',#2506,#2073,#2074);
#1844=AXIS2_PLACEMENT_3D('',#2514,#2079,#2080);
#1845=AXIS2_PLACEMENT_3D('',#2522,#2085,#2086);
#1846=AXIS2_PLACEMENT_3D('',#2526,#2088,#2089);
#1847=AXIS2_PLACEMENT_3D('',#2530,#2091,#2092);
#1848=AXIS2_PLACEMENT_3D('',#2534,#2094,#2095);
#1849=AXIS2_PLACEMENT_3D('',#2539,#2098,#2099);
#1850=AXIS2_PLACEMENT_3D('',#2543,#2101,#2102);
#1851=AXIS2_PLACEMENT_3D('',#2547,#2104,#2105);
#1852=AXIS2_PLACEMENT_3D('',#2549,#2107,#2108);
#1853=AXIS2_PLACEMENT_3D('',#2553,#2111,#2112);
#1854=AXIS2_PLACEMENT_3D('',#2556,#2113,#2114);
#1855=AXIS2_PLACEMENT_3D('',#2560,#2116,#2117);
#1856=AXIS2_PLACEMENT_3D('',#2562,#2119,#2120);
#1857=AXIS2_PLACEMENT_3D('',#2565,#2121,#2122);
#1858=AXIS2_PLACEMENT_3D('',#2566,#2123,#2124);
#1859=AXIS2_PLACEMENT_3D('',#2567,#2125,#2126);
#1860=AXIS2_PLACEMENT_3D('',#2568,#2127,#2128);
#1861=AXIS2_PLACEMENT_3D('',#2571,#2129,#2130);
#1862=AXIS2_PLACEMENT_3D('',#2574,#2133,#2134);
#1863=AXIS2_PLACEMENT_3D('',#2577,#2135,#2136);
#1864=AXIS2_PLACEMENT_3D('',#2578,#2137,#2138);
#1865=AXIS2_PLACEMENT_3D('',#2579,#2139,#2140);
#1866=AXIS2_PLACEMENT_3D('',#2580,#2141,#2142);
#1867=AXIS2_PLACEMENT_3D('',#2583,#2143,#2144);
#1868=AXIS2_PLACEMENT_3D('',#2586,#2147,#2148);
#1869=AXIS2_PLACEMENT_3D('',#2587,#2149,#2150);
#1870=AXIS2_PLACEMENT_3D('',#2588,#2151,#2152);
#1871=AXIS2_PLACEMENT_3D('',#2589,#2153,#2154);
#1872=AXIS2_PLACEMENT_3D('',#2592,#2157,#2158);
#1873=AXIS2_PLACEMENT_3D('',#2594,#2160,#2161);
#1874=AXIS2_PLACEMENT_3D('',#2596,#2163,#2164);
#1875=AXIS2_PLACEMENT_3D('',#4031,#2165,#2166);
#1876=AXIS2_PLACEMENT_3D('',#4037,#2170,#2171);
#1877=AXIS2_PLACEMENT_3D('',#4040,#2173,#2174);
#1878=AXIS2_PLACEMENT_3D('',#4041,#2175,#2176);
#1879=AXIS2_PLACEMENT_3D('',#4054,#2184,#2185);
#1880=AXIS2_PLACEMENT_3D('',#4057,#2187,#2188);
#1881=AXIS2_PLACEMENT_3D('',#4058,#2189,#2190);
#1882=AXIS2_PLACEMENT_3D('',#4062,#2192,#2193);
#1883=AXIS2_PLACEMENT_3D('',#4064,#2195,#2196);
#1884=AXIS2_PLACEMENT_3D('',#4068,#2199,#2200);
#1885=AXIS2_PLACEMENT_3D('',#4071,#2202,#2203);
#1886=AXIS2_PLACEMENT_3D('',#4072,#2204,#2205);
#1887=AXIS2_PLACEMENT_3D('',#4076,#2208,#2209);
#1888=AXIS2_PLACEMENT_3D('',#4079,#2211,#2212);
#1889=AXIS2_PLACEMENT_3D('',#4080,#2213,#2214);
#1890=AXIS2_PLACEMENT_3D('',#4089,#2220,#2221);
#1891=AXIS2_PLACEMENT_3D('',#4092,#2223,#2224);
#1892=AXIS2_PLACEMENT_3D('',#4093,#2225,#2226);
#1893=AXIS2_PLACEMENT_3D('',#4097,#2229,#2230);
#1894=AXIS2_PLACEMENT_3D('',#4098,#2231,#2232);
#1895=AXIS2_PLACEMENT_3D('',#4101,#2234,#2235);
#1896=AXIS2_PLACEMENT_3D('',#4102,#2236,#2237);
#1897=AXIS2_PLACEMENT_3D('',#4104,#2238,#2239);
#1898=AXIS2_PLACEMENT_3D('',#4106,#2241,#2242);
#1899=AXIS2_PLACEMENT_3D('',#4110,#2245,#2246);
#1900=AXIS2_PLACEMENT_3D('',#4113,#2248,#2249);
#1901=AXIS2_PLACEMENT_3D('',#4114,#2250,#2251);
#1902=AXIS2_PLACEMENT_3D('',#4116,#2252,#2253);
#1903=AXIS2_PLACEMENT_3D('',#4118,#2255,#2256);
#1904=AXIS2_PLACEMENT_3D('',#4121,#2258,#2259);
#1905=AXIS2_PLACEMENT_3D('',#4122,#2260,#2261);
#1906=AXIS2_PLACEMENT_3D('',#4124,#2262,#2263);
#1907=AXIS2_PLACEMENT_3D('',#4126,#2265,#2266);
#1908=AXIS2_PLACEMENT_3D('',#4128,#2268,#2269);
#1909=AXIS2_PLACEMENT_3D('',#4129,#2270,#2271);
#1910=AXIS2_PLACEMENT_3D('',#4131,#2272,#2273);
#1911=AXIS2_PLACEMENT_3D('',#4133,#2275,#2276);
#1912=AXIS2_PLACEMENT_3D('',#4135,#2278,#2279);
#1913=AXIS2_PLACEMENT_3D('',#4136,#2280,#2281);
#1914=AXIS2_PLACEMENT_3D('',#4137,#2282,#2283);
#1915=AXIS2_PLACEMENT_3D('',#4138,#2284,#2285);
#1916=AXIS2_PLACEMENT_3D('',#4140,#2287,#2288);
#1917=AXIS2_PLACEMENT_3D('',#4141,#2289,#2290);
#1918=AXIS2_PLACEMENT_3D('',#4142,#2291,#2292);
#1919=AXIS2_PLACEMENT_3D('',#4143,#2293,#2294);
#1920=AXIS2_PLACEMENT_3D('',#4144,#2295,#2296);
#1921=AXIS2_PLACEMENT_3D('',#4148,#2298,#2299);
#1922=AXIS2_PLACEMENT_3D('',#4150,#2301,#2302);
#1923=AXIS2_PLACEMENT_3D('',#4152,#2304,#2305);
#1924=AXIS2_PLACEMENT_3D('',#4155,#2307,#2308);
#1925=AXIS2_PLACEMENT_3D('',#4156,#2309,#2310);
#1926=AXIS2_PLACEMENT_3D('',#4160,#2313,#2314);
#1927=AXIS2_PLACEMENT_3D('',#4163,#2316,#2317);
#1928=AXIS2_PLACEMENT_3D('',#4164,#2318,#2319);
#1929=AXIS2_PLACEMENT_3D('',#4166,#2321,#2322);
#1930=AXIS2_PLACEMENT_3D('',#4167,#2323,#2324);
#1931=AXIS2_PLACEMENT_3D('',#4168,#2325,#2326);
#1932=AXIS2_PLACEMENT_3D('',#4169,#2327,#2328);
#1933=AXIS2_PLACEMENT_3D('',#4171,#2330,#2331);
#1934=AXIS2_PLACEMENT_3D('',#4173,#2333,#2334);
#1935=DIRECTION('axis',(0.,0.,1.));
#1936=DIRECTION('refdir',(1.,0.,0.));
#1937=DIRECTION('center_axis',(0.,-1.,0.));
#1938=DIRECTION('ref_axis',(1.,0.,0.));
#1939=DIRECTION('center_axis',(0.,1.,0.));
#1940=DIRECTION('ref_axis',(1.,0.,0.));
#1941=DIRECTION('',(-0.707106781186548,-0.707106781186548,8.65956056235493E-17));
#1942=DIRECTION('center_axis',(0.,-1.,0.));
#1943=DIRECTION('ref_axis',(1.,0.,0.));
#1944=DIRECTION('center_axis',(0.,-1.,0.));
#1945=DIRECTION('ref_axis',(1.,0.,0.));
#1946=DIRECTION('center_axis',(0.,1.,0.));
#1947=DIRECTION('ref_axis',(1.,0.,0.));
#1948=DIRECTION('center_axis',(0.,1.,0.));
#1949=DIRECTION('ref_axis',(1.,0.,0.));
#1950=DIRECTION('center_axis',(0.,-1.,0.));
#1951=DIRECTION('ref_axis',(1.,0.,0.));
#1952=DIRECTION('',(0.,-1.,0.));
#1953=DIRECTION('center_axis',(0.,-1.,0.));
#1954=DIRECTION('ref_axis',(1.,0.,0.));
#1955=DIRECTION('center_axis',(0.,1.,0.));
#1956=DIRECTION('ref_axis',(1.,0.,0.));
#1957=DIRECTION('',(-0.707106781186548,-0.707106781186548,8.65956056235493E-17));
#1958=DIRECTION('center_axis',(0.,-1.,0.));
#1959=DIRECTION('ref_axis',(1.,0.,0.));
#1960=DIRECTION('center_axis',(0.,-1.,0.));
#1961=DIRECTION('ref_axis',(1.,0.,0.));
#1962=DIRECTION('center_axis',(0.,1.,0.));
#1963=DIRECTION('ref_axis',(1.,0.,0.));
#1964=DIRECTION('center_axis',(0.,1.,0.));
#1965=DIRECTION('ref_axis',(1.,0.,0.));
#1966=DIRECTION('center_axis',(0.,-1.,0.));
#1967=DIRECTION('ref_axis',(1.,0.,0.));
#1968=DIRECTION('',(0.,-1.,0.));
#1969=DIRECTION('center_axis',(0.,-1.,0.));
#1970=DIRECTION('ref_axis',(1.,0.,0.));
#1971=DIRECTION('center_axis',(0.,1.,0.));
#1972=DIRECTION('ref_axis',(1.,0.,0.));
#1973=DIRECTION('',(-0.707106781186548,-0.707106781186548,8.65956056235493E-17));
#1974=DIRECTION('center_axis',(0.,-1.,0.));
#1975=DIRECTION('ref_axis',(1.,0.,0.));
#1976=DIRECTION('center_axis',(0.,-1.,0.));
#1977=DIRECTION('ref_axis',(1.,0.,0.));
#1978=DIRECTION('center_axis',(0.,1.,0.));
#1979=DIRECTION('ref_axis',(1.,0.,0.));
#1980=DIRECTION('center_axis',(0.,1.,0.));
#1981=DIRECTION('ref_axis',(1.,0.,0.));
#1982=DIRECTION('center_axis',(0.,-1.,0.));
#1983=DIRECTION('ref_axis',(1.,0.,0.));
#1984=DIRECTION('',(0.,-1.,0.));
#1985=DIRECTION('center_axis',(0.,-1.,0.));
#1986=DIRECTION('ref_axis',(1.,0.,0.));
#1987=DIRECTION('center_axis',(0.,1.,0.));
#1988=DIRECTION('ref_axis',(1.,0.,0.));
#1989=DIRECTION('',(-0.707106781186548,-0.707106781186548,8.65956056235493E-17));
#1990=DIRECTION('center_axis',(0.,-1.,0.));
#1991=DIRECTION('ref_axis',(1.,0.,0.));
#1992=DIRECTION('center_axis',(0.,-1.,0.));
#1993=DIRECTION('ref_axis',(1.,0.,0.));
#1994=DIRECTION('center_axis',(0.,1.,0.));
#1995=DIRECTION('ref_axis',(1.,0.,0.));
#1996=DIRECTION('center_axis',(0.,1.,0.));
#1997=DIRECTION('ref_axis',(1.,0.,0.));
#1998=DIRECTION('center_axis',(0.,-1.,0.));
#1999=DIRECTION('ref_axis',(1.,0.,0.));
#2000=DIRECTION('',(0.,-1.,0.));
#2001=DIRECTION('center_axis',(1.,-1.48029736616688E-16,-7.23906913478651E-49));
#2002=DIRECTION('ref_axis',(1.35732546277247E-47,8.68024763667486E-32,1.));
#2003=DIRECTION('',(1.35732546277247E-47,8.68024763667486E-32,1.));
#2004=DIRECTION('',(1.48029736616688E-16,1.,0.));
#2005=DIRECTION('',(1.35732546277247E-47,8.68024763667486E-32,1.));
#2006=DIRECTION('',(-1.48029736616688E-16,-1.,5.25907270147341E-32));
#2007=DIRECTION('center_axis',(-1.,1.48029736616688E-16,6.84092033237325E-49));
#2008=DIRECTION('ref_axis',(-1.28267256231998E-47,-8.20283401665774E-32,
-1.));
#2009=DIRECTION('',(-1.35334397474834E-47,-8.68024763667486E-32,-1.));
#2010=DIRECTION('',(1.48029736616688E-16,1.,-5.25907270147341E-32));
#2011=DIRECTION('',(-1.28267256231998E-47,-8.20283401665774E-32,-1.));
#2012=DIRECTION('',(-1.48029736616688E-16,-1.,0.));
#2013=DIRECTION('center_axis',(-1.48029736616688E-16,-1.,0.));
#2014=DIRECTION('ref_axis',(0.,0.,-1.));
#2015=DIRECTION('',(-1.,1.48029736616688E-16,3.5527136788005E-16));
#2016=DIRECTION('',(1.,-1.48029736616688E-16,0.));
#2017=DIRECTION('center_axis',(-1.5636944008805E-16,-1.,8.68024763667486E-32));
#2018=DIRECTION('ref_axis',(-1.,1.5636944008805E-16,3.5527136788005E-16));
#2019=DIRECTION('',(-1.,1.5636944008805E-16,3.5527136788005E-16));
#2020=DIRECTION('',(-5.55111512312578E-16,0.,-1.));
#2021=DIRECTION('',(1.35732546277248E-47,8.68024763667491E-32,1.));
#2022=DIRECTION('',(1.,-1.5636944008805E-16,0.));
#2023=DIRECTION('center_axis',(-1.5636944008805E-16,-1.,8.68024763667486E-32));
#2024=DIRECTION('ref_axis',(-1.,1.5636944008805E-16,3.5527136788005E-16));
#2025=DIRECTION('',(1.,-1.5636944008805E-16,0.));
#2026=DIRECTION('',(-1.35732546277248E-47,-8.68024763667491E-32,-1.));
#2027=DIRECTION('',(-5.55111512312578E-16,0.,-1.));
#2028=DIRECTION('',(-1.,1.5636944008805E-16,3.5527136788005E-16));
#2029=DIRECTION('center_axis',(0.,0.,-1.));
#2030=DIRECTION('ref_axis',(1.,-1.5636944008805E-16,0.));
#2031=DIRECTION('',(-1.12143739861127E-16,-1.,0.));
#2032=DIRECTION('',(-1.12143739861127E-16,-1.,0.));
#2033=DIRECTION('center_axis',(0.,1.,0.));
#2034=DIRECTION('ref_axis',(1.,0.,0.));
#2035=DIRECTION('center_axis',(0.,1.,0.));
#2036=DIRECTION('ref_axis',(1.,0.,0.));
#2037=DIRECTION('',(0.,1.,0.));
#2038=DIRECTION('center_axis',(0.,1.,0.));
#2039=DIRECTION('ref_axis',(1.,0.,0.));
#2040=DIRECTION('center_axis',(0.,1.,0.));
#2041=DIRECTION('ref_axis',(1.,0.,0.));
#2042=DIRECTION('',(0.,1.,0.));
#2043=DIRECTION('center_axis',(0.,1.,0.));
#2044=DIRECTION('ref_axis',(1.,0.,0.));
#2045=DIRECTION('center_axis',(0.,1.,0.));
#2046=DIRECTION('ref_axis',(1.,0.,0.));
#2047=DIRECTION('',(0.,1.,0.));
#2048=DIRECTION('center_axis',(0.,1.,0.));
#2049=DIRECTION('ref_axis',(1.,0.,0.));
#2050=DIRECTION('center_axis',(0.,1.,0.));
#2051=DIRECTION('ref_axis',(1.,0.,0.));
#2052=DIRECTION('',(0.,1.,0.));
#2053=DIRECTION('center_axis',(-1.,1.12143739861127E-16,3.83890029875044E-48));
#2054=DIRECTION('ref_axis',(-1.35732546277248E-47,-8.68024763667491E-32,
-1.));
#2055=DIRECTION('',(-1.12143739861127E-16,-1.,3.98414598596471E-32));
#2056=DIRECTION('center_axis',(1.,-1.12143739861127E-16,-3.83890029875044E-48));
#2057=DIRECTION('ref_axis',(1.35732546277248E-47,8.68024763667491E-32,1.));
#2058=DIRECTION('',(1.12143739861127E-16,1.,-3.98414598596471E-32));
#2059=DIRECTION('center_axis',(-3.5527136788005E-16,0.,-1.));
#2060=DIRECTION('ref_axis',(1.,0.,-3.5527136788005E-16));
#2061=DIRECTION('',(0.,-1.,0.));
#2062=DIRECTION('',(-1.,0.,3.5527136788005E-16));
#2063=DIRECTION('',(0.,-1.,0.));
#2064=DIRECTION('',(1.,0.,-3.5527136788005E-16));
#2065=DIRECTION('',(-1.97975997592354E-16,-1.,7.03352034720533E-32));
#2066=DIRECTION('center_axis',(-3.5527136788005E-16,0.,-1.));
#2067=DIRECTION('ref_axis',(1.,0.,-3.5527136788005E-16));
#2068=DIRECTION('',(0.,1.,0.));
#2069=DIRECTION('',(1.,0.,-3.5527136788005E-16));
#2070=DIRECTION('',(0.,-1.,0.));
#2071=DIRECTION('',(-1.,0.,3.5527136788005E-16));
#2072=DIRECTION('',(0.,1.,0.));
#2073=DIRECTION('center_axis',(1.,0.,-5.55111512312578E-16));
#2074=DIRECTION('ref_axis',(0.,-1.,0.));
#2075=DIRECTION('',(0.,-1.,0.));
#2076=DIRECTION('',(5.55111512312578E-16,0.,1.));
#2077=DIRECTION('',(0.,1.,0.));
#2078=DIRECTION('',(5.55111512312578E-16,0.,1.));
#2079=DIRECTION('center_axis',(-1.,1.97975997592354E-16,5.55111512312578E-16));
#2080=DIRECTION('ref_axis',(1.97975997592354E-16,1.,-7.03352034720533E-32));
#2081=DIRECTION('',(-5.55111512312578E-16,0.,-1.));
#2082=DIRECTION('',(-1.97975997592354E-16,-1.,7.03352034720533E-32));
#2083=DIRECTION('',(-5.55111512312578E-16,0.,-1.));
#2084=DIRECTION('',(1.97975997592354E-16,1.,-7.03352034720533E-32));
#2085=DIRECTION('center_axis',(0.,1.,0.));
#2086=DIRECTION('ref_axis',(-1.,0.,0.));
#2087=DIRECTION('',(-1.,0.,3.5527136788005E-16));
#2088=DIRECTION('center_axis',(0.,-1.,0.));
#2089=DIRECTION('ref_axis',(-1.,0.,0.));
#2090=DIRECTION('',(0.,0.,-1.));
#2091=DIRECTION('center_axis',(0.,-1.,0.));
#2092=DIRECTION('ref_axis',(1.,0.,0.));
#2093=DIRECTION('',(-4.67462326157961E-17,0.,1.));
#2094=DIRECTION('center_axis',(0.,-1.,0.));
#2095=DIRECTION('ref_axis',(1.67580833905684E-15,0.,1.));
#2096=DIRECTION('',(-1.,0.,3.5527136788005E-16));
#2097=DIRECTION('',(1.,0.,-3.5527136788005E-16));
#2098=DIRECTION('center_axis',(0.,1.,0.));
#2099=DIRECTION('ref_axis',(6.53072367426563E-16,0.,1.));
#2100=DIRECTION('',(9.34924652315921E-17,0.,-1.));
#2101=DIRECTION('center_axis',(0.,1.,0.));
#2102=DIRECTION('ref_axis',(1.,0.,0.));
#2103=DIRECTION('',(0.,0.,1.));
#2104=DIRECTION('center_axis',(0.,1.,0.));
#2105=DIRECTION('ref_axis',(-1.,0.,0.));
#2106=DIRECTION('',(1.,0.,-3.5527136788005E-16));
#2107=DIRECTION('center_axis',(3.5527136788005E-16,0.,1.));
#2108=DIRECTION('ref_axis',(-1.,0.,3.5527136788005E-16));
#2109=DIRECTION('',(0.,-1.,0.));
#2110=DIRECTION('',(-1.,0.,3.5527136788005E-16));
#2111=DIRECTION('center_axis',(-9.34924652315921E-17,0.,1.));
#2112=DIRECTION('ref_axis',(0.707106781186548,-0.707106781186548,0.));
#2113=DIRECTION('center_axis',(0.,0.,1.));
#2114=DIRECTION('ref_axis',(0.,-1.,0.));
#2115=DIRECTION('',(-9.34924652315921E-17,0.,1.));
#2116=DIRECTION('center_axis',(0.,0.,-1.));
#2117=DIRECTION('ref_axis',(1.,0.,0.));
#2118=DIRECTION('',(9.34924652315921E-17,0.,-1.));
#2119=DIRECTION('center_axis',(0.,-1.,0.));
#2120=DIRECTION('ref_axis',(0.,0.,-1.));
#2121=DIRECTION('center_axis',(1.,0.,0.));
#2122=DIRECTION('ref_axis',(0.,0.,1.));
#2123=DIRECTION('center_axis',(0.,1.,0.));
#2124=DIRECTION('ref_axis',(0.707106781186548,0.,0.707106781186547));
#2125=DIRECTION('center_axis',(0.,-1.,0.));
#2126=DIRECTION('ref_axis',(0.707106781186548,0.,0.707106781186547));
#2127=DIRECTION('center_axis',(-1.,0.,3.5527136788005E-16));
#2128=DIRECTION('ref_axis',(0.,-0.707106781186548,0.707106781186548));
#2129=DIRECTION('center_axis',(1.,0.,0.));
#2130=DIRECTION('ref_axis',(0.,0.,1.));
#2131=DIRECTION('',(1.,0.,-3.5527136788005E-16));
#2132=DIRECTION('',(-1.,0.,3.5527136788005E-16));
#2133=DIRECTION('center_axis',(0.,-1.,0.));
#2134=DIRECTION('ref_axis',(0.,0.,-1.));
#2135=DIRECTION('center_axis',(0.,0.,1.));
#2136=DIRECTION('ref_axis',(-1.,0.,0.));
#2137=DIRECTION('center_axis',(0.,1.,0.));
#2138=DIRECTION('ref_axis',(-0.707106781186549,0.,0.707106781186546));
#2139=DIRECTION('center_axis',(0.,-1.,0.));
#2140=DIRECTION('ref_axis',(-0.707106781186549,0.,0.707106781186546));
#2141=DIRECTION('center_axis',(0.,0.,-1.));
#2142=DIRECTION('ref_axis',(-0.707106781186548,-0.707106781186548,0.));
#2143=DIRECTION('center_axis',(-1.29812560709619E-15,0.,1.));
#2144=DIRECTION('ref_axis',(-1.,0.,-1.29812560709619E-15));
#2145=DIRECTION('',(0.,0.,1.));
#2146=DIRECTION('',(0.,0.,-1.));
#2147=DIRECTION('center_axis',(0.,-1.,0.));
#2148=DIRECTION('ref_axis',(0.,0.,-1.));
#2149=DIRECTION('center_axis',(0.,1.,0.));
#2150=DIRECTION('ref_axis',(6.12323399573677E-17,0.,-1.));
#2151=DIRECTION('center_axis',(0.,-1.,0.));
#2152=DIRECTION('ref_axis',(6.12323399573677E-17,0.,-1.));
#2153=DIRECTION('center_axis',(3.5527136788005E-16,0.,1.));
#2154=DIRECTION('ref_axis',(-1.,0.,3.5527136788005E-16));
#2155=DIRECTION('',(0.,-1.,0.));
#2156=DIRECTION('',(0.,-1.,0.));
#2157=DIRECTION('center_axis',(0.,-1.,0.));
#2158=DIRECTION('ref_axis',(6.53072367426563E-16,0.,1.));
#2159=DIRECTION('',(0.,-1.,0.));
#2160=DIRECTION('center_axis',(1.,0.,9.34924652315921E-17));
#2161=DIRECTION('ref_axis',(-9.34924652315921E-17,0.,1.));
#2162=DIRECTION('',(0.,-1.,0.));
#2163=DIRECTION('center_axis',(0.,1.,0.));
#2164=DIRECTION('ref_axis',(-1.,0.,0.));
#2165=DIRECTION('center_axis',(-2.53765262771465E-15,0.,-1.));
#2166=DIRECTION('ref_axis',(-1.,0.,2.53765262771465E-15));
#2167=DIRECTION('',(0.,-1.,0.));
#2168=DIRECTION('',(-1.,0.,2.53765262771465E-15));
#2169=DIRECTION('',(0.,1.,0.));
#2170=DIRECTION('center_axis',(0.,-1.,0.));
#2171=DIRECTION('ref_axis',(-0.707106781186547,0.,0.707106781186548));
#2172=DIRECTION('',(0.,1.,0.));
#2173=DIRECTION('center_axis',(0.,1.,0.));
#2174=DIRECTION('ref_axis',(-0.707106781186547,0.,0.707106781186548));
#2175=DIRECTION('center_axis',(1.,0.,0.));
#2176=DIRECTION('ref_axis',(0.,0.,1.));
#2177=DIRECTION('',(0.,-1.,0.));
#2178=DIRECTION('',(0.,0.,1.));
#2179=DIRECTION('',(0.,-1.,0.));
#2180=DIRECTION('',(0.,0.,-1.));
#2181=DIRECTION('',(0.,1.,0.));
#2182=DIRECTION('',(0.,-1.,0.));
#2183=DIRECTION('',(0.,0.,-1.));
#2184=DIRECTION('center_axis',(0.,-1.,0.));
#2185=DIRECTION('ref_axis',(1.,0.,0.));
#2186=DIRECTION('',(0.,-1.,0.));
#2187=DIRECTION('center_axis',(0.,1.,0.));
#2188=DIRECTION('ref_axis',(1.,0.,0.));
#2189=DIRECTION('center_axis',(0.,1.,0.));
#2190=DIRECTION('ref_axis',(0.707106781186547,0.,0.707106781186548));
#2191=DIRECTION('',(0.,1.,0.));
#2192=DIRECTION('center_axis',(0.,1.,0.));
#2193=DIRECTION('ref_axis',(0.707106781186547,0.,0.707106781186548));
#2194=DIRECTION('',(0.,-1.,0.));
#2195=DIRECTION('center_axis',(2.53765262771465E-15,0.,-1.));
#2196=DIRECTION('ref_axis',(-1.,0.,-2.53765262771465E-15));
#2197=DIRECTION('',(0.,1.,0.));
#2198=DIRECTION('',(-1.,0.,-2.53765262771465E-15));
#2199=DIRECTION('center_axis',(0.,1.,0.));
#2200=DIRECTION('ref_axis',(-1.,0.,-1.01064309961486E-15));
#2201=DIRECTION('',(0.,1.,0.));
#2202=DIRECTION('center_axis',(0.,1.,0.));
#2203=DIRECTION('ref_axis',(1.,0.,0.));
#2204=DIRECTION('center_axis',(-2.53765262771465E-15,0.,1.));
#2205=DIRECTION('ref_axis',(1.,0.,2.53765262771465E-15));
#2206=DIRECTION('',(0.,-1.,0.));
#2207=DIRECTION('',(1.,0.,2.53765262771465E-15));
#2208=DIRECTION('center_axis',(0.,-1.,0.));
#2209=DIRECTION('ref_axis',(0.707106781186549,0.,-0.707106781186546));
#2210=DIRECTION('',(0.,1.,0.));
#2211=DIRECTION('center_axis',(0.,1.,0.));
#2212=DIRECTION('ref_axis',(0.707106781186549,0.,-0.707106781186546));
#2213=DIRECTION('center_axis',(-1.,0.,-9.34924652315921E-17));
#2214=DIRECTION('ref_axis',(9.34924652315921E-17,0.,-1.));
#2215=DIRECTION('',(-9.34924652315921E-17,0.,1.));
#2216=DIRECTION('',(0.,-1.,0.));
#2217=DIRECTION('',(-9.34924652315921E-17,0.,1.));
#2218=DIRECTION('',(0.,-1.,0.));
#2219=DIRECTION('',(9.34924652315921E-17,0.,-1.));
#2220=DIRECTION('center_axis',(0.,1.,0.));
#2221=DIRECTION('ref_axis',(0.707106781186548,0.,0.707106781186548));
#2222=DIRECTION('',(0.,1.,0.));
#2223=DIRECTION('center_axis',(0.,1.,0.));
#2224=DIRECTION('ref_axis',(0.707106781186548,0.,0.707106781186548));
#2225=DIRECTION('center_axis',(0.,0.,-1.));
#2226=DIRECTION('ref_axis',(-1.,0.,0.));
#2227=DIRECTION('',(0.,-1.,0.));
#2228=DIRECTION('',(-1.,0.,0.));
#2229=DIRECTION('center_axis',(0.,-1.,0.));
#2230=DIRECTION('ref_axis',(1.,0.,0.));
#2231=DIRECTION('center_axis',(0.,1.,0.));
#2232=DIRECTION('ref_axis',(-0.707106781186549,0.,-0.707106781186546));
#2233=DIRECTION('',(0.,1.,0.));
#2234=DIRECTION('center_axis',(0.,1.,0.));
#2235=DIRECTION('ref_axis',(-0.707106781186549,0.,-0.707106781186546));
#2236=DIRECTION('center_axis',(0.,-1.,0.));
#2237=DIRECTION('ref_axis',(-0.707106781186548,0.,0.707106781186548));
#2238=DIRECTION('center_axis',(0.,1.,0.));
#2239=DIRECTION('ref_axis',(-0.707106781186548,0.,0.707106781186548));
#2240=DIRECTION('',(0.,-1.,0.));
#2241=DIRECTION('center_axis',(0.,0.,-1.));
#2242=DIRECTION('ref_axis',(-1.,0.,0.));
#2243=DIRECTION('',(-1.,0.,0.));
#2244=DIRECTION('',(0.,1.,0.));
#2245=DIRECTION('center_axis',(0.,1.,0.));
#2246=DIRECTION('ref_axis',(-0.707106781186547,0.,0.707106781186548));
#2247=DIRECTION('',(0.,1.,0.));
#2248=DIRECTION('center_axis',(0.,1.,0.));
#2249=DIRECTION('ref_axis',(-0.707106781186547,0.,0.707106781186548));
#2250=DIRECTION('center_axis',(0.,1.,0.));
#2251=DIRECTION('ref_axis',(0.707106781186546,0.,-0.707106781186549));
#2252=DIRECTION('center_axis',(0.,-1.,0.));
#2253=DIRECTION('ref_axis',(0.707106781186546,0.,-0.707106781186549));
#2254=DIRECTION('',(0.,-1.,0.));
#2255=DIRECTION('center_axis',(0.,1.,0.));
#2256=DIRECTION('ref_axis',(-0.707106781186546,0.,-0.707106781186549));
#2257=DIRECTION('',(0.,1.,0.));
#2258=DIRECTION('center_axis',(0.,-1.,0.));
#2259=DIRECTION('ref_axis',(-0.707106781186546,0.,-0.707106781186549));
#2260=DIRECTION('center_axis',(0.,-1.,0.));
#2261=DIRECTION('ref_axis',(0.707106781186551,0.,0.707106781186544));
#2262=DIRECTION('center_axis',(0.,1.,0.));
#2263=DIRECTION('ref_axis',(0.707106781186551,0.,0.707106781186544));
#2264=DIRECTION('',(0.,-1.,0.));
#2265=DIRECTION('center_axis',(-1.,0.,0.));
#2266=DIRECTION('ref_axis',(0.,0.,1.));
#2267=DIRECTION('',(0.,0.,1.));
#2268=DIRECTION('center_axis',(0.,-1.,0.));
#2269=DIRECTION('ref_axis',(1.,0.,0.));
#2270=DIRECTION('center_axis',(0.,1.,0.));
#2271=DIRECTION('ref_axis',(1.,0.,0.));
#2272=DIRECTION('center_axis',(0.,1.,0.));
#2273=DIRECTION('ref_axis',(1.,0.,0.));
#2274=DIRECTION('',(0.,1.,0.));
#2275=DIRECTION('center_axis',(2.53765262771465E-15,0.,1.));
#2276=DIRECTION('ref_axis',(1.,0.,-2.53765262771465E-15));
#2277=DIRECTION('',(1.,0.,-2.53765262771465E-15));
#2278=DIRECTION('center_axis',(0.,-1.,0.));
#2279=DIRECTION('ref_axis',(1.,0.,0.));
#2280=DIRECTION('center_axis',(0.,-1.,0.));
#2281=DIRECTION('ref_axis',(1.,0.,0.));
#2282=DIRECTION('center_axis',(0.,-1.,0.));
#2283=DIRECTION('ref_axis',(3.80647894157197E-15,0.,1.));
#2284=DIRECTION('center_axis',(1.,0.,1.62471662140267E-15));
#2285=DIRECTION('ref_axis',(1.62471662140267E-15,0.,-1.));
#2286=DIRECTION('',(1.62471662140267E-15,0.,-1.));
#2287=DIRECTION('center_axis',(0.,-1.,0.));
#2288=DIRECTION('ref_axis',(1.,0.,0.));
#2289=DIRECTION('center_axis',(0.,-1.,0.));
#2290=DIRECTION('ref_axis',(-1.,0.,0.));
#2291=DIRECTION('center_axis',(0.,-1.,0.));
#2292=DIRECTION('ref_axis',(-1.,0.,0.));
#2293=DIRECTION('center_axis',(0.,1.,0.));
#2294=DIRECTION('ref_axis',(-1.,0.,0.));
#2295=DIRECTION('center_axis',(0.,-1.,0.));
#2296=DIRECTION('ref_axis',(-1.,0.,0.));
#2297=DIRECTION('',(0.,-1.,0.));
#2298=DIRECTION('center_axis',(0.,-1.,0.));
#2299=DIRECTION('ref_axis',(-1.,0.,0.));
#2300=DIRECTION('',(0.,-1.,0.));
#2301=DIRECTION('center_axis',(3.5527136788005E-16,0.,1.));
#2302=DIRECTION('ref_axis',(-1.,0.,3.5527136788005E-16));
#2303=DIRECTION('',(-1.,0.,3.5527136788005E-16));
#2304=DIRECTION('center_axis',(0.,-1.,0.));
#2305=DIRECTION('ref_axis',(1.67580833905684E-15,0.,1.));
#2306=DIRECTION('',(0.,-1.,0.));
#2307=DIRECTION('center_axis',(0.,-1.,0.));
#2308=DIRECTION('ref_axis',(1.67580833905684E-15,0.,1.));
#2309=DIRECTION('center_axis',(1.,0.,4.67462326157961E-17));
#2310=DIRECTION('ref_axis',(-4.67462326157961E-17,0.,1.));
#2311=DIRECTION('',(0.,-1.,0.));
#2312=DIRECTION('',(-4.67462326157961E-17,0.,1.));
#2313=DIRECTION('center_axis',(0.,-1.,0.));
#2314=DIRECTION('ref_axis',(1.,0.,0.));
#2315=DIRECTION('',(0.,-1.,0.));
#2316=DIRECTION('center_axis',(0.,-1.,0.));
#2317=DIRECTION('ref_axis',(1.,0.,0.));
#2318=DIRECTION('center_axis',(-1.,0.,0.));
#2319=DIRECTION('ref_axis',(0.,0.,-1.));
#2320=DIRECTION('',(0.,0.,-1.));
#2321=DIRECTION('center_axis',(0.,1.,0.));
#2322=DIRECTION('ref_axis',(-1.,0.,0.));
#2323=DIRECTION('center_axis',(0.,1.,0.));
#2324=DIRECTION('ref_axis',(3.80647894157197E-15,0.,1.));
#2325=DIRECTION('center_axis',(0.,-1.,0.));
#2326=DIRECTION('ref_axis',(3.80647894157197E-15,0.,1.));
#2327=DIRECTION('center_axis',(0.,-1.,0.));
#2328=DIRECTION('ref_axis',(-1.,0.,0.));
#2329=DIRECTION('',(0.,-1.,0.));
#2330=DIRECTION('center_axis',(0.,-1.,0.));
#2331=DIRECTION('ref_axis',(1.,0.,0.));
#2332=DIRECTION('',(0.,-1.,0.));
#2333=DIRECTION('center_axis',(-1.,0.,0.));
#2334=DIRECTION('ref_axis',(0.,0.,-1.));
#2335=CARTESIAN_POINT('',(0.,0.,0.));
#2336=CARTESIAN_POINT('Origin',(-25.,-8.35,27.1828669490298));
#2337=CARTESIAN_POINT('',(-26.875,-7.7,27.1828669490298));
#2338=CARTESIAN_POINT('Origin',(-25.,-7.7,27.1828669490298));
#2339=CARTESIAN_POINT('',(-28.175,-9.,27.1828669490298));
#2340=CARTESIAN_POINT('',(-27.525,-8.35,27.1828669490298));
#2341=CARTESIAN_POINT('Origin',(-25.,-9.,27.1828669490298));
#2342=CARTESIAN_POINT('Origin',(-25.,-9.,27.1828669490298));
#2343=CARTESIAN_POINT('',(-28.5,-9.,27.1828669490298));
#2344=CARTESIAN_POINT('Origin',(-25.,-9.,27.1828669490298));
#2345=CARTESIAN_POINT('Origin',(-25.,-26.,27.1828669490298));
#2346=CARTESIAN_POINT('',(-26.875,-6.,27.1828669490298));
#2347=CARTESIAN_POINT('Origin',(-25.,-6.,27.1828669490298));
#2348=CARTESIAN_POINT('',(-26.875,-26.,27.1828669490298));
#2349=CARTESIAN_POINT('Origin',(25.,-8.35,27.1828669490298));
#2350=CARTESIAN_POINT('',(23.125,-7.7,27.1828669490298));
#2351=CARTESIAN_POINT('Origin',(25.,-7.7,27.1828669490298));
#2352=CARTESIAN_POINT('',(21.825,-9.,27.1828669490298));
#2353=CARTESIAN_POINT('',(22.475,-8.35,27.1828669490298));
#2354=CARTESIAN_POINT('Origin',(25.,-9.,27.1828669490298));
#2355=CARTESIAN_POINT('Origin',(25.,-9.,27.1828669490298));
#2356=CARTESIAN_POINT('',(21.5,-9.,27.1828669490298));
#2357=CARTESIAN_POINT('Origin',(25.,-9.,27.1828669490298));
#2358=CARTESIAN_POINT('Origin',(25.,-26.,27.1828669490298));
#2359=CARTESIAN_POINT('',(23.125,-6.,27.1828669490298));
#2360=CARTESIAN_POINT('Origin',(25.,-6.,27.1828669490298));
#2361=CARTESIAN_POINT('',(23.125,-26.,27.1828669490298));
#2362=CARTESIAN_POINT('Origin',(-24.8,-8.35,94.8));
#2363=CARTESIAN_POINT('',(-26.55,-7.7,94.8));
#2364=CARTESIAN_POINT('Origin',(-24.8,-7.7,94.8));
#2365=CARTESIAN_POINT('',(-27.85,-9.,94.8));
#2366=CARTESIAN_POINT('',(-27.2,-8.35,94.8));
#2367=CARTESIAN_POINT('Origin',(-24.8,-9.,94.8));
#2368=CARTESIAN_POINT('Origin',(-24.8,-9.,94.8));
#2369=CARTESIAN_POINT('',(-28.3,-9.,94.8));
#2370=CARTESIAN_POINT('Origin',(-24.8,-9.,94.8));
#2371=CARTESIAN_POINT('Origin',(-24.8,-26.,94.8));
#2372=CARTESIAN_POINT('',(-26.55,-6.,94.8));
#2373=CARTESIAN_POINT('Origin',(-24.8,-6.,94.8));
#2374=CARTESIAN_POINT('',(-26.55,-26.,94.8));
#2375=CARTESIAN_POINT('Origin',(24.8,-8.35,94.8));
#2376=CARTESIAN_POINT('',(23.05,-7.7,94.8));
#2377=CARTESIAN_POINT('Origin',(24.8,-7.7,94.8));
#2378=CARTESIAN_POINT('',(21.75,-9.,94.8));
#2379=CARTESIAN_POINT('',(22.4,-8.35,94.8));
#2380=CARTESIAN_POINT('Origin',(24.8,-9.,94.8));
#2381=CARTESIAN_POINT('Origin',(24.8,-9.,94.8));
#2382=CARTESIAN_POINT('',(21.3,-9.,94.8));
#2383=CARTESIAN_POINT('Origin',(24.8,-9.,94.8));
#2384=CARTESIAN_POINT('Origin',(24.8,-26.,94.8));
#2385=CARTESIAN_POINT('',(23.05,-6.,94.8));
#2386=CARTESIAN_POINT('Origin',(24.8,-6.,94.8));
#2387=CARTESIAN_POINT('',(23.05,-26.,94.8));
#2388=CARTESIAN_POINT('Origin',(6.3,-6.5,97.8));
#2389=CARTESIAN_POINT('',(6.3,-6.5,97.8));
#2390=CARTESIAN_POINT('',(6.3,-6.5,101.8));
#2391=CARTESIAN_POINT('',(6.29999999999999,-6.5,99.8));
#2392=CARTESIAN_POINT('',(6.29999999999999,-21.5,97.8));
#2393=CARTESIAN_POINT('',(6.3,-6.5,97.8));
#2394=CARTESIAN_POINT('',(6.29999999999999,-21.5,101.8));
#2395=CARTESIAN_POINT('',(6.29999999999999,-21.5,97.8));
#2396=CARTESIAN_POINT('',(6.3,-2.25,101.8));
#2397=CARTESIAN_POINT('Origin',(-6.30000000000001,-6.5,101.8));
#2398=CARTESIAN_POINT('',(-6.30000000000001,-6.5,101.8));
#2399=CARTESIAN_POINT('',(-6.30000000000001,-6.5,97.8));
#2400=CARTESIAN_POINT('',(-6.30000000000001,-6.5,101.8));
#2401=CARTESIAN_POINT('',(-6.30000000000001,-21.5,101.8));
#2402=CARTESIAN_POINT('',(-6.3,-2.25,101.8));
#2403=CARTESIAN_POINT('',(-6.30000000000001,-21.5,97.8));
#2404=CARTESIAN_POINT('',(-6.30000000000001,-21.5,101.8));
#2405=CARTESIAN_POINT('',(-6.30000000000001,-6.5,97.8));
#2406=CARTESIAN_POINT('Origin',(-6.66133814775094E-15,-21.5,99.8));
#2407=CARTESIAN_POINT('',(12.5,-21.5,101.8));
#2408=CARTESIAN_POINT('',(-7.09999999999999,-21.5,97.8));
#2409=CARTESIAN_POINT('Origin',(14.2,-6.50000000000001,101.8));
#2410=CARTESIAN_POINT('',(14.2,-6.50000000000001,101.8));
#2411=CARTESIAN_POINT('',(19.6,-6.50000000000001,101.8));
#2412=CARTESIAN_POINT('',(14.2,-6.50000000000001,98.5));
#2413=CARTESIAN_POINT('',(14.2,-6.50000000000001,101.8));
#2414=CARTESIAN_POINT('',(14.2,-6.50000000000001,97.8));
#2415=CARTESIAN_POINT('',(14.2,-6.50000000000001,97.8));
#2416=CARTESIAN_POINT('',(-14.2,-6.5,97.8));
#2417=CARTESIAN_POINT('Origin',(14.2,-6.50000000000001,101.8));
#2418=CARTESIAN_POINT('',(-14.2,-6.5,97.8));
#2419=CARTESIAN_POINT('',(-14.2,-6.5,97.8));
#2420=CARTESIAN_POINT('',(-14.2,-6.5,98.5));
#2421=CARTESIAN_POINT('',(-14.2,-6.5,101.8));
#2422=CARTESIAN_POINT('',(-14.2,-6.5,101.8));
#2423=CARTESIAN_POINT('',(-14.2,-6.5,101.8));
#2424=CARTESIAN_POINT('',(19.6,-6.50000000000001,101.8));
#2425=CARTESIAN_POINT('Origin',(-14.2,-6.5,97.8));
#2426=CARTESIAN_POINT('',(14.2,-24.2884444190447,97.8));
#2427=CARTESIAN_POINT('',(14.2,-6.50000000000001,97.8));
#2428=CARTESIAN_POINT('',(-14.2,-24.2884444190447,97.8));
#2429=CARTESIAN_POINT('Ctrl Pts',(-14.2,-24.2884444190447,97.8));
#2430=CARTESIAN_POINT('Ctrl Pts',(-4.7333333333333,-24.2884444190447,97.8));
#2431=CARTESIAN_POINT('Ctrl Pts',(4.73333333333337,-24.2884444190447,97.8));
#2432=CARTESIAN_POINT('Ctrl Pts',(14.2,-24.2884444190447,97.8));
#2433=CARTESIAN_POINT('',(-14.2,-6.5,97.8));
#2434=CARTESIAN_POINT('Origin',(24.8,-26.,94.8));
#2435=CARTESIAN_POINT('',(21.3,-26.,94.8));
#2436=CARTESIAN_POINT('Origin',(24.8,-26.,94.8));
#2437=CARTESIAN_POINT('',(21.3,-26.,94.8));
#2438=CARTESIAN_POINT('Origin',(25.,-26.,27.1828669490298));
#2439=CARTESIAN_POINT('',(21.5,-26.,27.1828669490298));
#2440=CARTESIAN_POINT('Origin',(25.,-26.,27.1828669490298));
#2441=CARTESIAN_POINT('',(21.5,-26.,27.1828669490298));
#2442=CARTESIAN_POINT('Origin',(-24.8,-26.,94.8));
#2443=CARTESIAN_POINT('',(-28.3,-26.,94.8));
#2444=CARTESIAN_POINT('Origin',(-24.8,-26.,94.8));
#2445=CARTESIAN_POINT('',(-28.3,-26.,94.8));
#2446=CARTESIAN_POINT('Origin',(-25.,-26.,27.1828669490298));
#2447=CARTESIAN_POINT('',(-28.5,-26.,27.1828669490298));
#2448=CARTESIAN_POINT('Origin',(-25.,-26.,27.1828669490298));
#2449=CARTESIAN_POINT('',(-28.5,-26.,27.1828669490298));
#2450=CARTESIAN_POINT('Origin',(-14.2,-6.5,98.5));
#2451=CARTESIAN_POINT('',(-14.2,-22.5,98.5));
#2452=CARTESIAN_POINT('Ctrl Pts',(-14.1983313355426,-22.5,98.5));
#2453=CARTESIAN_POINT('Ctrl Pts',(-14.1983313355426,-23.0387480237612,98.5));
#2454=CARTESIAN_POINT('Ctrl Pts',(-14.1983313355426,-23.3731027147148,98.4502969899972));
#2455=CARTESIAN_POINT('Ctrl Pts',(-14.1983313355426,-23.6294500758288,98.3608949128359));
#2456=CARTESIAN_POINT('Ctrl Pts',(-14.1983313355426,-23.8857974369428,98.2714928356746));
#2457=CARTESIAN_POINT('Ctrl Pts',(-14.1983313355426,-24.0641374682173,98.1423916913548));
#2458=CARTESIAN_POINT('Ctrl Pts',(-14.1983313355426,-24.196736650914,97.957016948514));
#2459=CARTESIAN_POINT('Ctrl Pts',(-14.1983313355426,-24.2310045885709,97.9091100911589));
#2460=CARTESIAN_POINT('Ctrl Pts',(-14.1983313355426,-24.2622176159533,97.8574448690238));
#2461=CARTESIAN_POINT('Ctrl Pts',(-14.1983313355426,-24.2904755042261,97.8008651860495));
#2462=CARTESIAN_POINT('',(-14.2,-2.25,98.5));
#2463=CARTESIAN_POINT('Origin',(14.2,-6.50000000000001,97.8));
#2464=CARTESIAN_POINT('',(14.2,-22.5000000000001,98.5));
#2465=CARTESIAN_POINT('Ctrl Pts',(14.1983313355466,-24.2904755042259,97.80086518605));
#2466=CARTESIAN_POINT('Ctrl Pts',(14.1983313355466,-24.2622176159531,97.857444869024));
#2467=CARTESIAN_POINT('Ctrl Pts',(14.1983313355466,-24.2310045885708,97.909110091159));
#2468=CARTESIAN_POINT('Ctrl Pts',(14.1983313355466,-24.196736650914,97.9570169485139));
#2469=CARTESIAN_POINT('Ctrl Pts',(14.1983313355466,-24.0641374682173,98.1423916913548));
#2470=CARTESIAN_POINT('Ctrl Pts',(14.1983313355466,-23.8857974369428,98.2714928356746));
#2471=CARTESIAN_POINT('Ctrl Pts',(14.1983313355466,-23.6294500758288,98.3608949128359));
#2472=CARTESIAN_POINT('Ctrl Pts',(14.1983313355466,-23.3731027147148,98.4502969899972));
#2473=CARTESIAN_POINT('Ctrl Pts',(14.1983313355466,-23.0387480237612,98.5));
#2474=CARTESIAN_POINT('Ctrl Pts',(14.1983313355466,-22.5,98.5));
#2475=CARTESIAN_POINT('',(14.2,-2.25,98.5));
#2476=CARTESIAN_POINT('Origin',(-25.,2.,98.5));
#2477=CARTESIAN_POINT('',(-17.3,-22.5,98.5));
#2478=CARTESIAN_POINT('Ctrl Pts',(-17.3,-22.5,98.5));
#2479=CARTESIAN_POINT('Ctrl Pts',(-16.2664805217061,-22.5,98.5));
#2480=CARTESIAN_POINT('Ctrl Pts',(-15.2331590065025,-22.5,98.5));
#2481=CARTESIAN_POINT('Ctrl Pts',(-14.2000000001413,-22.5,98.5));
#2482=CARTESIAN_POINT('',(-17.3,-6.,98.5));
#2483=CARTESIAN_POINT('',(-17.3,-12.,98.5));
#2484=CARTESIAN_POINT('',(-25.,-6.,98.5));
#2485=CARTESIAN_POINT('',(-24.7,-6.,98.5));
#2486=CARTESIAN_POINT('',(-25.,0.2,98.5));
#2487=CARTESIAN_POINT('',(-25.,2.,98.5));
#2488=CARTESIAN_POINT('',(-14.2,0.2,98.5));
#2489=CARTESIAN_POINT('',(-12.5,0.2,98.5));
#2490=CARTESIAN_POINT('',(-14.2,-2.25,98.5));
#2491=CARTESIAN_POINT('Origin',(-25.,2.,98.5));
#2492=CARTESIAN_POINT('',(14.2,0.2,98.5));
#2493=CARTESIAN_POINT('',(14.2,2.,98.5));
#2494=CARTESIAN_POINT('',(25.,0.2,98.5));
#2495=CARTESIAN_POINT('',(-12.5,0.2,98.5));
#2496=CARTESIAN_POINT('',(25.,-6.,98.5));
#2497=CARTESIAN_POINT('',(25.,2.,98.5));
#2498=CARTESIAN_POINT('',(17.3,-6.,98.5));
#2499=CARTESIAN_POINT('',(-0.300000000000008,-6.,98.5));
#2500=CARTESIAN_POINT('',(17.2999999999772,-22.5,98.5));
#2501=CARTESIAN_POINT('',(17.3,-12.,98.5));
#2502=CARTESIAN_POINT('Ctrl Pts',(14.2000000001413,-22.5,98.5));
#2503=CARTESIAN_POINT('Ctrl Pts',(15.2331590064977,-22.5,98.5));
#2504=CARTESIAN_POINT('Ctrl Pts',(16.2664805216963,-22.5,98.5));
#2505=CARTESIAN_POINT('Ctrl Pts',(17.2999999999851,-22.5,98.5));
#2506=CARTESIAN_POINT('Origin',(14.2,2.,101.8));
#2507=CARTESIAN_POINT('',(14.2,2.,101.8));
#2508=CARTESIAN_POINT('',(14.2,2.,101.8));
#2509=CARTESIAN_POINT('',(14.2,2.,100.3));
#2510=CARTESIAN_POINT('',(14.2,2.,68.4));
#2511=CARTESIAN_POINT('',(14.2,0.2,100.3));
#2512=CARTESIAN_POINT('',(14.2,2.,100.3));
#2513=CARTESIAN_POINT('',(14.2,0.2,68.4));
#2514=CARTESIAN_POINT('Origin',(-14.2,-6.5,101.8));
#2515=CARTESIAN_POINT('',(-14.2,0.2,100.3));
#2516=CARTESIAN_POINT('',(-14.2,0.2,68.4));
#2517=CARTESIAN_POINT('',(-14.2,2.,100.3));
#2518=CARTESIAN_POINT('',(-14.2,-2.25,100.3));
#2519=CARTESIAN_POINT('',(-14.2,2.,101.8));
#2520=CARTESIAN_POINT('',(-14.2,2.,68.4));
#2521=CARTESIAN_POINT('',(-14.2,-2.25,101.8));
#2522=CARTESIAN_POINT('Origin',(0.,2.,35.));
#2523=CARTESIAN_POINT('',(-25.,2.,100.3));
#2524=CARTESIAN_POINT('',(12.5,2.,100.3));
#2525=CARTESIAN_POINT('',(-30.3,2.,95.));
#2526=CARTESIAN_POINT('Origin',(-25.,2.,95.));
#2527=CARTESIAN_POINT('',(-30.3,2.,-3.71067980141648E-15));
#2528=CARTESIAN_POINT('',(-30.3,2.,65.));
#2529=CARTESIAN_POINT('',(30.3,2.,0.));
#2530=CARTESIAN_POINT('Origin',(0.,2.,0.));
#2531=CARTESIAN_POINT('',(30.3,2.,95.));
#2532=CARTESIAN_POINT('',(30.3,2.,17.5));
#2533=CARTESIAN_POINT('',(25.,2.,100.3));
#2534=CARTESIAN_POINT('Origin',(25.,2.,95.));
#2535=CARTESIAN_POINT('',(12.5,2.,100.3));
#2536=CARTESIAN_POINT('',(25.,2.,101.8));
#2537=CARTESIAN_POINT('',(-25.,2.,101.8));
#2538=CARTESIAN_POINT('',(31.8,2.,95.));
#2539=CARTESIAN_POINT('Origin',(25.,2.,95.));
#2540=CARTESIAN_POINT('',(31.8,2.,0.));
#2541=CARTESIAN_POINT('',(31.8,2.,95.));
#2542=CARTESIAN_POINT('',(-31.8,2.,-3.89437682128858E-15));
#2543=CARTESIAN_POINT('Origin',(0.,2.,0.));
#2544=CARTESIAN_POINT('',(-31.8,2.,95.));
#2545=CARTESIAN_POINT('',(-31.8,2.,-3.89437682128858E-15));
#2546=CARTESIAN_POINT('',(-25.,2.,101.8));
#2547=CARTESIAN_POINT('Origin',(-25.,2.,95.));
#2548=CARTESIAN_POINT('',(-25.,2.,101.8));
#2549=CARTESIAN_POINT('Origin',(25.,2.,100.3));
#2550=CARTESIAN_POINT('',(25.,0.2,100.3));
#2551=CARTESIAN_POINT('',(25.,2.,100.3));
#2552=CARTESIAN_POINT('',(-25.,0.2,100.3));
#2553=CARTESIAN_POINT('Origin',(28.8,-23.,17.5));
#2554=CARTESIAN_POINT('',(28.8,-26.,0.));
#2555=CARTESIAN_POINT('',(31.8,-23.,0.));
#2556=CARTESIAN_POINT('Origin',(28.8,-23.,0.));
#2557=CARTESIAN_POINT('',(31.8,-23.,95.));
#2558=CARTESIAN_POINT('',(31.8,-23.,17.5));
#2559=CARTESIAN_POINT('',(28.8,-26.,95.));
#2560=CARTESIAN_POINT('Origin',(28.8,-23.,95.));
#2561=CARTESIAN_POINT('',(28.8,-26.,17.5));
#2562=CARTESIAN_POINT('Origin',(25.,-23.,95.));
#2563=CARTESIAN_POINT('',(25.,-23.,101.8));
#2564=CARTESIAN_POINT('',(25.,-26.,98.8));
#2565=CARTESIAN_POINT('Origin',(25.,-23.,98.8));
#2566=CARTESIAN_POINT('Origin',(25.,-26.,95.));
#2567=CARTESIAN_POINT('Origin',(25.,-23.,95.));
#2568=CARTESIAN_POINT('Origin',(12.5,-23.,98.8));
#2569=CARTESIAN_POINT('',(-25.,-23.,101.8));
#2570=CARTESIAN_POINT('',(-25.,-26.,98.8));
#2571=CARTESIAN_POINT('Origin',(-25.,-23.,98.8));
#2572=CARTESIAN_POINT('',(12.5,-26.,98.8));
#2573=CARTESIAN_POINT('',(12.5,-23.,101.8));
#2574=CARTESIAN_POINT('Origin',(-25.,-23.,95.));
#2575=CARTESIAN_POINT('',(-31.8,-23.,95.));
#2576=CARTESIAN_POINT('',(-28.8,-26.,95.));
#2577=CARTESIAN_POINT('Origin',(-28.8,-23.,95.));
#2578=CARTESIAN_POINT('Origin',(-25.,-26.,95.));
#2579=CARTESIAN_POINT('Origin',(-25.,-23.,95.));
#2580=CARTESIAN_POINT('Origin',(-28.8,-23.,65.));
#2581=CARTESIAN_POINT('',(-31.8,-23.,-3.89437682128858E-15));
#2582=CARTESIAN_POINT('',(-28.8,-26.,0.));
#2583=CARTESIAN_POINT('Origin',(-28.8,-23.,0.));
#2584=CARTESIAN_POINT('',(-28.8,-26.,65.));
#2585=CARTESIAN_POINT('',(-31.8,-23.,65.));
#2586=CARTESIAN_POINT('Origin',(0.,-23.,0.));
#2587=CARTESIAN_POINT('Origin',(0.,-26.,0.));
#2588=CARTESIAN_POINT('Origin',(0.,-23.,0.));
#2589=CARTESIAN_POINT('Origin',(25.,2.,101.8));
#2590=CARTESIAN_POINT('',(-25.,2.,101.8));
#2591=CARTESIAN_POINT('',(25.,2.,101.8));
#2592=CARTESIAN_POINT('Origin',(25.,2.,95.));
#2593=CARTESIAN_POINT('',(31.8,2.,95.));
#2594=CARTESIAN_POINT('Origin',(31.8,2.,0.));
#2595=CARTESIAN_POINT('',(31.8,2.,0.));
#2596=CARTESIAN_POINT('Origin',(0.,-26.,35.));
#2597=CARTESIAN_POINT('Ctrl Pts',(25.5000000000003,-22.5,90.3));
#2598=CARTESIAN_POINT('Ctrl Pts',(24.7656535163393,-22.5,90.3));
#2599=CARTESIAN_POINT('Ctrl Pts',(24.0335501043185,-22.5,90.3));
#2600=CARTESIAN_POINT('Ctrl Pts',(23.2999969561993,-22.5,90.3));
#2601=CARTESIAN_POINT('Ctrl Pts',(25.5000000000003,-23.0387480237612,90.3));
#2602=CARTESIAN_POINT('Ctrl Pts',(24.7656535163393,-23.0387480237612,90.3));
#2603=CARTESIAN_POINT('Ctrl Pts',(24.0335501043185,-23.0387480237612,90.3));
#2604=CARTESIAN_POINT('Ctrl Pts',(23.2999969561993,-23.0387480237612,90.3));
#2605=CARTESIAN_POINT('Ctrl Pts',(25.5000000000003,-23.7074574056684,90.2005939799944));
#2606=CARTESIAN_POINT('Ctrl Pts',(24.7656535163393,-23.7074574056684,90.2005939799944));
#2607=CARTESIAN_POINT('Ctrl Pts',(24.0335501043185,-23.7074574056684,90.2005939799944));
#2608=CARTESIAN_POINT('Ctrl Pts',(23.2999969561993,-23.7074574056684,90.2005939799944));
#2609=CARTESIAN_POINT('Ctrl Pts',(25.5000000000003,-24.2424774994917,89.813290547035));
#2610=CARTESIAN_POINT('Ctrl Pts',(24.7656535163393,-24.2424774994917,89.813290547035));
#2611=CARTESIAN_POINT('Ctrl Pts',(24.0335501043185,-24.2424774994917,89.813290547035));
#2612=CARTESIAN_POINT('Ctrl Pts',(23.2999969561993,-24.2424774994917,89.813290547035));
#2613=CARTESIAN_POINT('Ctrl Pts',(25.5000000000003,-24.459623334789,89.2091696936301));
#2614=CARTESIAN_POINT('Ctrl Pts',(24.7656535163393,-24.459623334789,89.2091696936301));
#2615=CARTESIAN_POINT('Ctrl Pts',(24.0335501043185,-24.459623334789,89.2091696936301));
#2616=CARTESIAN_POINT('Ctrl Pts',(23.2999969561993,-24.459623334789,89.2091696936301));
#2617=CARTESIAN_POINT('Ctrl Pts',(25.5000000000003,-24.5,88.5693740118806));
#2618=CARTESIAN_POINT('Ctrl Pts',(24.7656535163393,-24.5,88.5693740118806));
#2619=CARTESIAN_POINT('Ctrl Pts',(24.0335501043185,-24.5,88.5693740118806));
#2620=CARTESIAN_POINT('Ctrl Pts',(23.2999969561993,-24.5,88.5693740118806));
#2621=CARTESIAN_POINT('Ctrl Pts',(25.5000000000003,-24.5,88.3));
#2622=CARTESIAN_POINT('Ctrl Pts',(24.7656535163393,-24.5,88.3));
#2623=CARTESIAN_POINT('Ctrl Pts',(24.0335501043185,-24.5,88.3));
#2624=CARTESIAN_POINT('Ctrl Pts',(23.2999969561993,-24.5,88.3));
#2625=CARTESIAN_POINT('',(25.5000000000001,-22.5,90.3));
#2626=CARTESIAN_POINT('',(25.5000000000001,-24.5,88.3));
#2627=CARTESIAN_POINT('Ctrl Pts',(25.5000000000003,-22.5,90.3));
#2628=CARTESIAN_POINT('Ctrl Pts',(25.5000000000003,-23.0387480237612,90.3));
#2629=CARTESIAN_POINT('Ctrl Pts',(25.5000000000003,-23.7074574056684,90.2005939799944));
#2630=CARTESIAN_POINT('Ctrl Pts',(25.5000000000003,-24.2424774994917,89.813290547035));
#2631=CARTESIAN_POINT('Ctrl Pts',(25.5000000000003,-24.459623334789,89.2091696936301));
#2632=CARTESIAN_POINT('Ctrl Pts',(25.5000000000003,-24.5,88.5693740118806));
#2633=CARTESIAN_POINT('Ctrl Pts',(25.5000000000003,-24.5,88.3));
#2634=CARTESIAN_POINT('',(23.3,-24.5,88.3));
#2635=CARTESIAN_POINT('Ctrl Pts',(25.5000000000003,-24.5,88.3));
#2636=CARTESIAN_POINT('Ctrl Pts',(24.7656555477329,-24.5,88.3));
#2637=CARTESIAN_POINT('Ctrl Pts',(24.033554154696,-24.5,88.3));
#2638=CARTESIAN_POINT('Ctrl Pts',(23.3000030437964,-24.5,88.3));
#2639=CARTESIAN_POINT('',(23.3,-22.5,90.3));
#2640=CARTESIAN_POINT('Ctrl Pts',(23.2999969561993,-24.5,88.3));
#2641=CARTESIAN_POINT('Ctrl Pts',(23.2999969561993,-24.5,88.5693740118806));
#2642=CARTESIAN_POINT('Ctrl Pts',(23.2999969561993,-24.459623334789,89.2091696936301));
#2643=CARTESIAN_POINT('Ctrl Pts',(23.2999969561993,-24.2424774994917,89.813290547035));
#2644=CARTESIAN_POINT('Ctrl Pts',(23.2999969561993,-23.7074574056684,90.2005939799944));
#2645=CARTESIAN_POINT('Ctrl Pts',(23.2999969561993,-23.0387480237612,90.3));
#2646=CARTESIAN_POINT('Ctrl Pts',(23.2999969561993,-22.5,90.3));
#2647=CARTESIAN_POINT('Ctrl Pts',(23.3000030437964,-22.5,90.3));
#2648=CARTESIAN_POINT('Ctrl Pts',(24.033554154696,-22.5,90.3));
#2649=CARTESIAN_POINT('Ctrl Pts',(24.7656555477329,-22.5,90.3));
#2650=CARTESIAN_POINT('Ctrl Pts',(25.5000000000003,-22.5,90.3));
#2651=CARTESIAN_POINT('Ctrl Pts',(23.3,-22.5,90.3));
#2652=CARTESIAN_POINT('Ctrl Pts',(22.6270699072184,-22.5,90.3));
#2653=CARTESIAN_POINT('Ctrl Pts',(21.5090369057393,-22.5,90.6937384918933));
#2654=CARTESIAN_POINT('Ctrl Pts',(20.5054418682379,-22.5,91.9553985474192));
#2655=CARTESIAN_POINT('Ctrl Pts',(20.3,-22.5,92.8513800366001));
#2656=CARTESIAN_POINT('Ctrl Pts',(20.3,-22.5,93.3));
#2657=CARTESIAN_POINT('Ctrl Pts',(23.3,-23.0387480237612,90.3));
#2658=CARTESIAN_POINT('Ctrl Pts',(22.6267334220545,-23.0387480237612,90.3));
#2659=CARTESIAN_POINT('Ctrl Pts',(21.5090459985415,-23.0387480237619,90.6930908130207));
#2660=CARTESIAN_POINT('Ctrl Pts',(20.505012012352,-23.038748023762,91.9553000037058));
#2661=CARTESIAN_POINT('Ctrl Pts',(20.3,-23.0387480237625,92.851155713207));
#2662=CARTESIAN_POINT('Ctrl Pts',(20.3,-23.0387480237625,93.3));
#2663=CARTESIAN_POINT('Ctrl Pts',(23.3,-23.7074523517723,90.2005929549592));
#2664=CARTESIAN_POINT('Ctrl Pts',(22.6046933391951,-23.7074523517723,90.2005929549592));
#2665=CARTESIAN_POINT('Ctrl Pts',(21.4496942459531,-23.7074523517746,90.6072270044932));
#2666=CARTESIAN_POINT('Ctrl Pts',(20.4127419064211,-23.7074523517748,91.9108212513356));
#2667=CARTESIAN_POINT('Ctrl Pts',(20.2005929549581,-23.7074523517766,92.8364623278592));
#2668=CARTESIAN_POINT('Ctrl Pts',(20.2005929549581,-23.7074523517766,93.3));
#2669=CARTESIAN_POINT('Ctrl Pts',(23.3,-24.2424741666142,89.8132899337847));
#2670=CARTESIAN_POINT('Ctrl Pts',(22.5178743165375,-24.2424741666142,89.8132899337847));
#2671=CARTESIAN_POINT('Ctrl Pts',(21.2184775684644,-24.2424741666173,90.2708656000731));
#2672=CARTESIAN_POINT('Ctrl Pts',(20.0520343647389,-24.2424741666176,91.7372485223485));
#2673=CARTESIAN_POINT('Ctrl Pts',(19.8132899337791,-24.24247416662,92.778582992123));
#2674=CARTESIAN_POINT('Ctrl Pts',(19.8132899337791,-24.24247416662,93.3));
#2675=CARTESIAN_POINT('Ctrl Pts',(23.3,-24.4596209287584,89.2091691818065));
#2676=CARTESIAN_POINT('Ctrl Pts',(22.3821448182604,-24.4596209287584,89.2091691818065));
#2677=CARTESIAN_POINT('Ctrl Pts',(20.8578308335379,-24.4596209287607,89.7456115443235));
#2678=CARTESIAN_POINT('Ctrl Pts',(19.4890042117397,-24.4596209287609,91.4664171270075));
#2679=CARTESIAN_POINT('Ctrl Pts',(19.2091691817942,-24.4596209287627,92.6880966797961));
#2680=CARTESIAN_POINT('Ctrl Pts',(19.2091691817942,-24.4596209287627,93.3));
#2681=CARTESIAN_POINT('Ctrl Pts',(23.3,-24.5,88.5693740118806));
#2682=CARTESIAN_POINT('Ctrl Pts',(22.2391679807997,-24.5,88.5693740118806));
#2683=CARTESIAN_POINT('Ctrl Pts',(20.475866513336,-24.5000000000007,89.190818049531));
#2684=CARTESIAN_POINT('Ctrl Pts',(18.8937068833812,-24.5000000000008,91.179817489746));
#2685=CARTESIAN_POINT('Ctrl Pts',(18.5693740118627,-24.5000000000013,92.5927788090738));
#2686=CARTESIAN_POINT('Ctrl Pts',(18.5693740118627,-24.5000000000013,93.3));
#2687=CARTESIAN_POINT('Ctrl Pts',(23.3,-24.5,88.3));
#2688=CARTESIAN_POINT('Ctrl Pts',(22.1784498453641,-24.5,88.3));
#2689=CARTESIAN_POINT('Ctrl Pts',(20.3150615095548,-24.5,88.9562308198221));
#2690=CARTESIAN_POINT('Ctrl Pts',(18.6424031137182,-24.5,91.0589975790319));
#2691=CARTESIAN_POINT('Ctrl Pts',(18.2999999999801,-24.5,92.5523000610001));
#2692=CARTESIAN_POINT('Ctrl Pts',(18.2999999999801,-24.5,93.3));
#2693=CARTESIAN_POINT('',(18.2999999999801,-24.5,93.3));
#2694=CARTESIAN_POINT('',(20.3,-22.5,93.3));
#2695=CARTESIAN_POINT('Ctrl Pts',(18.2999999999801,-24.5,93.3));
#2696=CARTESIAN_POINT('Ctrl Pts',(18.5693740118627,-24.5000000000013,93.3));
#2697=CARTESIAN_POINT('Ctrl Pts',(19.2091691817942,-24.4596209287627,93.3));
#2698=CARTESIAN_POINT('Ctrl Pts',(19.8132899337791,-24.24247416662,93.3));
#2699=CARTESIAN_POINT('Ctrl Pts',(20.2005929549581,-23.7074523517766,93.3));
#2700=CARTESIAN_POINT('Ctrl Pts',(20.3,-23.0387480237625,93.3));
#2701=CARTESIAN_POINT('Ctrl Pts',(20.3,-22.5,93.3));
#2702=CARTESIAN_POINT('Ctrl Pts',(20.3,-22.5,93.3));
#2703=CARTESIAN_POINT('Ctrl Pts',(20.3,-22.5,92.8513800366001));
#2704=CARTESIAN_POINT('Ctrl Pts',(20.5054418682379,-22.5,91.9553985474192));
#2705=CARTESIAN_POINT('Ctrl Pts',(21.5090369057393,-22.5,90.6937384918933));
#2706=CARTESIAN_POINT('Ctrl Pts',(22.6270699072184,-22.5,90.3));
#2707=CARTESIAN_POINT('Ctrl Pts',(23.3,-22.5,90.3));
#2708=CARTESIAN_POINT('Ctrl Pts',(23.3,-24.5,88.3));
#2709=CARTESIAN_POINT('Ctrl Pts',(22.1784498453641,-24.5,88.3));
#2710=CARTESIAN_POINT('Ctrl Pts',(20.3150615095548,-24.5,88.9562308198221));
#2711=CARTESIAN_POINT('Ctrl Pts',(18.6424031137182,-24.5,91.0589975790319));
#2712=CARTESIAN_POINT('Ctrl Pts',(18.2999999999801,-24.5,92.5523000610001));
#2713=CARTESIAN_POINT('Ctrl Pts',(18.2999999999801,-24.5,93.3));
#2714=CARTESIAN_POINT('Ctrl Pts',(20.3,-22.5,93.3));
#2715=CARTESIAN_POINT('Ctrl Pts',(20.3,-22.5,94.0334904259824));
#2716=CARTESIAN_POINT('Ctrl Pts',(20.3,-22.5,94.7659675126249));
#2717=CARTESIAN_POINT('Ctrl Pts',(20.3,-22.5,95.5000000000001));
#2718=CARTESIAN_POINT('Ctrl Pts',(20.3,-23.0387480237625,93.3));
#2719=CARTESIAN_POINT('Ctrl Pts',(20.3,-23.0387480237625,94.0334904259824));
#2720=CARTESIAN_POINT('Ctrl Pts',(20.3,-23.0387480237612,94.7659675126249));
#2721=CARTESIAN_POINT('Ctrl Pts',(20.3,-23.0387480237612,95.5000000000001));
#2722=CARTESIAN_POINT('Ctrl Pts',(20.2005939799933,-23.7074574056727,93.3));
#2723=CARTESIAN_POINT('Ctrl Pts',(20.2005939799933,-23.7074574056727,94.0334904259824));
#2724=CARTESIAN_POINT('Ctrl Pts',(20.2005939799944,-23.7074574056684,94.7659675126249));
#2725=CARTESIAN_POINT('Ctrl Pts',(20.2005939799944,-23.7074574056684,95.5000000000001));
#2726=CARTESIAN_POINT('Ctrl Pts',(19.8132905470294,-24.2424774994975,93.3));
#2727=CARTESIAN_POINT('Ctrl Pts',(19.8132905470294,-24.2424774994975,94.0334904259824));
#2728=CARTESIAN_POINT('Ctrl Pts',(19.813290547035,-24.2424774994917,94.7659675126249));
#2729=CARTESIAN_POINT('Ctrl Pts',(19.813290547035,-24.2424774994917,95.5000000000001));
#2730=CARTESIAN_POINT('Ctrl Pts',(19.2091696936179,-24.4596233347933,93.3));
#2731=CARTESIAN_POINT('Ctrl Pts',(19.2091696936179,-24.4596233347933,94.0334904259824));
#2732=CARTESIAN_POINT('Ctrl Pts',(19.2091696936301,-24.459623334789,94.7659675126249));
#2733=CARTESIAN_POINT('Ctrl Pts',(19.2091696936301,-24.459623334789,95.5000000000001));
#2734=CARTESIAN_POINT('Ctrl Pts',(18.5693740118627,-24.5000000000013,93.3));
#2735=CARTESIAN_POINT('Ctrl Pts',(18.5693740118627,-24.5000000000013,94.0334904259824));
#2736=CARTESIAN_POINT('Ctrl Pts',(18.5693740118806,-24.5,94.7659675126249));
#2737=CARTESIAN_POINT('Ctrl Pts',(18.5693740118806,-24.5,95.5000000000001));
#2738=CARTESIAN_POINT('Ctrl Pts',(18.2999999999801,-24.5,93.3));
#2739=CARTESIAN_POINT('Ctrl Pts',(18.2999999999801,-24.5,94.0334904259824));
#2740=CARTESIAN_POINT('Ctrl Pts',(18.3,-24.5,94.7659675126249));
#2741=CARTESIAN_POINT('Ctrl Pts',(18.3,-24.5,95.5000000000001));
#2742=CARTESIAN_POINT('',(18.3,-24.5,95.5));
#2743=CARTESIAN_POINT('',(20.3,-22.5,95.5));
#2744=CARTESIAN_POINT('Ctrl Pts',(18.3,-24.5,95.5000000000001));
#2745=CARTESIAN_POINT('Ctrl Pts',(18.5693740118806,-24.5,95.5000000000001));
#2746=CARTESIAN_POINT('Ctrl Pts',(19.2091696936301,-24.459623334789,95.5000000000001));
#2747=CARTESIAN_POINT('Ctrl Pts',(19.813290547035,-24.2424774994917,95.5000000000001));
#2748=CARTESIAN_POINT('Ctrl Pts',(20.2005939799944,-23.7074574056684,95.5000000000001));
#2749=CARTESIAN_POINT('Ctrl Pts',(20.3,-23.0387480237612,95.5000000000001));
#2750=CARTESIAN_POINT('Ctrl Pts',(20.3,-22.5,95.5000000000001));
#2751=CARTESIAN_POINT('Ctrl Pts',(20.3,-22.5,95.5000000000001));
#2752=CARTESIAN_POINT('Ctrl Pts',(20.3,-22.5,94.7659675126249));
#2753=CARTESIAN_POINT('Ctrl Pts',(20.3,-22.5,94.0334904259824));
#2754=CARTESIAN_POINT('Ctrl Pts',(20.3,-22.5,93.3));
#2755=CARTESIAN_POINT('Ctrl Pts',(18.2999999999801,-24.5,93.3));
#2756=CARTESIAN_POINT('Ctrl Pts',(18.2999999999801,-24.5,94.0334904259824));
#2757=CARTESIAN_POINT('Ctrl Pts',(18.3,-24.5,94.7659675126249));
#2758=CARTESIAN_POINT('Ctrl Pts',(18.3,-24.5,95.5000000000001));
#2759=CARTESIAN_POINT('Ctrl Pts',(20.3,-22.5,95.5));
#2760=CARTESIAN_POINT('Ctrl Pts',(20.3,-22.5,96.173589571093));
#2761=CARTESIAN_POINT('Ctrl Pts',(19.750762505593,-22.5,97.745961874783));
#2762=CARTESIAN_POINT('Ctrl Pts',(18.1978296025962,-22.5,98.5000000000068));
#2763=CARTESIAN_POINT('Ctrl Pts',(17.2999999999771,-22.5,98.5));
#2764=CARTESIAN_POINT('Ctrl Pts',(20.3,-23.0387480237612,95.5));
#2765=CARTESIAN_POINT('Ctrl Pts',(20.3,-23.0387480237612,96.1732527561702));
#2766=CARTESIAN_POINT('Ctrl Pts',(19.7505165350192,-23.0387480237613,97.745370728117));
#2767=CARTESIAN_POINT('Ctrl Pts',(18.1973806609541,-23.0387480237616,98.5000000000068));
#2768=CARTESIAN_POINT('Ctrl Pts',(17.2999999999771,-23.0387480237616,98.5));
#2769=CARTESIAN_POINT('Ctrl Pts',(20.2005944795548,-23.7074598688108,95.5000000000001));
#2770=CARTESIAN_POINT('Ctrl Pts',(20.2005944795547,-23.7074598688108,96.1511910738063));
#2771=CARTESIAN_POINT('Ctrl Pts',(19.6694983796744,-23.7074598688112,97.6714029024343));
#2772=CARTESIAN_POINT('Ctrl Pts',(18.1679745769538,-23.7074598688121,98.4005944795611));
#2773=CARTESIAN_POINT('Ctrl Pts',(17.2999999999779,-23.7074598688121,98.4005944795545));
#2774=CARTESIAN_POINT('Ctrl Pts',(19.8132908462314,-24.2424791253095,95.5000000000001));
#2775=CARTESIAN_POINT('Ctrl Pts',(19.8132908462314,-24.2424791253095,96.0642869676264));
#2776=CARTESIAN_POINT('Ctrl Pts',(19.3531436882557,-24.24247912531,97.3815467617659));
#2777=CARTESIAN_POINT('Ctrl Pts',(18.0521398276289,-24.2424791253112,98.0132908462355));
#2778=CARTESIAN_POINT('Ctrl Pts',(17.2999999999809,-24.2424791253112,98.0132908462298));
#2779=CARTESIAN_POINT('Ctrl Pts',(19.2091699432143,-24.4596245082278,95.5));
#2780=CARTESIAN_POINT('Ctrl Pts',(19.2091699432142,-24.4596245082278,95.9284244530653));
#2781=CARTESIAN_POINT('Ctrl Pts',(18.8594645590535,-24.4596245082282,96.9288843005186));
#2782=CARTESIAN_POINT('Ctrl Pts',(17.8710482658069,-24.4596245082291,97.409169943215));
#2783=CARTESIAN_POINT('Ctrl Pts',(17.2999999999854,-24.4596245082291,97.4091699432107));
#2784=CARTESIAN_POINT('Ctrl Pts',(18.5693740118806,-24.5,95.5));
#2785=CARTESIAN_POINT('Ctrl Pts',(18.5693740118806,-24.5,95.7853074968548));
#2786=CARTESIAN_POINT('Ctrl Pts',(18.3371936077606,-24.5000000000001,96.4508398661592));
#2787=CARTESIAN_POINT('Ctrl Pts',(17.6802872364892,-24.5000000000004,96.7693740118783));
#2788=CARTESIAN_POINT('Ctrl Pts',(17.2999999999903,-24.5000000000004,96.7693740118754));
#2789=CARTESIAN_POINT('Ctrl Pts',(18.3,-24.5,95.5));
#2790=CARTESIAN_POINT('Ctrl Pts',(18.3,-24.5,95.724529857031));
#2791=CARTESIAN_POINT('Ctrl Pts',(18.1169208351978,-24.5,96.2486539582592));
#2792=CARTESIAN_POINT('Ctrl Pts',(17.5992765341987,-24.5,96.4999999999965));
#2793=CARTESIAN_POINT('Ctrl Pts',(17.2999999999924,-24.5,96.4999999999942));
#2794=CARTESIAN_POINT('',(17.2999999999924,-24.5,96.4999999999942));
#2795=CARTESIAN_POINT('Ctrl Pts',(17.2999999999924,-24.5,96.4999999999942));
#2796=CARTESIAN_POINT('Ctrl Pts',(17.2999999999903,-24.5000000000004,96.7693740118754));
#2797=CARTESIAN_POINT('Ctrl Pts',(17.2999999999854,-24.4596245082291,97.4091699432107));
#2798=CARTESIAN_POINT('Ctrl Pts',(17.2999999999809,-24.2424791253112,98.0132908462298));
#2799=CARTESIAN_POINT('Ctrl Pts',(17.2999999999779,-23.7074598688121,98.4005944795545));
#2800=CARTESIAN_POINT('Ctrl Pts',(17.2999999999771,-23.0387480237616,98.5));
#2801=CARTESIAN_POINT('Ctrl Pts',(17.2999999999771,-22.5,98.5));
#2802=CARTESIAN_POINT('Ctrl Pts',(17.2999999999771,-22.5,98.5));
#2803=CARTESIAN_POINT('Ctrl Pts',(18.1978296025962,-22.5,98.5000000000068));
#2804=CARTESIAN_POINT('Ctrl Pts',(19.750762505593,-22.5,97.745961874783));
#2805=CARTESIAN_POINT('Ctrl Pts',(20.3,-22.5,96.173589571093));
#2806=CARTESIAN_POINT('Ctrl Pts',(20.3,-22.5,95.5));
#2807=CARTESIAN_POINT('Ctrl Pts',(18.3,-24.5,95.5));
#2808=CARTESIAN_POINT('Ctrl Pts',(18.3,-24.5,95.724529857031));
#2809=CARTESIAN_POINT('Ctrl Pts',(18.1169208351978,-24.5,96.2486539582592));
#2810=CARTESIAN_POINT('Ctrl Pts',(17.5992765341987,-24.5,96.4999999999965));
#2811=CARTESIAN_POINT('Ctrl Pts',(17.2999999999924,-24.5,96.4999999999942));
#2812=CARTESIAN_POINT('Ctrl Pts',(17.2999999999851,-22.5,98.5));
#2813=CARTESIAN_POINT('Ctrl Pts',(5.75843751906439,-22.5,98.5));
#2814=CARTESIAN_POINT('Ctrl Pts',(-5.75843751906348,-22.5,98.5));
#2815=CARTESIAN_POINT('Ctrl Pts',(-17.3,-22.5,98.5));
#2816=CARTESIAN_POINT('Ctrl Pts',(17.2999999999851,-23.0387480237612,98.5));
#2817=CARTESIAN_POINT('Ctrl Pts',(5.75843751906437,-23.0387480237612,98.5));
#2818=CARTESIAN_POINT('Ctrl Pts',(-5.75843751906348,-23.0387480237612,98.5));
#2819=CARTESIAN_POINT('Ctrl Pts',(-17.3,-23.0387480237612,98.5));
#2820=CARTESIAN_POINT('Ctrl Pts',(17.2999999999851,-23.7074574056684,98.4005939799944));
#2821=CARTESIAN_POINT('Ctrl Pts',(5.75843751906441,-23.7074574056684,98.4005939799944));
#2822=CARTESIAN_POINT('Ctrl Pts',(-5.75843751906346,-23.7074574056684,98.4005939799944));
#2823=CARTESIAN_POINT('Ctrl Pts',(-17.3,-23.7074574056684,98.4005939799944));
#2824=CARTESIAN_POINT('Ctrl Pts',(17.2999999999851,-24.2424774994917,98.013290547035));
#2825=CARTESIAN_POINT('Ctrl Pts',(5.75843751906438,-24.2424774994917,98.013290547035));
#2826=CARTESIAN_POINT('Ctrl Pts',(-5.7584375190635,-24.2424774994917,98.013290547035));
#2827=CARTESIAN_POINT('Ctrl Pts',(-17.3,-24.2424774994917,98.013290547035));
#2828=CARTESIAN_POINT('Ctrl Pts',(17.2999999999851,-24.459623334789,97.4091696936301));
#2829=CARTESIAN_POINT('Ctrl Pts',(5.7584375190644,-24.459623334789,97.4091696936301));
#2830=CARTESIAN_POINT('Ctrl Pts',(-5.75843751906346,-24.459623334789,97.4091696936302));
#2831=CARTESIAN_POINT('Ctrl Pts',(-17.3,-24.459623334789,97.4091696936302));
#2832=CARTESIAN_POINT('Ctrl Pts',(17.2999999999851,-24.5,96.7693740118806));
#2833=CARTESIAN_POINT('Ctrl Pts',(5.75843751906439,-24.5,96.7693740118806));
#2834=CARTESIAN_POINT('Ctrl Pts',(-5.75843751906349,-24.5,96.7693740118806));
#2835=CARTESIAN_POINT('Ctrl Pts',(-17.3,-24.5,96.7693740118806));
#2836=CARTESIAN_POINT('Ctrl Pts',(17.2999999999851,-24.5,96.5));
#2837=CARTESIAN_POINT('Ctrl Pts',(5.75843751906439,-24.5,96.5));
#2838=CARTESIAN_POINT('Ctrl Pts',(-5.75843751906348,-24.5,96.5));
#2839=CARTESIAN_POINT('Ctrl Pts',(-17.3,-24.5,96.5));
#2840=CARTESIAN_POINT('',(-17.3,-24.5,96.5));
#2841=CARTESIAN_POINT('Ctrl Pts',(17.2999999999851,-24.5,96.5));
#2842=CARTESIAN_POINT('Ctrl Pts',(5.75843751906439,-24.5,96.5));
#2843=CARTESIAN_POINT('Ctrl Pts',(-5.75843751906348,-24.5,96.5));
#2844=CARTESIAN_POINT('Ctrl Pts',(-17.3,-24.5,96.5));
#2845=CARTESIAN_POINT('Ctrl Pts',(-17.3,-24.5,96.5));
#2846=CARTESIAN_POINT('Ctrl Pts',(-17.3,-24.5,96.7693740118806));
#2847=CARTESIAN_POINT('Ctrl Pts',(-17.3,-24.459623334789,97.4091696936302));
#2848=CARTESIAN_POINT('Ctrl Pts',(-17.3,-24.2424774994917,98.013290547035));
#2849=CARTESIAN_POINT('Ctrl Pts',(-17.3,-23.7074574056684,98.4005939799944));
#2850=CARTESIAN_POINT('Ctrl Pts',(-17.3,-23.0387480237612,98.5));
#2851=CARTESIAN_POINT('Ctrl Pts',(-17.3,-22.5,98.5));
#2852=CARTESIAN_POINT('Ctrl Pts',(-17.3,-22.5,98.5));
#2853=CARTESIAN_POINT('Ctrl Pts',(-18.1978324083097,-22.5,98.5));
#2854=CARTESIAN_POINT('Ctrl Pts',(-19.7507699403725,-22.5,97.7459568675502));
#2855=CARTESIAN_POINT('Ctrl Pts',(-20.3000033083653,-22.5,96.1735769725824));
#2856=CARTESIAN_POINT('Ctrl Pts',(-20.2999999999638,-22.5,95.4999852652512));
#2857=CARTESIAN_POINT('Ctrl Pts',(-17.3,-23.0387480237612,98.5));
#2858=CARTESIAN_POINT('Ctrl Pts',(-18.1973834652644,-23.0387480237612,98.5));
#2859=CARTESIAN_POINT('Ctrl Pts',(-19.7505239661551,-23.0387480237612,97.7453657186667));
#2860=CARTESIAN_POINT('Ctrl Pts',(-20.300003306711,-23.0387480237612,96.1732401565914));
#2861=CARTESIAN_POINT('Ctrl Pts',(-20.2999999999638,-23.0387480237612,95.4999852652512));
#2862=CARTESIAN_POINT('Ctrl Pts',(-17.3,-23.7074598688109,98.4005944795548));
#2863=CARTESIAN_POINT('Ctrl Pts',(-18.16797728937,-23.7074598688109,98.4005944795548));
#2864=CARTESIAN_POINT('Ctrl Pts',(-19.6695055672453,-23.7074598688108,97.6713980605968));
#2865=CARTESIAN_POINT('Ctrl Pts',(-20.2005976779089,-23.7074598688109,96.151178892499));
#2866=CARTESIAN_POINT('Ctrl Pts',(-20.2005944795198,-23.7074598688109,95.4999857534897));
#2867=CARTESIAN_POINT('Ctrl Pts',(-17.3,-24.2424791253095,98.0132908462314));
#2868=CARTESIAN_POINT('Ctrl Pts',(-18.052142178062,-24.2424791253095,98.0132908462314));
#2869=CARTESIAN_POINT('Ctrl Pts',(-19.3531499166053,-24.2424791253095,97.3815425667447));
#2870=CARTESIAN_POINT('Ctrl Pts',(-19.8132936177521,-24.2424791253095,96.0642764129833));
#2871=CARTESIAN_POINT('Ctrl Pts',(-19.813290846201,-24.2424791253095,95.4999876557636));
#2872=CARTESIAN_POINT('Ctrl Pts',(-17.3,-24.4596245082278,97.4091699432143));
#2873=CARTESIAN_POINT('Ctrl Pts',(-17.8710500503299,-24.4596245082278,97.4091699432143));
#2874=CARTESIAN_POINT('Ctrl Pts',(-18.8594692878631,-24.4596245082278,96.9288811123789));
#2875=CARTESIAN_POINT('Ctrl Pts',(-19.2091720474401,-24.4596245082278,95.9284164347345));
#2876=CARTESIAN_POINT('Ctrl Pts',(-19.2091699431912,-24.4596245082278,95.4999906229535));
#2877=CARTESIAN_POINT('Ctrl Pts',(-17.3,-24.5,96.7693740118806));
#2878=CARTESIAN_POINT('Ctrl Pts',(-17.680288424885,-24.5,96.7693740118806));
#2879=CARTESIAN_POINT('Ctrl Pts',(-18.337196756791,-24.5,96.4508377494202));
#2880=CARTESIAN_POINT('Ctrl Pts',(-18.5693754131811,-24.5,95.7853021670502));
#2881=CARTESIAN_POINT('Ctrl Pts',(-18.5693740118653,-24.5,95.4999937653643));
#2882=CARTESIAN_POINT('Ctrl Pts',(-17.3,-24.5,96.5));
#2883=CARTESIAN_POINT('Ctrl Pts',(-17.5992774694366,-24.5,96.5));
#2884=CARTESIAN_POINT('Ctrl Pts',(-18.1169233134576,-24.5,96.2486522891835));
#2885=CARTESIAN_POINT('Ctrl Pts',(-18.3000011027884,-24.5,95.7245256575275));
#2886=CARTESIAN_POINT('Ctrl Pts',(-18.2999999999879,-24.5,95.4999950884171));
#2887=CARTESIAN_POINT('',(-18.2999999999999,-24.5,95.4999999999999));
#2888=CARTESIAN_POINT('',(-20.3,-22.5,95.4999999999998));
#2889=CARTESIAN_POINT('Ctrl Pts',(-18.2999999999879,-24.5,95.4999950884171));
#2890=CARTESIAN_POINT('Ctrl Pts',(-18.5693740118653,-24.5,95.4999937653643));
#2891=CARTESIAN_POINT('Ctrl Pts',(-19.2091699431912,-24.4596245082278,95.4999906229535));
#2892=CARTESIAN_POINT('Ctrl Pts',(-19.813290846201,-24.2424791253095,95.4999876557636));
#2893=CARTESIAN_POINT('Ctrl Pts',(-20.2005944795198,-23.7074598688109,95.4999857534897));
#2894=CARTESIAN_POINT('Ctrl Pts',(-20.2999999999638,-23.0387480237612,95.4999852652512));
#2895=CARTESIAN_POINT('Ctrl Pts',(-20.2999999999638,-22.5,95.4999852652512));
#2896=CARTESIAN_POINT('Ctrl Pts',(-20.2999999999986,-22.5,95.5000000000002));
#2897=CARTESIAN_POINT('Ctrl Pts',(-20.2999998756632,-22.5,96.1735867999023));
#2898=CARTESIAN_POINT('Ctrl Pts',(-19.7507650874657,-22.5,97.7459592239239));
#2899=CARTESIAN_POINT('Ctrl Pts',(-18.1978324083097,-22.5,98.5));
#2900=CARTESIAN_POINT('Ctrl Pts',(-17.3,-22.5,98.5));
#2901=CARTESIAN_POINT('Ctrl Pts',(-17.3,-24.5,96.5));
#2902=CARTESIAN_POINT('Ctrl Pts',(-17.5992774694366,-24.5,96.5));
#2903=CARTESIAN_POINT('Ctrl Pts',(-18.1169200781915,-24.5,96.2486538600968));
#2904=CARTESIAN_POINT('Ctrl Pts',(-18.2999988143174,-24.5,95.7245322090585));
#2905=CARTESIAN_POINT('Ctrl Pts',(-18.2999999999861,-24.5,95.5000049115677));
#2906=CARTESIAN_POINT('Ctrl Pts',(-20.3,-22.5,95.4999999999998));
#2907=CARTESIAN_POINT('Ctrl Pts',(-20.3,-22.5,94.7659664972478));
#2908=CARTESIAN_POINT('Ctrl Pts',(-20.3,-22.5,94.0334884041158));
#2909=CARTESIAN_POINT('Ctrl Pts',(-20.3,-22.5,93.2999969561691));
#2910=CARTESIAN_POINT('Ctrl Pts',(-20.3,-23.0387480237612,95.4999999999998));
#2911=CARTESIAN_POINT('Ctrl Pts',(-20.3,-23.0387480237612,94.7659664972478));
#2912=CARTESIAN_POINT('Ctrl Pts',(-20.3,-23.0387480237612,94.0334884041158));
#2913=CARTESIAN_POINT('Ctrl Pts',(-20.3,-23.0387480237612,93.2999969561691));
#2914=CARTESIAN_POINT('Ctrl Pts',(-20.2005939799944,-23.7074574056684,95.4999999999999));
#2915=CARTESIAN_POINT('Ctrl Pts',(-20.2005939799944,-23.7074574056684,94.7659664972479));
#2916=CARTESIAN_POINT('Ctrl Pts',(-20.2005939799944,-23.7074574056684,94.0334884041158));
#2917=CARTESIAN_POINT('Ctrl Pts',(-20.2005939799944,-23.7074574056684,93.2999969561691));
#2918=CARTESIAN_POINT('Ctrl Pts',(-19.8132905470349,-24.2424774994917,95.4999999999999));
#2919=CARTESIAN_POINT('Ctrl Pts',(-19.8132905470349,-24.2424774994917,94.7659664972478));
#2920=CARTESIAN_POINT('Ctrl Pts',(-19.8132905470349,-24.2424774994917,94.0334884041158));
#2921=CARTESIAN_POINT('Ctrl Pts',(-19.8132905470349,-24.2424774994917,93.2999969561691));
#2922=CARTESIAN_POINT('Ctrl Pts',(-19.2091696936301,-24.459623334789,95.4999999999999));
#2923=CARTESIAN_POINT('Ctrl Pts',(-19.2091696936301,-24.459623334789,94.7659664972479));
#2924=CARTESIAN_POINT('Ctrl Pts',(-19.2091696936301,-24.459623334789,94.0334884041158));
#2925=CARTESIAN_POINT('Ctrl Pts',(-19.2091696936301,-24.459623334789,93.2999969561691));
#2926=CARTESIAN_POINT('Ctrl Pts',(-18.5693740118805,-24.5,95.4999999999999));
#2927=CARTESIAN_POINT('Ctrl Pts',(-18.5693740118805,-24.5,94.7659664972479));
#2928=CARTESIAN_POINT('Ctrl Pts',(-18.5693740118806,-24.5,94.0334884041158));
#2929=CARTESIAN_POINT('Ctrl Pts',(-18.5693740118806,-24.5,93.2999969561691));
#2930=CARTESIAN_POINT('Ctrl Pts',(-18.2999999999999,-24.5,95.4999999999999));
#2931=CARTESIAN_POINT('Ctrl Pts',(-18.2999999999999,-24.5,94.7659664972479));
#2932=CARTESIAN_POINT('Ctrl Pts',(-18.3,-24.5,94.0334884041158));
#2933=CARTESIAN_POINT('Ctrl Pts',(-18.3,-24.5,93.2999969561691));
#2934=CARTESIAN_POINT('',(-18.3,-24.5,93.3));
#2935=CARTESIAN_POINT('',(-20.3,-22.5,93.3));
#2936=CARTESIAN_POINT('Ctrl Pts',(-18.3,-24.5,93.2999969561691));
#2937=CARTESIAN_POINT('Ctrl Pts',(-18.5693740118806,-24.5,93.2999969561691));
#2938=CARTESIAN_POINT('Ctrl Pts',(-19.2091696936301,-24.459623334789,93.2999969561691));
#2939=CARTESIAN_POINT('Ctrl Pts',(-19.8132905470349,-24.2424774994917,93.2999969561691));
#2940=CARTESIAN_POINT('Ctrl Pts',(-20.2005939799944,-23.7074574056684,93.2999969561691));
#2941=CARTESIAN_POINT('Ctrl Pts',(-20.3,-23.0387480237612,93.2999969561691));
#2942=CARTESIAN_POINT('Ctrl Pts',(-20.3,-22.5,93.2999969561691));
#2943=CARTESIAN_POINT('Ctrl Pts',(-20.3,-22.5,93.3000030438267));
#2944=CARTESIAN_POINT('Ctrl Pts',(-20.3,-22.5,94.0334924569473));
#2945=CARTESIAN_POINT('Ctrl Pts',(-20.3,-22.5,94.7659685279666));
#2946=CARTESIAN_POINT('Ctrl Pts',(-20.3,-22.5,95.4999999999998));
#2947=CARTESIAN_POINT('Ctrl Pts',(-18.2999999999999,-24.5,95.4999999999999));
#2948=CARTESIAN_POINT('Ctrl Pts',(-18.2999999999999,-24.5,94.7659685279667));
#2949=CARTESIAN_POINT('Ctrl Pts',(-18.3,-24.5,94.0334924569473));
#2950=CARTESIAN_POINT('Ctrl Pts',(-18.3,-24.5,93.3000030438267));
#2951=CARTESIAN_POINT('Ctrl Pts',(-20.3,-22.5,93.3));
#2952=CARTESIAN_POINT('Ctrl Pts',(-20.3,-22.5,92.6270700546945));
#2953=CARTESIAN_POINT('Ctrl Pts',(-20.6937384854823,-22.5,91.5090369411158));
#2954=CARTESIAN_POINT('Ctrl Pts',(-21.9553985475873,-22.5,90.5054419147063));
#2955=CARTESIAN_POINT('Ctrl Pts',(-22.8513800377032,-22.5,90.3));
#2956=CARTESIAN_POINT('Ctrl Pts',(-23.3,-22.5,90.3));
#2957=CARTESIAN_POINT('Ctrl Pts',(-20.3,-23.0387480237612,93.3));
#2958=CARTESIAN_POINT('Ctrl Pts',(-20.3,-23.0387480237612,92.6267335696043));
#2959=CARTESIAN_POINT('Ctrl Pts',(-20.6930908066064,-23.0387480237619,91.5090460339356));
#2960=CARTESIAN_POINT('Ctrl Pts',(-21.9553000038741,-23.038748023762,90.5050120588437));
#2961=CARTESIAN_POINT('Ctrl Pts',(-22.8511557143107,-23.0387480237625,90.3));
#2962=CARTESIAN_POINT('Ctrl Pts',(-23.3,-23.0387480237625,90.3));
#2963=CARTESIAN_POINT('Ctrl Pts',(-20.2005929549592,-23.7074523517723,93.3));
#2964=CARTESIAN_POINT('Ctrl Pts',(-20.2005929549592,-23.7074523517723,92.6046934915751));
#2965=CARTESIAN_POINT('Ctrl Pts',(-20.6072269978689,-23.7074523517746,91.449694282506));
#2966=CARTESIAN_POINT('Ctrl Pts',(-21.9108212515094,-23.7074523517748,90.4127419544347));
#2967=CARTESIAN_POINT('Ctrl Pts',(-22.836462328999,-23.7074523517766,90.2005929549581));
#2968=CARTESIAN_POINT('Ctrl Pts',(-23.3,-23.7074523517766,90.2005929549581));
#2969=CARTESIAN_POINT('Ctrl Pts',(-19.8132899337847,-24.2424741666142,93.3));
#2970=CARTESIAN_POINT('Ctrl Pts',(-19.8132899337847,-24.2424741666142,92.5178744879442));
#2971=CARTESIAN_POINT('Ctrl Pts',(-20.2708655926217,-24.2424741666174,91.2184776095814));
#2972=CARTESIAN_POINT('Ctrl Pts',(-21.737248522544,-24.2424741666176,90.0520344187477));
#2973=CARTESIAN_POINT('Ctrl Pts',(-22.7785829934051,-24.24247416662,89.8132899337791));
#2974=CARTESIAN_POINT('Ctrl Pts',(-23.3,-24.24247416662,89.8132899337791));
#2975=CARTESIAN_POINT('Ctrl Pts',(-19.2091691818064,-24.4596209287584,93.3));
#2976=CARTESIAN_POINT('Ctrl Pts',(-19.2091691818064,-24.4596209287584,92.3821450194129));
#2977=CARTESIAN_POINT('Ctrl Pts',(-19.745611535579,-24.4596209287607,90.8578308817904));
#2978=CARTESIAN_POINT('Ctrl Pts',(-21.4664171272369,-24.4596209287609,89.4890042751211));
#2979=CARTESIAN_POINT('Ctrl Pts',(-22.6880966813007,-24.4596209287627,89.2091691817942));
#2980=CARTESIAN_POINT('Ctrl Pts',(-23.3,-24.4596209287627,89.2091691817942));
#2981=CARTESIAN_POINT('Ctrl Pts',(-18.5693740118806,-24.5,93.3));
#2982=CARTESIAN_POINT('Ctrl Pts',(-18.5693740118806,-24.5,92.2391682132864));
#2983=CARTESIAN_POINT('Ctrl Pts',(-19.1908180394244,-24.5000000000007,90.4758665691049));
#2984=CARTESIAN_POINT('Ctrl Pts',(-21.1798174900111,-24.5000000000008,88.8937069566358));
#2985=CARTESIAN_POINT('Ctrl Pts',(-22.5927788108129,-24.5000000000013,88.5693740118627));
#2986=CARTESIAN_POINT('Ctrl Pts',(-23.3,-24.5000000000013,88.5693740118627));
#2987=CARTESIAN_POINT('Ctrl Pts',(-18.3,-24.5,93.3));
#2988=CARTESIAN_POINT('Ctrl Pts',(-18.3,-24.5,92.1784500911575));
#2989=CARTESIAN_POINT('Ctrl Pts',(-18.9562308091371,-24.5,90.3150615685157));
#2990=CARTESIAN_POINT('Ctrl Pts',(-21.0589975793122,-24.5,88.6424031911656));
#2991=CARTESIAN_POINT('Ctrl Pts',(-22.5523000628387,-24.5,88.2999999999801));
#2992=CARTESIAN_POINT('Ctrl Pts',(-23.3,-24.5,88.2999999999801));
#2993=CARTESIAN_POINT('',(-23.3,-24.5,88.2999999999801));
#2994=CARTESIAN_POINT('',(-23.3,-22.5,90.3));
#2995=CARTESIAN_POINT('Ctrl Pts',(-23.3,-24.5,88.2999999999801));
#2996=CARTESIAN_POINT('Ctrl Pts',(-23.3,-24.5000000000013,88.5693740118627));
#2997=CARTESIAN_POINT('Ctrl Pts',(-23.3,-24.4596209287627,89.2091691817942));
#2998=CARTESIAN_POINT('Ctrl Pts',(-23.3,-24.24247416662,89.8132899337791));
#2999=CARTESIAN_POINT('Ctrl Pts',(-23.3,-23.7074523517766,90.2005929549581));
#3000=CARTESIAN_POINT('Ctrl Pts',(-23.3,-23.0387480237625,90.3));
#3001=CARTESIAN_POINT('Ctrl Pts',(-23.3,-22.5,90.3));
#3002=CARTESIAN_POINT('Ctrl Pts',(-23.3,-22.5,90.3));
#3003=CARTESIAN_POINT('Ctrl Pts',(-22.8513800377032,-22.5,90.3));
#3004=CARTESIAN_POINT('Ctrl Pts',(-21.9553985475873,-22.5,90.5054419147063));
#3005=CARTESIAN_POINT('Ctrl Pts',(-20.6937384854823,-22.5,91.5090369411158));
#3006=CARTESIAN_POINT('Ctrl Pts',(-20.3,-22.5,92.6270700546945));
#3007=CARTESIAN_POINT('Ctrl Pts',(-20.3,-22.5,93.3));
#3008=CARTESIAN_POINT('Ctrl Pts',(-18.3,-24.5,93.3));
#3009=CARTESIAN_POINT('Ctrl Pts',(-18.3,-24.5,92.1784500911575));
#3010=CARTESIAN_POINT('Ctrl Pts',(-18.9562308091371,-24.5,90.3150615685157));
#3011=CARTESIAN_POINT('Ctrl Pts',(-21.0589975793122,-24.5,88.6424031911656));
#3012=CARTESIAN_POINT('Ctrl Pts',(-22.5523000628387,-24.5,88.2999999999801));
#3013=CARTESIAN_POINT('Ctrl Pts',(-23.3,-24.5,88.2999999999801));
#3014=CARTESIAN_POINT('Ctrl Pts',(-23.3,-22.5,90.3));
#3015=CARTESIAN_POINT('Ctrl Pts',(-24.033490415109,-22.5,90.3));
#3016=CARTESIAN_POINT('Ctrl Pts',(-24.7659706109756,-22.5,90.3));
#3017=CARTESIAN_POINT('Ctrl Pts',(-25.5000000000001,-22.5,90.3));
#3018=CARTESIAN_POINT('Ctrl Pts',(-23.3,-23.0387480237625,90.3));
#3019=CARTESIAN_POINT('Ctrl Pts',(-24.033490415109,-23.0387480237625,90.3));
#3020=CARTESIAN_POINT('Ctrl Pts',(-24.7659706109756,-23.0387480237612,90.3));
#3021=CARTESIAN_POINT('Ctrl Pts',(-25.5000000000001,-23.0387480237612,90.3));
#3022=CARTESIAN_POINT('Ctrl Pts',(-23.3,-23.7074574056727,90.2005939799933));
#3023=CARTESIAN_POINT('Ctrl Pts',(-24.033490415109,-23.7074574056727,90.2005939799933));
#3024=CARTESIAN_POINT('Ctrl Pts',(-24.7659706109756,-23.7074574056684,90.2005939799944));
#3025=CARTESIAN_POINT('Ctrl Pts',(-25.5000000000001,-23.7074574056684,90.2005939799944));
#3026=CARTESIAN_POINT('Ctrl Pts',(-23.3,-24.2424774994975,89.8132905470294));
#3027=CARTESIAN_POINT('Ctrl Pts',(-24.033490415109,-24.2424774994975,89.8132905470294));
#3028=CARTESIAN_POINT('Ctrl Pts',(-24.7659706109756,-24.2424774994917,89.813290547035));
#3029=CARTESIAN_POINT('Ctrl Pts',(-25.5000000000001,-24.2424774994917,89.813290547035));
#3030=CARTESIAN_POINT('Ctrl Pts',(-23.3,-24.4596233347933,89.2091696936179));
#3031=CARTESIAN_POINT('Ctrl Pts',(-24.033490415109,-24.4596233347933,89.2091696936179));
#3032=CARTESIAN_POINT('Ctrl Pts',(-24.7659706109756,-24.459623334789,89.2091696936301));
#3033=CARTESIAN_POINT('Ctrl Pts',(-25.5000000000001,-24.459623334789,89.2091696936301));
#3034=CARTESIAN_POINT('Ctrl Pts',(-23.3,-24.5000000000013,88.5693740118627));
#3035=CARTESIAN_POINT('Ctrl Pts',(-24.033490415109,-24.5000000000013,88.5693740118627));
#3036=CARTESIAN_POINT('Ctrl Pts',(-24.7659706109756,-24.5,88.5693740118806));
#3037=CARTESIAN_POINT('Ctrl Pts',(-25.5000000000001,-24.5,88.5693740118806));
#3038=CARTESIAN_POINT('Ctrl Pts',(-23.3,-24.5,88.2999999999801));
#3039=CARTESIAN_POINT('Ctrl Pts',(-24.033490415109,-24.5,88.2999999999801));
#3040=CARTESIAN_POINT('Ctrl Pts',(-24.7659706109756,-24.5,88.3));
#3041=CARTESIAN_POINT('Ctrl Pts',(-25.5000000000001,-24.5,88.3));
#3042=CARTESIAN_POINT('',(-25.5,-24.5,88.3));
#3043=CARTESIAN_POINT('',(-25.5,-22.5,90.3));
#3044=CARTESIAN_POINT('Ctrl Pts',(-25.5000000000001,-24.5,88.3));
#3045=CARTESIAN_POINT('Ctrl Pts',(-25.5000000000001,-24.5,88.5693740118806));
#3046=CARTESIAN_POINT('Ctrl Pts',(-25.5000000000001,-24.459623334789,89.2091696936301));
#3047=CARTESIAN_POINT('Ctrl Pts',(-25.5000000000001,-24.2424774994917,89.813290547035));
#3048=CARTESIAN_POINT('Ctrl Pts',(-25.5000000000001,-23.7074574056684,90.2005939799944));
#3049=CARTESIAN_POINT('Ctrl Pts',(-25.5000000000001,-23.0387480237612,90.3));
#3050=CARTESIAN_POINT('Ctrl Pts',(-25.5000000000001,-22.5,90.3));
#3051=CARTESIAN_POINT('Ctrl Pts',(-25.5000000000001,-22.5,90.3));
#3052=CARTESIAN_POINT('Ctrl Pts',(-24.7659706109756,-22.5,90.3));
#3053=CARTESIAN_POINT('Ctrl Pts',(-24.033490415109,-22.5,90.3));
#3054=CARTESIAN_POINT('Ctrl Pts',(-23.3,-22.5,90.3));
#3055=CARTESIAN_POINT('Ctrl Pts',(-23.3,-24.5,88.2999999999801));
#3056=CARTESIAN_POINT('Ctrl Pts',(-24.033490415109,-24.5,88.2999999999801));
#3057=CARTESIAN_POINT('Ctrl Pts',(-24.7659706109756,-24.5,88.3));
#3058=CARTESIAN_POINT('Ctrl Pts',(-25.5000000000001,-24.5,88.3));
#3059=CARTESIAN_POINT('Ctrl Pts',(-25.5,-22.5,90.3));
#3060=CARTESIAN_POINT('Ctrl Pts',(-26.1735825033411,-22.5,90.3));
#3061=CARTESIAN_POINT('Ctrl Pts',(-27.7459426662564,-22.5,89.7507434087129));
#3062=CARTESIAN_POINT('Ctrl Pts',(-28.5000000000036,-22.5,88.1976825541253));
#3063=CARTESIAN_POINT('Ctrl Pts',(-28.5,-22.5,87.2999999999881));
#3064=CARTESIAN_POINT('Ctrl Pts',(-25.5,-23.0387480237612,90.3));
#3065=CARTESIAN_POINT('Ctrl Pts',(-26.1732456919524,-23.0387480237612,90.3));
#3066=CARTESIAN_POINT('Ctrl Pts',(-27.7453515284296,-23.0387480237615,89.7504974474197));
#3067=CARTESIAN_POINT('Ctrl Pts',(-28.5000000000036,-23.0387480237622,88.1972336860121));
#3068=CARTESIAN_POINT('Ctrl Pts',(-28.5,-23.0387480237622,87.2999999999881));
#3069=CARTESIAN_POINT('Ctrl Pts',(-25.5,-23.7074598688108,90.2005944795547));
#3070=CARTESIAN_POINT('Ctrl Pts',(-26.1511842410743,-23.7074598688108,90.2005944795547));
#3071=CARTESIAN_POINT('Ctrl Pts',(-27.671384332459,-23.7074598688119,89.6694799177477));
#3072=CARTESIAN_POINT('Ctrl Pts',(-28.4005944795574,-23.7074598688141,88.1678324182042));
#3073=CARTESIAN_POINT('Ctrl Pts',(-28.4005944795539,-23.7074598688141,87.2999999999884));
#3074=CARTESIAN_POINT('Ctrl Pts',(-25.5,-24.2424791253095,89.8132908462314));
#3075=CARTESIAN_POINT('Ctrl Pts',(-26.0642810467505,-24.2424791253095,89.8132908462314));
#3076=CARTESIAN_POINT('Ctrl Pts',(-27.3815306701351,-24.2424791253109,89.3531276901853));
#3077=CARTESIAN_POINT('Ctrl Pts',(-28.0132908462302,-24.2424791253139,88.0520166405447));
#3078=CARTESIAN_POINT('Ctrl Pts',(-28.0132908462272,-24.2424791253139,87.29999999999));
#3079=CARTESIAN_POINT('Ctrl Pts',(-25.5,-24.4596245082278,89.2091699432142));
#3080=CARTESIAN_POINT('Ctrl Pts',(-25.9284199577497,-24.4596245082278,89.2091699432142));
#3081=CARTESIAN_POINT('Ctrl Pts',(-26.928872082733,-24.4596245082288,88.8594524126362));
#3082=CARTESIAN_POINT('Ctrl Pts',(-27.4091699432073,-24.459624508231,87.8709547382893));
#3083=CARTESIAN_POINT('Ctrl Pts',(-27.4091699432051,-24.459624508231,87.2999999999924));
#3084=CARTESIAN_POINT('Ctrl Pts',(-25.5,-24.5,88.5693740118806));
#3085=CARTESIAN_POINT('Ctrl Pts',(-25.7853045032179,-24.5,88.5693740118806));
#3086=CARTESIAN_POINT('Ctrl Pts',(-26.4508317308101,-24.5000000000003,88.3371855192665));
#3087=CARTESIAN_POINT('Ctrl Pts',(-26.7693740118687,-24.500000000001,87.6802249522246));
#3088=CARTESIAN_POINT('Ctrl Pts',(-26.7693740118672,-24.500000000001,87.299999999995));
#3089=CARTESIAN_POINT('Ctrl Pts',(-25.5,-24.5,88.3));
#3090=CARTESIAN_POINT('Ctrl Pts',(-25.7245275011137,-24.5,88.3));
#3091=CARTESIAN_POINT('Ctrl Pts',(-26.2486475554139,-24.5,88.1169144695712));
#3092=CARTESIAN_POINT('Ctrl Pts',(-26.4999999999863,-24.5,87.5992275180418));
#3093=CARTESIAN_POINT('Ctrl Pts',(-26.4999999999851,-24.5,87.299999999996));
#3094=CARTESIAN_POINT('',(-26.4999999999851,-24.5,87.299999999996));
#3095=CARTESIAN_POINT('',(-28.5,-22.5,87.2999999999881));
#3096=CARTESIAN_POINT('Ctrl Pts',(-26.4999999999851,-24.5,87.299999999996));
#3097=CARTESIAN_POINT('Ctrl Pts',(-26.7693740118672,-24.500000000001,87.299999999995));
#3098=CARTESIAN_POINT('Ctrl Pts',(-27.4091699432051,-24.459624508231,87.2999999999924));
#3099=CARTESIAN_POINT('Ctrl Pts',(-28.0132908462272,-24.2424791253139,87.29999999999));
#3100=CARTESIAN_POINT('Ctrl Pts',(-28.4005944795539,-23.7074598688141,87.2999999999884));
#3101=CARTESIAN_POINT('Ctrl Pts',(-28.5,-23.0387480237622,87.2999999999881));
#3102=CARTESIAN_POINT('Ctrl Pts',(-28.5,-22.5,87.2999999999881));
#3103=CARTESIAN_POINT('Ctrl Pts',(-28.5,-22.5,87.2999999999881));
#3104=CARTESIAN_POINT('Ctrl Pts',(-28.5000000000036,-22.5,88.1976825541253));
#3105=CARTESIAN_POINT('Ctrl Pts',(-27.7459426662564,-22.5,89.7507434087129));
#3106=CARTESIAN_POINT('Ctrl Pts',(-26.1735825033411,-22.5,90.3));
#3107=CARTESIAN_POINT('Ctrl Pts',(-25.5,-22.5,90.3));
#3108=CARTESIAN_POINT('Ctrl Pts',(-25.5,-24.5,88.3));
#3109=CARTESIAN_POINT('Ctrl Pts',(-25.7245275011137,-24.5,88.3));
#3110=CARTESIAN_POINT('Ctrl Pts',(-26.2486475554139,-24.5,88.1169144695712));
#3111=CARTESIAN_POINT('Ctrl Pts',(-26.4999999999863,-24.5,87.5992275180418));
#3112=CARTESIAN_POINT('Ctrl Pts',(-26.4999999999851,-24.5,87.299999999996));
#3113=CARTESIAN_POINT('Ctrl Pts',(-28.5,-22.5,87.299999999993));
#3114=CARTESIAN_POINT('Ctrl Pts',(-28.5,-22.5,69.9178897490559));
#3115=CARTESIAN_POINT('Ctrl Pts',(-28.5,-22.5,52.5649772241259));
#3116=CARTESIAN_POINT('Ctrl Pts',(-28.5,-22.5,35.1828669490298));
#3117=CARTESIAN_POINT('Ctrl Pts',(-28.5,-23.0387480237612,87.299999999993));
#3118=CARTESIAN_POINT('Ctrl Pts',(-28.5,-23.0387480237612,69.9178897490559));
#3119=CARTESIAN_POINT('Ctrl Pts',(-28.5,-23.0387480237612,52.5649772241259));
#3120=CARTESIAN_POINT('Ctrl Pts',(-28.5,-23.0387480237612,35.1828669490298));
#3121=CARTESIAN_POINT('Ctrl Pts',(-28.4005939799944,-23.7074574056684,87.299999999993));
#3122=CARTESIAN_POINT('Ctrl Pts',(-28.4005939799944,-23.7074574056684,69.9178897490559));
#3123=CARTESIAN_POINT('Ctrl Pts',(-28.4005939799944,-23.7074574056684,52.5649772241259));
#3124=CARTESIAN_POINT('Ctrl Pts',(-28.4005939799944,-23.7074574056684,35.1828669490298));
#3125=CARTESIAN_POINT('Ctrl Pts',(-28.013290547035,-24.2424774994917,87.299999999993));
#3126=CARTESIAN_POINT('Ctrl Pts',(-28.013290547035,-24.2424774994917,69.9178897490559));
#3127=CARTESIAN_POINT('Ctrl Pts',(-28.013290547035,-24.2424774994917,52.5649772241258));
#3128=CARTESIAN_POINT('Ctrl Pts',(-28.013290547035,-24.2424774994917,35.1828669490298));
#3129=CARTESIAN_POINT('Ctrl Pts',(-27.4091696936301,-24.459623334789,87.2999999999929));
#3130=CARTESIAN_POINT('Ctrl Pts',(-27.4091696936301,-24.459623334789,69.9178897490559));
#3131=CARTESIAN_POINT('Ctrl Pts',(-27.4091696936301,-24.459623334789,52.5649772241259));
#3132=CARTESIAN_POINT('Ctrl Pts',(-27.4091696936301,-24.459623334789,35.1828669490298));
#3133=CARTESIAN_POINT('Ctrl Pts',(-26.7693740118806,-24.5,87.299999999993));
#3134=CARTESIAN_POINT('Ctrl Pts',(-26.7693740118806,-24.5,69.9178897490559));
#3135=CARTESIAN_POINT('Ctrl Pts',(-26.7693740118806,-24.5,52.5649772241259));
#3136=CARTESIAN_POINT('Ctrl Pts',(-26.7693740118806,-24.5,35.1828669490298));
#3137=CARTESIAN_POINT('Ctrl Pts',(-26.5,-24.5,87.299999999993));
#3138=CARTESIAN_POINT('Ctrl Pts',(-26.5,-24.5,69.9178897490559));
#3139=CARTESIAN_POINT('Ctrl Pts',(-26.5,-24.5,52.5649772241259));
#3140=CARTESIAN_POINT('Ctrl Pts',(-26.5,-24.5,35.1828669490298));
#3141=CARTESIAN_POINT('',(-26.5,-24.5,35.1828669490298));
#3142=CARTESIAN_POINT('',(-28.5,-22.5,35.1828669490298));
#3143=CARTESIAN_POINT('Ctrl Pts',(-26.5,-24.5,35.1828669490298));
#3144=CARTESIAN_POINT('Ctrl Pts',(-26.7693740118806,-24.5,35.1828669490298));
#3145=CARTESIAN_POINT('Ctrl Pts',(-27.4091696936301,-24.459623334789,35.1828669490298));
#3146=CARTESIAN_POINT('Ctrl Pts',(-28.013290547035,-24.2424774994917,35.1828669490298));
#3147=CARTESIAN_POINT('Ctrl Pts',(-28.4005939799944,-23.7074574056684,35.1828669490298));
#3148=CARTESIAN_POINT('Ctrl Pts',(-28.5,-23.0387480237612,35.1828669490298));
#3149=CARTESIAN_POINT('Ctrl Pts',(-28.5,-22.5,35.1828669490298));
#3150=CARTESIAN_POINT('Ctrl Pts',(-28.5,-22.5,35.1828669490298));
#3151=CARTESIAN_POINT('Ctrl Pts',(-28.5,-22.5,52.5649772241259));
#3152=CARTESIAN_POINT('Ctrl Pts',(-28.5,-22.5,69.9178897490559));
#3153=CARTESIAN_POINT('Ctrl Pts',(-28.5,-22.5,87.299999999993));
#3154=CARTESIAN_POINT('Ctrl Pts',(-26.5,-24.5,87.299999999993));
#3155=CARTESIAN_POINT('Ctrl Pts',(-26.5,-24.5,69.9178897490559));
#3156=CARTESIAN_POINT('Ctrl Pts',(-26.5,-24.5,52.5649772241259));
#3157=CARTESIAN_POINT('Ctrl Pts',(-26.5,-24.5,35.1828669490298));
#3158=CARTESIAN_POINT('Ctrl Pts',(-28.5,-22.5,35.1828669490298));
#3159=CARTESIAN_POINT('Ctrl Pts',(-28.5,-22.5,34.5096229073265));
#3160=CARTESIAN_POINT('Ctrl Pts',(-27.9510574668232,-22.5,32.9370696402283));
#3161=CARTESIAN_POINT('Ctrl Pts',(-26.3975744045734,-22.5,32.1828669490298));
#3162=CARTESIAN_POINT('Ctrl Pts',(-25.5,-22.5,32.1828669490298));
#3163=CARTESIAN_POINT('Ctrl Pts',(-28.5,-23.0387480237612,35.1828669490298));
#3164=CARTESIAN_POINT('Ctrl Pts',(-28.5,-23.0387480237612,34.5099595494744));
#3165=CARTESIAN_POINT('Ctrl Pts',(-27.9508139646121,-23.0387480237612,32.9376565324119));
#3166=CARTESIAN_POINT('Ctrl Pts',(-26.3971255905377,-23.0387480237612,32.1828669490298));
#3167=CARTESIAN_POINT('Ctrl Pts',(-25.5,-23.0387480237612,32.1828669490298));
#3168=CARTESIAN_POINT('Ctrl Pts',(-28.400557175476,-23.7072760826992,35.1828669490298));
#3169=CARTESIAN_POINT('Ctrl Pts',(-28.400557175476,-23.7072760826992,34.5320099149178));
#3170=CARTESIAN_POINT('Ctrl Pts',(-27.8697597234363,-23.7072760826991,33.0116354929154));
#3171=CARTESIAN_POINT('Ctrl Pts',(-26.3677278648877,-23.7072760826992,32.2823097735539));
#3172=CARTESIAN_POINT('Ctrl Pts',(-25.5,-23.7072760826992,32.2823097735539));
#3173=CARTESIAN_POINT('Ctrl Pts',(-28.0132690936003,-24.2423604694913,35.1828669490298));
#3174=CARTESIAN_POINT('Ctrl Pts',(-28.0132690936003,-24.2423604694913,34.6188694421373));
#3175=CARTESIAN_POINT('Ctrl Pts',(-27.5533767149758,-24.2423604694912,33.301465551987));
#3176=CARTESIAN_POINT('Ctrl Pts',(-26.2519260402947,-24.2423604694913,32.6695978554295));
#3177=CARTESIAN_POINT('Ctrl Pts',(-25.5,-24.2423604694913,32.6695978554295));
#3178=CARTESIAN_POINT('Ctrl Pts',(-27.4091515629509,-24.459538402163,35.1828669490298));
#3179=CARTESIAN_POINT('Ctrl Pts',(-27.4091515629509,-24.459538402163,34.7546622636779));
#3180=CARTESIAN_POINT('Ctrl Pts',(-27.0596420036306,-24.4595384021629,33.7540908983038));
#3181=CARTESIAN_POINT('Ctrl Pts',(-26.070885951724,-24.459538402163,33.2737153860789));
#3182=CARTESIAN_POINT('Ctrl Pts',(-25.5,-24.459538402163,33.2737153860789));
#3183=CARTESIAN_POINT('Ctrl Pts',(-26.7693740118806,-24.5,35.1828669490298));
#3184=CARTESIAN_POINT('Ctrl Pts',(-26.7693740118806,-24.5,34.897705805577));
#3185=CARTESIAN_POINT('Ctrl Pts',(-26.5373162502505,-24.5,34.2321004427521));
#3186=CARTESIAN_POINT('Ctrl Pts',(-25.8801791440955,-24.5,33.9134929371492));
#3187=CARTESIAN_POINT('Ctrl Pts',(-25.5,-24.5,33.9134929371492));
#3188=CARTESIAN_POINT('Ctrl Pts',(-26.5,-24.5,35.1828669490298));
#3189=CARTESIAN_POINT('Ctrl Pts',(-26.5,-24.5,34.958452268462));
#3190=CARTESIAN_POINT('Ctrl Pts',(-26.317019155608,-24.5,34.4342678460958));
#3191=CARTESIAN_POINT('Ctrl Pts',(-25.7991914681911,-24.5,34.1828669490298));
#3192=CARTESIAN_POINT('Ctrl Pts',(-25.5,-24.5,34.1828669490298));
#3193=CARTESIAN_POINT('',(-25.5,-24.5,34.1828669490298));
#3194=CARTESIAN_POINT('',(-25.5,-22.5,32.1828669490298));
#3195=CARTESIAN_POINT('Ctrl Pts',(-25.5,-24.5,34.1828669490298));
#3196=CARTESIAN_POINT('Ctrl Pts',(-25.5,-24.5,33.9134929371492));
#3197=CARTESIAN_POINT('Ctrl Pts',(-25.5,-24.459538402163,33.2737153860789));
#3198=CARTESIAN_POINT('Ctrl Pts',(-25.5,-24.2423604694913,32.6695978554295));
#3199=CARTESIAN_POINT('Ctrl Pts',(-25.5,-23.7072760826992,32.2823097735539));
#3200=CARTESIAN_POINT('Ctrl Pts',(-25.5,-23.0387480237612,32.1828669490298));
#3201=CARTESIAN_POINT('Ctrl Pts',(-25.5,-22.5,32.1828669490298));
#3202=CARTESIAN_POINT('Ctrl Pts',(-25.5,-22.5,32.1828669490298));
#3203=CARTESIAN_POINT('Ctrl Pts',(-26.3975744045734,-22.5,32.1828669490298));
#3204=CARTESIAN_POINT('Ctrl Pts',(-27.9510574668232,-22.5,32.9370696402283));
#3205=CARTESIAN_POINT('Ctrl Pts',(-28.5,-22.5,34.5096229073265));
#3206=CARTESIAN_POINT('Ctrl Pts',(-28.5,-22.5,35.1828669490298));
#3207=CARTESIAN_POINT('Ctrl Pts',(-26.5,-24.5,35.1828669490298));
#3208=CARTESIAN_POINT('Ctrl Pts',(-26.5,-24.5,34.958452268462));
#3209=CARTESIAN_POINT('Ctrl Pts',(-26.317019155608,-24.5,34.4342678460958));
#3210=CARTESIAN_POINT('Ctrl Pts',(-25.7991914681911,-24.5,34.1828669490298));
#3211=CARTESIAN_POINT('Ctrl Pts',(-25.5,-24.5,34.1828669490298));
#3212=CARTESIAN_POINT('Ctrl Pts',(-25.5,-22.5,32.1828669490298));
#3213=CARTESIAN_POINT('Ctrl Pts',(-25.3332763441868,-22.5,32.1828669490298));
#3214=CARTESIAN_POINT('Ctrl Pts',(-25.166647640073,-22.5,32.1828669490298));
#3215=CARTESIAN_POINT('Ctrl Pts',(-24.9999998104086,-22.5,32.1828669490298));
#3216=CARTESIAN_POINT('Ctrl Pts',(-25.5,-23.0387480237612,32.1828669490298));
#3217=CARTESIAN_POINT('Ctrl Pts',(-25.3332763441868,-23.0387480237612,32.1828669490298));
#3218=CARTESIAN_POINT('Ctrl Pts',(-25.166647640073,-23.0387480237612,32.1828669490298));
#3219=CARTESIAN_POINT('Ctrl Pts',(-24.9999998104086,-23.0387480237612,32.1828669490298));
#3220=CARTESIAN_POINT('Ctrl Pts',(-25.5,-23.707258542809,32.2823133369331));
#3221=CARTESIAN_POINT('Ctrl Pts',(-25.3332763441868,-23.707258542809,32.2823133369331));
#3222=CARTESIAN_POINT('Ctrl Pts',(-25.166647640073,-23.707258542809,32.2823133369331));
#3223=CARTESIAN_POINT('Ctrl Pts',(-24.9999998104086,-23.707258542809,32.2823133369331));
#3224=CARTESIAN_POINT('Ctrl Pts',(-25.5,-24.2423494304095,32.6695998699626));
#3225=CARTESIAN_POINT('Ctrl Pts',(-25.3332763441868,-24.2423494304095,32.6695998699626));
#3226=CARTESIAN_POINT('Ctrl Pts',(-25.1666476400729,-24.2423494304095,32.6695998699625));
#3227=CARTESIAN_POINT('Ctrl Pts',(-24.9999998104086,-24.2423494304095,32.6695998699625));
#3228=CARTESIAN_POINT('Ctrl Pts',(-25.5,-24.4595303392611,33.2737171144385));
#3229=CARTESIAN_POINT('Ctrl Pts',(-25.3332763441868,-24.4595303392611,33.2737171144385));
#3230=CARTESIAN_POINT('Ctrl Pts',(-25.1666476400729,-24.4595303392611,33.2737171144385));
#3231=CARTESIAN_POINT('Ctrl Pts',(-24.9999998104086,-24.4595303392611,33.2737171144385));
#3232=CARTESIAN_POINT('Ctrl Pts',(-25.5,-24.5,33.9134929371492));
#3233=CARTESIAN_POINT('Ctrl Pts',(-25.3332763441868,-24.5,33.9134929371492));
#3234=CARTESIAN_POINT('Ctrl Pts',(-25.166647640073,-24.5,33.9134929371492));
#3235=CARTESIAN_POINT('Ctrl Pts',(-24.9999998104086,-24.5,33.9134929371492));
#3236=CARTESIAN_POINT('Ctrl Pts',(-25.5,-24.5,34.1828669490298));
#3237=CARTESIAN_POINT('Ctrl Pts',(-25.3332763441868,-24.5,34.1828669490298));
#3238=CARTESIAN_POINT('Ctrl Pts',(-25.166647640073,-24.5,34.1828669490298));
#3239=CARTESIAN_POINT('Ctrl Pts',(-24.9999998104086,-24.5,34.1828669490298));
#3240=CARTESIAN_POINT('',(-25.,-24.5,34.1828669490298));
#3241=CARTESIAN_POINT('',(-25.,-22.5,32.1828669490298));
#3242=CARTESIAN_POINT('Ctrl Pts',(-24.9999998104086,-24.5,34.1828669490298));
#3243=CARTESIAN_POINT('Ctrl Pts',(-24.9999998104086,-24.5,33.9134929371492));
#3244=CARTESIAN_POINT('Ctrl Pts',(-24.9999998104086,-24.4595303392611,33.2737171144385));
#3245=CARTESIAN_POINT('Ctrl Pts',(-24.9999998104086,-24.2423494304095,32.6695998699625));
#3246=CARTESIAN_POINT('Ctrl Pts',(-24.9999998104086,-23.707258542809,32.2823133369331));
#3247=CARTESIAN_POINT('Ctrl Pts',(-24.9999998104086,-23.0387480237612,32.1828669490298));
#3248=CARTESIAN_POINT('Ctrl Pts',(-24.9999998104086,-22.5,32.1828669490298));
#3249=CARTESIAN_POINT('Ctrl Pts',(-25.0000001895913,-22.5,32.1828669490298));
#3250=CARTESIAN_POINT('Ctrl Pts',(-25.1666478928324,-22.5,32.1828669490298));
#3251=CARTESIAN_POINT('Ctrl Pts',(-25.3332764706386,-22.5,32.1828669490298));
#3252=CARTESIAN_POINT('Ctrl Pts',(-25.5,-22.5,32.1828669490298));
#3253=CARTESIAN_POINT('Ctrl Pts',(-25.5,-24.5,34.1828669490298));
#3254=CARTESIAN_POINT('Ctrl Pts',(-25.3332764706386,-24.5,34.1828669490298));
#3255=CARTESIAN_POINT('Ctrl Pts',(-25.1666478928324,-24.5,34.1828669490298));
#3256=CARTESIAN_POINT('Ctrl Pts',(-25.0000001895913,-24.5,34.1828669490298));
#3257=CARTESIAN_POINT('Ctrl Pts',(-25.,-22.5,32.1828669490298));
#3258=CARTESIAN_POINT('Ctrl Pts',(-24.253817179305,-22.5,32.1828669490298));
#3259=CARTESIAN_POINT('Ctrl Pts',(-22.7596825032026,-22.5,31.8429337631685));
#3260=CARTESIAN_POINT('Ctrl Pts',(-20.9568992150223,-22.5,30.4082617601452));
#3261=CARTESIAN_POINT('Ctrl Pts',(-19.9591676481721,-22.5,28.3338561224829));
#3262=CARTESIAN_POINT('Ctrl Pts',(-19.9579724503619,-22.5,26.0314823024857));
#3263=CARTESIAN_POINT('Ctrl Pts',(-20.9573468077899,-22.5,23.9576658807353));
#3264=CARTESIAN_POINT('Ctrl Pts',(-22.7595712715005,-22.5,22.5228590663628));
#3265=CARTESIAN_POINT('Ctrl Pts',(-24.2538171791757,-22.5,22.1828669490298));
#3266=CARTESIAN_POINT('Ctrl Pts',(-25.,-22.5,22.1828669490298));
#3267=CARTESIAN_POINT('Ctrl Pts',(-25.,-23.0387480237612,32.1828669490298));
#3268=CARTESIAN_POINT('Ctrl Pts',(-24.2535933110743,-23.0387480237612,32.1828669490298));
#3269=CARTESIAN_POINT('Ctrl Pts',(-22.759572416519,-23.0387480237612,31.8432448909198));
#3270=CARTESIAN_POINT('Ctrl Pts',(-20.9563866172379,-23.0387480237612,30.4084976447334));
#3271=CARTESIAN_POINT('Ctrl Pts',(-19.9586839676058,-23.0387480237612,28.3339551509043));
#3272=CARTESIAN_POINT('Ctrl Pts',(-19.9573776379833,-23.0387480237612,26.0313210881341));
#3273=CARTESIAN_POINT('Ctrl Pts',(-20.956842578138,-23.0387480237612,23.957528276826));
#3274=CARTESIAN_POINT('Ctrl Pts',(-22.7594705115705,-23.0387480237612,22.5224611230395));
#3275=CARTESIAN_POINT('Ctrl Pts',(-24.253593310945,-23.0387480237612,22.1828669490298));
#3276=CARTESIAN_POINT('Ctrl Pts',(-25.,-23.0387480237612,22.1828669490298));
#3277=CARTESIAN_POINT('Ctrl Pts',(-25.,-23.7072556687071,32.2823139208862));
#3278=CARTESIAN_POINT('Ctrl Pts',(-24.2389297392952,-23.7072556687071,32.2823139208862));
#3279=CARTESIAN_POINT('Ctrl Pts',(-22.7151011693951,-23.7072556687071,31.9356840383815));
#3280=CARTESIAN_POINT('Ctrl Pts',(-20.8763783387758,-23.7072556687071,30.4724617112008));
#3281=CARTESIAN_POINT('Ctrl Pts',(-19.8588084779368,-23.7072556687072,28.3567690878475));
#3282=CARTESIAN_POINT('Ctrl Pts',(-19.8575665165448,-23.7072556687071,26.0085486058877));
#3283=CARTESIAN_POINT('Ctrl Pts',(-20.8768365651574,-23.7072556687071,23.893490116185));
#3284=CARTESIAN_POINT('Ctrl Pts',(-22.7149896549538,-23.7072556687071,22.4300920021744));
#3285=CARTESIAN_POINT('Ctrl Pts',(-24.2389297391633,-23.7072556687071,22.0834199771734));
#3286=CARTESIAN_POINT('Ctrl Pts',(-25.,-23.7072556687071,22.0834199771734));
#3287=CARTESIAN_POINT('Ctrl Pts',(-25.,-24.2423476263357,32.6696001990297));
#3288=CARTESIAN_POINT('Ctrl Pts',(-24.1811678434505,-24.2423476263357,32.6696001990297));
#3289=CARTESIAN_POINT('Ctrl Pts',(-22.5415897212305,-24.2423476263358,32.2965908576841));
#3290=CARTESIAN_POINT('Ctrl Pts',(-20.56329185299,-24.2423476263358,30.7222546650138));
#3291=CARTESIAN_POINT('Ctrl Pts',(-19.4684358733734,-24.2423476263358,28.445905901132));
#3292=CARTESIAN_POINT('Ctrl Pts',(-19.4671188972739,-24.2423476263358,25.9193909875152));
#3293=CARTESIAN_POINT('Ctrl Pts',(-20.5637834262725,-24.2423476263357,23.6436966379745));
#3294=CARTESIAN_POINT('Ctrl Pts',(-22.5414681171905,-24.2423476263357,22.0692034669088));
#3295=CARTESIAN_POINT('Ctrl Pts',(-24.1811678433087,-24.2423476263357,21.6961336990299));
#3296=CARTESIAN_POINT('Ctrl Pts',(-25.,-24.2423476263357,21.6961336990299));
#3297=CARTESIAN_POINT('Ctrl Pts',(-25.,-24.4595290206571,33.2737173972189));
#3298=CARTESIAN_POINT('Ctrl Pts',(-24.0908651321029,-24.4595290206571,33.2737173972189));
#3299=CARTESIAN_POINT('Ctrl Pts',(-22.2708348948243,-24.4595290206571,32.8598395345522));
#3300=CARTESIAN_POINT('Ctrl Pts',(-20.0744554386227,-24.4595290206571,31.1121121513897));
#3301=CARTESIAN_POINT('Ctrl Pts',(-18.8590690016343,-24.4595290206571,28.5850371041424));
#3302=CARTESIAN_POINT('Ctrl Pts',(-18.857534973891,-24.4595290206571,25.7801713528959));
#3303=CARTESIAN_POINT('Ctrl Pts',(-20.0750065616154,-24.4595290206571,23.2539268035825));
#3304=CARTESIAN_POINT('Ctrl Pts',(-22.2707059480234,-24.4595290206571,21.5059051614514));
#3305=CARTESIAN_POINT('Ctrl Pts',(-24.0908651319454,-24.4595290206571,21.0920165008407));
#3306=CARTESIAN_POINT('Ctrl Pts',(-25.,-24.4595290206571,21.0920165008407));
#3307=CARTESIAN_POINT('Ctrl Pts',(-25.,-24.5,33.9134929371492));
#3308=CARTESIAN_POINT('Ctrl Pts',(-23.995740665819,-24.5,33.9134929371492));
#3309=CARTESIAN_POINT('Ctrl Pts',(-21.9843486294809,-24.5,33.4556276868883));
#3310=CARTESIAN_POINT('Ctrl Pts',(-19.5579293166177,-24.5,31.5244454845276));
#3311=CARTESIAN_POINT('Ctrl Pts',(-18.2148323755292,-24.5,28.7321557047258));
#3312=CARTESIAN_POINT('Ctrl Pts',(-18.2133208680243,-24.5,25.6331003269774));
#3313=CARTESIAN_POINT('Ctrl Pts',(-19.5585245000097,-24.5,22.841463097947));
#3314=CARTESIAN_POINT('Ctrl Pts',(-21.9841907251889,-24.5,20.9102616117782));
#3315=CARTESIAN_POINT('Ctrl Pts',(-23.995740665645,-24.5,20.4522409609104));
#3316=CARTESIAN_POINT('Ctrl Pts',(-25.,-24.5,20.4522409609104));
#3317=CARTESIAN_POINT('Ctrl Pts',(-25.,-24.5,34.1828669490298));
#3318=CARTESIAN_POINT('Ctrl Pts',(-23.955344051027,-24.5,34.1828669490298));
#3319=CARTESIAN_POINT('Ctrl Pts',(-21.8635555044835,-24.5,33.7069604888242));
#3320=CARTESIAN_POINT('Ctrl Pts',(-19.339658901031,-24.5,31.6984196845915));
#3321=CARTESIAN_POINT('Ctrl Pts',(-17.9428347074406,-24.5,28.7942517918642));
#3322=CARTESIAN_POINT('Ctrl Pts',(-17.9411614305065,-24.5,25.5709284438681));
#3323=CARTESIAN_POINT('Ctrl Pts',(-19.3402855309057,-24.5,22.6675854534174));
#3324=CARTESIAN_POINT('Ctrl Pts',(-21.8633997801006,-24.5,20.658855913296));
#3325=CARTESIAN_POINT('Ctrl Pts',(-23.955344050846,-24.5,20.1828669490298));
#3326=CARTESIAN_POINT('Ctrl Pts',(-25.,-24.5,20.1828669490298));
#3327=CARTESIAN_POINT('',(-25.,-24.5,20.1828669490298));
#3328=CARTESIAN_POINT('',(-25.,-22.5,22.1828669490298));
#3329=CARTESIAN_POINT('Ctrl Pts',(-25.,-24.5,20.1828669490298));
#3330=CARTESIAN_POINT('Ctrl Pts',(-25.,-24.5,20.4522409609104));
#3331=CARTESIAN_POINT('Ctrl Pts',(-25.,-24.4595290206571,21.0920165008407));
#3332=CARTESIAN_POINT('Ctrl Pts',(-25.,-24.2423476263357,21.6961336990299));
#3333=CARTESIAN_POINT('Ctrl Pts',(-25.,-23.7072556687071,22.0834199771734));
#3334=CARTESIAN_POINT('Ctrl Pts',(-25.,-23.0387480237612,22.1828669490298));
#3335=CARTESIAN_POINT('Ctrl Pts',(-25.,-22.5,22.1828669490298));
#3336=CARTESIAN_POINT('Ctrl Pts',(-25.,-22.5,22.1828669490298));
#3337=CARTESIAN_POINT('Ctrl Pts',(-24.2538171791757,-22.5,22.1828669490298));
#3338=CARTESIAN_POINT('Ctrl Pts',(-22.7595712715005,-22.5,22.5228590663628));
#3339=CARTESIAN_POINT('Ctrl Pts',(-20.9573468077899,-22.5,23.9576658807353));
#3340=CARTESIAN_POINT('Ctrl Pts',(-19.9579724503619,-22.5,26.0314823024857));
#3341=CARTESIAN_POINT('Ctrl Pts',(-19.9591676481721,-22.5,28.3338561224829));
#3342=CARTESIAN_POINT('Ctrl Pts',(-20.9568992150223,-22.5,30.4082617601452));
#3343=CARTESIAN_POINT('Ctrl Pts',(-22.7596825032026,-22.5,31.8429337631685));
#3344=CARTESIAN_POINT('Ctrl Pts',(-24.253817179305,-22.5,32.1828669490298));
#3345=CARTESIAN_POINT('Ctrl Pts',(-25.,-22.5,32.1828669490298));
#3346=CARTESIAN_POINT('Ctrl Pts',(-25.,-24.5,34.1828669490298));
#3347=CARTESIAN_POINT('Ctrl Pts',(-23.955344051027,-24.5,34.1828669490298));
#3348=CARTESIAN_POINT('Ctrl Pts',(-21.8635555044835,-24.5,33.7069604888242));
#3349=CARTESIAN_POINT('Ctrl Pts',(-19.339658901031,-24.5,31.6984196845915));
#3350=CARTESIAN_POINT('Ctrl Pts',(-17.9428347074406,-24.5,28.7942517918642));
#3351=CARTESIAN_POINT('Ctrl Pts',(-17.9411614305065,-24.5,25.5709284438681));
#3352=CARTESIAN_POINT('Ctrl Pts',(-19.3402855309057,-24.5,22.6675854534174));
#3353=CARTESIAN_POINT('Ctrl Pts',(-21.8633997801006,-24.5,20.658855913296));
#3354=CARTESIAN_POINT('Ctrl Pts',(-23.955344050846,-24.5,20.1828669490298));
#3355=CARTESIAN_POINT('Ctrl Pts',(-25.,-24.5,20.1828669490298));
#3356=CARTESIAN_POINT('Ctrl Pts',(-25.,-22.5,22.1828669490298));
#3357=CARTESIAN_POINT('Ctrl Pts',(-25.1666478470333,-22.5,22.1828669490298));
#3358=CARTESIAN_POINT('Ctrl Pts',(-25.333276507064,-22.5,22.1828669490298));
#3359=CARTESIAN_POINT('Ctrl Pts',(-25.5000002374483,-22.5,22.1828669490298));
#3360=CARTESIAN_POINT('Ctrl Pts',(-25.,-23.0387480237612,22.1828669490298));
#3361=CARTESIAN_POINT('Ctrl Pts',(-25.1666478470333,-23.0387480237612,22.1828669490298));
#3362=CARTESIAN_POINT('Ctrl Pts',(-25.333276507064,-23.0387480237612,22.1828669490298));
#3363=CARTESIAN_POINT('Ctrl Pts',(-25.5000002374483,-23.0387480237612,22.1828669490298));
#3364=CARTESIAN_POINT('Ctrl Pts',(-25.,-23.7071735560175,22.0834032871504));
#3365=CARTESIAN_POINT('Ctrl Pts',(-25.1666478470333,-23.7071735560175,22.0834032871504));
#3366=CARTESIAN_POINT('Ctrl Pts',(-25.333276507064,-23.7071735560175,22.0834032871504));
#3367=CARTESIAN_POINT('Ctrl Pts',(-25.5000002374484,-23.7071735560175,22.0834032871504));
#3368=CARTESIAN_POINT('Ctrl Pts',(-25.,-24.2422966589248,21.6961244217423));
#3369=CARTESIAN_POINT('Ctrl Pts',(-25.1666478470333,-24.2422966589248,21.6961244217423));
#3370=CARTESIAN_POINT('Ctrl Pts',(-25.333276507064,-24.2422966589248,21.6961244217423));
#3371=CARTESIAN_POINT('Ctrl Pts',(-25.5000002374484,-24.2422966589248,21.6961244217423));
#3372=CARTESIAN_POINT('Ctrl Pts',(-25.,-24.4594916574474,21.0920084730787));
#3373=CARTESIAN_POINT('Ctrl Pts',(-25.1666478470333,-24.4594916574474,21.0920084730787));
#3374=CARTESIAN_POINT('Ctrl Pts',(-25.333276507064,-24.4594916574474,21.0920084730787));
#3375=CARTESIAN_POINT('Ctrl Pts',(-25.5000002374484,-24.4594916574474,21.0920084730787));
#3376=CARTESIAN_POINT('Ctrl Pts',(-25.,-24.5,20.4522409609104));
#3377=CARTESIAN_POINT('Ctrl Pts',(-25.1666478470333,-24.5,20.4522409609104));
#3378=CARTESIAN_POINT('Ctrl Pts',(-25.333276507064,-24.5,20.4522409609104));
#3379=CARTESIAN_POINT('Ctrl Pts',(-25.5000002374484,-24.5,20.4522409609104));
#3380=CARTESIAN_POINT('Ctrl Pts',(-25.,-24.5,20.1828669490298));
#3381=CARTESIAN_POINT('Ctrl Pts',(-25.1666478470333,-24.5,20.1828669490298));
#3382=CARTESIAN_POINT('Ctrl Pts',(-25.333276507064,-24.5,20.1828669490298));
#3383=CARTESIAN_POINT('Ctrl Pts',(-25.5000002374484,-24.5,20.1828669490298));
#3384=CARTESIAN_POINT('',(-25.5,-24.5,20.1828669490298));
#3385=CARTESIAN_POINT('',(-25.5,-22.5,22.1828669490298));
#3386=CARTESIAN_POINT('Ctrl Pts',(-25.5000002374484,-24.5,20.1828669490298));
#3387=CARTESIAN_POINT('Ctrl Pts',(-25.5000002374484,-24.5,20.4522409609104));
#3388=CARTESIAN_POINT('Ctrl Pts',(-25.5000002374484,-24.4594916574474,21.0920084730787));
#3389=CARTESIAN_POINT('Ctrl Pts',(-25.5000002374484,-24.2422966589248,21.6961244217423));
#3390=CARTESIAN_POINT('Ctrl Pts',(-25.5000002374484,-23.7071735560175,22.0834032871504));
#3391=CARTESIAN_POINT('Ctrl Pts',(-25.5000002374483,-23.0387480237612,22.1828669490298));
#3392=CARTESIAN_POINT('Ctrl Pts',(-25.5000002374483,-22.5,22.1828669490298));
#3393=CARTESIAN_POINT('Ctrl Pts',(-25.4999997625517,-22.5,22.1828669490298));
#3394=CARTESIAN_POINT('Ctrl Pts',(-25.3332761906468,-22.5,22.1828669490298));
#3395=CARTESIAN_POINT('Ctrl Pts',(-25.1666476888065,-22.5,22.1828669490298));
#3396=CARTESIAN_POINT('Ctrl Pts',(-25.,-22.5,22.1828669490298));
#3397=CARTESIAN_POINT('Ctrl Pts',(-25.,-24.5,20.1828669490298));
#3398=CARTESIAN_POINT('Ctrl Pts',(-25.1666476888065,-24.5,20.1828669490298));
#3399=CARTESIAN_POINT('Ctrl Pts',(-25.3332761906468,-24.5,20.1828669490298));
#3400=CARTESIAN_POINT('Ctrl Pts',(-25.4999997625517,-24.5,20.1828669490298));
#3401=CARTESIAN_POINT('Ctrl Pts',(-25.5,-22.5,22.1828669490298));
#3402=CARTESIAN_POINT('Ctrl Pts',(-26.1731836777223,-22.5,22.1828669490298));
#3403=CARTESIAN_POINT('Ctrl Pts',(-27.7461851939577,-22.5,21.633538014414));
#3404=CARTESIAN_POINT('Ctrl Pts',(-28.5000000000083,-22.5,20.0806844257363));
#3405=CARTESIAN_POINT('Ctrl Pts',(-28.5,-22.5,19.1828669490022));
#3406=CARTESIAN_POINT('Ctrl Pts',(-25.5,-23.0387480237612,22.1828669490298));
#3407=CARTESIAN_POINT('Ctrl Pts',(-26.1728470657583,-23.0387480237612,22.1828669490298));
#3408=CARTESIAN_POINT('Ctrl Pts',(-27.7456003615907,-23.0387480237597,21.633296114688));
#3409=CARTESIAN_POINT('Ctrl Pts',(-28.5000000000082,-23.0387480237569,20.0802354901547));
#3410=CARTESIAN_POINT('Ctrl Pts',(-28.5,-23.0387480237569,19.1828669490022));
#3411=CARTESIAN_POINT('Ctrl Pts',(-25.5,-23.7071818589844,22.0834049753725));
#3412=CARTESIAN_POINT('Ctrl Pts',(-26.1507986773808,-23.7071818589844,22.0834049753725));
#3413=CARTESIAN_POINT('Ctrl Pts',(-27.671600043724,-23.7071818589797,21.5522408604645));
#3414=CARTESIAN_POINT('Ctrl Pts',(-28.4005380263541,-23.7071818589708,20.0508298033038));
#3415=CARTESIAN_POINT('Ctrl Pts',(-28.4005380263461,-23.7071818589708,19.1828669490031));
#3416=CARTESIAN_POINT('Ctrl Pts',(-25.5,-24.2423017618616,21.6961253488738));
#3417=CARTESIAN_POINT('Ctrl Pts',(-26.0639469381052,-24.2423017618616,21.6961253488738));
#3418=CARTESIAN_POINT('Ctrl Pts',(-27.3817226165627,-24.2423017618552,21.2359130233578));
#3419=CARTESIAN_POINT('Ctrl Pts',(-28.0132583998687,-24.2423017618431,19.9349966184176));
#3420=CARTESIAN_POINT('Ctrl Pts',(-28.0132583998617,-24.2423017618431,19.1828669490067));
#3421=CARTESIAN_POINT('Ctrl Pts',(-25.5,-24.4594954082792,21.0920092803156));
#3422=CARTESIAN_POINT('Ctrl Pts',(-25.9281662919345,-24.4594954082792,21.0920092803156));
#3423=CARTESIAN_POINT('Ctrl Pts',(-26.9290210315277,-24.4594954082745,20.7422581283787));
#3424=CARTESIAN_POINT('Ctrl Pts',(-27.4091423313298,-24.4594954082656,19.7539075023811));
#3425=CARTESIAN_POINT('Ctrl Pts',(-27.4091423313245,-24.4594954082656,19.1828669490123));
#3426=CARTESIAN_POINT('Ctrl Pts',(-25.5,-24.5,20.4522409609104));
#3427=CARTESIAN_POINT('Ctrl Pts',(-25.7851355755149,-24.5,20.4522409609104));
#3428=CARTESIAN_POINT('Ctrl Pts',(-26.450928825175,-24.4999999999985,20.2200182991355));
#3429=CARTESIAN_POINT('Ctrl Pts',(-26.7693740119406,-24.4999999999958,19.5631490494423));
#3430=CARTESIAN_POINT('Ctrl Pts',(-26.7693740119371,-24.4999999999958,19.1828669490181));
#3431=CARTESIAN_POINT('Ctrl Pts',(-25.5,-24.5,20.1828669490298));
#3432=CARTESIAN_POINT('Ctrl Pts',(-25.7243945592408,-24.5,20.1828669490298));
#3433=CARTESIAN_POINT('Ctrl Pts',(-26.2487283980073,-24.5,19.9997573041586));
#3434=CARTESIAN_POINT('Ctrl Pts',(-26.5000000000657,-24.5,19.4821394412653));
#3435=CARTESIAN_POINT('Ctrl Pts',(-26.5000000000629,-24.5,19.1828669490206));
#3436=CARTESIAN_POINT('',(-26.5000000000629,-24.5,19.1828669490206));
#3437=CARTESIAN_POINT('',(-28.5,-22.5,19.1828669490023));
#3438=CARTESIAN_POINT('Ctrl Pts',(-26.5000000000629,-24.5,19.1828669490206));
#3439=CARTESIAN_POINT('Ctrl Pts',(-26.7693740119371,-24.4999999999958,19.1828669490181));
#3440=CARTESIAN_POINT('Ctrl Pts',(-27.4091423313245,-24.4594954082656,19.1828669490123));
#3441=CARTESIAN_POINT('Ctrl Pts',(-28.0132583998617,-24.2423017618431,19.1828669490067));
#3442=CARTESIAN_POINT('Ctrl Pts',(-28.4005380263461,-23.7071818589708,19.1828669490031));
#3443=CARTESIAN_POINT('Ctrl Pts',(-28.5,-23.0387480237569,19.1828669490022));
#3444=CARTESIAN_POINT('Ctrl Pts',(-28.5,-22.5,19.1828669490022));
#3445=CARTESIAN_POINT('Ctrl Pts',(-28.5,-22.5,19.1828669490022));
#3446=CARTESIAN_POINT('Ctrl Pts',(-28.5000000000083,-22.5,20.0806844257363));
#3447=CARTESIAN_POINT('Ctrl Pts',(-27.7461851939577,-22.5,21.633538014414));
#3448=CARTESIAN_POINT('Ctrl Pts',(-26.1731836777223,-22.5,22.1828669490298));
#3449=CARTESIAN_POINT('Ctrl Pts',(-25.5,-22.5,22.1828669490298));
#3450=CARTESIAN_POINT('Ctrl Pts',(-25.5,-24.5,20.1828669490298));
#3451=CARTESIAN_POINT('Ctrl Pts',(-25.7243945592408,-24.5,20.1828669490298));
#3452=CARTESIAN_POINT('Ctrl Pts',(-26.2487283980073,-24.5,19.9997573041586));
#3453=CARTESIAN_POINT('Ctrl Pts',(-26.5000000000657,-24.5,19.4821394412653));
#3454=CARTESIAN_POINT('Ctrl Pts',(-26.5000000000629,-24.5,19.1828669490206));
#3455=CARTESIAN_POINT('Ctrl Pts',(-28.5,-22.5,19.1828669490081));
#3456=CARTESIAN_POINT('Ctrl Pts',(-28.5,-22.5,12.7839059237131));
#3457=CARTESIAN_POINT('Ctrl Pts',(-28.5,-22.5,6.39530876497235));
#3458=CARTESIAN_POINT('Ctrl Pts',(-28.5,-22.5,-1.05855609069949E-6));
#3459=CARTESIAN_POINT('Ctrl Pts',(-28.5,-23.0387480237612,19.1828669490081));
#3460=CARTESIAN_POINT('Ctrl Pts',(-28.5,-23.0387480237612,12.7839059237131));
#3461=CARTESIAN_POINT('Ctrl Pts',(-28.5,-23.0387480237612,6.39530876497235));
#3462=CARTESIAN_POINT('Ctrl Pts',(-28.5,-23.0387480237612,-1.05855609066211E-6));
#3463=CARTESIAN_POINT('Ctrl Pts',(-28.4005363381202,-23.7071735560157,19.1828669490081));
#3464=CARTESIAN_POINT('Ctrl Pts',(-28.4005363381202,-23.7071735560157,12.7839059237131));
#3465=CARTESIAN_POINT('Ctrl Pts',(-28.4005363381202,-23.7071735560157,6.39530876497236));
#3466=CARTESIAN_POINT('Ctrl Pts',(-28.4005363381202,-23.7071735560157,-1.05855609060883E-6));
#3467=CARTESIAN_POINT('Ctrl Pts',(-28.0132574727123,-24.2422966589237,19.1828669490081));
#3468=CARTESIAN_POINT('Ctrl Pts',(-28.0132574727123,-24.2422966589237,12.7839059237131));
#3469=CARTESIAN_POINT('Ctrl Pts',(-28.0132574727123,-24.2422966589237,6.39530876497235));
#3470=CARTESIAN_POINT('Ctrl Pts',(-28.0132574727123,-24.2422966589237,-1.05855609054482E-6));
#3471=CARTESIAN_POINT('Ctrl Pts',(-27.4091415240487,-24.4594916574466,19.1828669490081));
#3472=CARTESIAN_POINT('Ctrl Pts',(-27.4091415240487,-24.4594916574466,12.7839059237131));
#3473=CARTESIAN_POINT('Ctrl Pts',(-27.4091415240487,-24.4594916574466,6.39530876497236));
#3474=CARTESIAN_POINT('Ctrl Pts',(-27.4091415240487,-24.4594916574466,-1.05855609048783E-6));
#3475=CARTESIAN_POINT('Ctrl Pts',(-26.7693740118806,-24.5,19.1828669490081));
#3476=CARTESIAN_POINT('Ctrl Pts',(-26.7693740118806,-24.5,12.7839059237131));
#3477=CARTESIAN_POINT('Ctrl Pts',(-26.7693740118806,-24.5,6.39530876497235));
#3478=CARTESIAN_POINT('Ctrl Pts',(-26.7693740118806,-24.5,-1.05855609044063E-6));
#3479=CARTESIAN_POINT('Ctrl Pts',(-26.5,-24.5,19.1828669490081));
#3480=CARTESIAN_POINT('Ctrl Pts',(-26.5,-24.5,12.7839059237131));
#3481=CARTESIAN_POINT('Ctrl Pts',(-26.5,-24.5,6.39530876497235));
#3482=CARTESIAN_POINT('Ctrl Pts',(-26.5,-24.5,-1.05855609042194E-6));
#3483=CARTESIAN_POINT('',(-26.5,-24.5,-1.80411241501588E-14));
#3484=CARTESIAN_POINT('',(-28.5,-22.5,-1.09044616419425E-14));
#3485=CARTESIAN_POINT('Ctrl Pts',(-26.5,-24.5,-1.05855609042194E-6));
#3486=CARTESIAN_POINT('Ctrl Pts',(-26.7693740118806,-24.5,-1.05855609044063E-6));
#3487=CARTESIAN_POINT('Ctrl Pts',(-27.4091415240487,-24.4594916574466,-1.05855609048783E-6));
#3488=CARTESIAN_POINT('Ctrl Pts',(-28.0132574727123,-24.2422966589237,-1.05855609054482E-6));
#3489=CARTESIAN_POINT('Ctrl Pts',(-28.4005363381202,-23.7071735560157,-1.05855609060883E-6));
#3490=CARTESIAN_POINT('Ctrl Pts',(-28.5,-23.0387480237612,-1.05855609066211E-6));
#3491=CARTESIAN_POINT('Ctrl Pts',(-28.5,-22.5,-1.05855609069949E-6));
#3492=CARTESIAN_POINT('Ctrl Pts',(-28.5,-22.5,1.0585559837694E-6));
#3493=CARTESIAN_POINT('Ctrl Pts',(-28.5,-22.5,6.39531017489896));
#3494=CARTESIAN_POINT('Ctrl Pts',(-28.5,-22.5,12.78390662982));
#3495=CARTESIAN_POINT('Ctrl Pts',(-28.5,-22.5,19.1828669490081));
#3496=CARTESIAN_POINT('Ctrl Pts',(-26.5,-24.5,19.1828669490081));
#3497=CARTESIAN_POINT('Ctrl Pts',(-26.5,-24.5,12.78390662982));
#3498=CARTESIAN_POINT('Ctrl Pts',(-26.5,-24.5,6.39531017489896));
#3499=CARTESIAN_POINT('Ctrl Pts',(-26.5,-24.5,1.05855598404695E-6));
#3500=CARTESIAN_POINT('Ctrl Pts',(-28.5,-22.5,-2.1094237467878E-14));
#3501=CARTESIAN_POINT('Ctrl Pts',(-28.5,-22.5,-4.2536658705217));
#3502=CARTESIAN_POINT('Ctrl Pts',(-26.5641661551563,-22.5,-12.7748424767029));
#3503=CARTESIAN_POINT('Ctrl Pts',(-18.3816364782291,-22.5,-23.0403570235359));
#3504=CARTESIAN_POINT('Ctrl Pts',(-6.56205369402255,-22.5,-28.7372619490393));
#3505=CARTESIAN_POINT('Ctrl Pts',(6.56147647177432,-22.5,-28.7333765558951));
#3506=CARTESIAN_POINT('Ctrl Pts',(18.3826998120788,-22.5,-23.0445038475846));
#3507=CARTESIAN_POINT('Ctrl Pts',(26.5628382306867,-22.5,-12.7729364884282));
#3508=CARTESIAN_POINT('Ctrl Pts',(28.5,-22.5,-4.25366587052198));
#3509=CARTESIAN_POINT('Ctrl Pts',(28.5,-22.5,3.88578058618805E-14));
#3510=CARTESIAN_POINT('Ctrl Pts',(-28.5,-23.0387480237612,-2.16923679283289E-14));
#3511=CARTESIAN_POINT('Ctrl Pts',(-28.5,-23.0387480237612,-4.25344197998478));
#3512=CARTESIAN_POINT('Ctrl Pts',(-26.5640313117627,-23.0387480237612,-12.7749739982878));
#3513=CARTESIAN_POINT('Ctrl Pts',(-18.3816452845587,-23.0387480237611,-23.0403236679342));
#3514=CARTESIAN_POINT('Ctrl Pts',(-6.56201866274124,-23.0387480237611,-28.7371777979773));
#3515=CARTESIAN_POINT('Ctrl Pts',(6.56144957010678,-23.0387480237611,-28.7334066404567));
#3516=CARTESIAN_POINT('Ctrl Pts',(18.3826444795487,-23.0387480237611,-23.0443735396291));
#3517=CARTESIAN_POINT('Ctrl Pts',(26.5628095546923,-23.0387480237611,-12.7730738842089));
#3518=CARTESIAN_POINT('Ctrl Pts',(28.5,-23.0387480237612,-4.25344197998507));
#3519=CARTESIAN_POINT('Ctrl Pts',(28.5,-23.0387480237612,3.82596754014294E-14));
#3520=CARTESIAN_POINT('Ctrl Pts',(-28.4005233826298,-23.7071098604358,-2.2489619243694E-14));
#3521=CARTESIAN_POINT('Ctrl Pts',(-28.4005233826298,-23.7071098604358,-4.23877694712905));
#3522=CARTESIAN_POINT('Ctrl Pts',(-26.4714211543854,-23.7071098604358,-12.730277680111));
#3523=CARTESIAN_POINT('Ctrl Pts',(-18.3174787219559,-23.7071098604357,-22.959930543973));
#3524=CARTESIAN_POINT('Ctrl Pts',(-6.53914289651914,-23.7071098604357,-28.6369414439555));
#3525=CARTESIAN_POINT('Ctrl Pts',(6.5385692102687,-23.7071098604357,-28.6330909887984));
#3526=CARTESIAN_POINT('Ctrl Pts',(18.3185263423303,-23.7071098604357,-22.964044751672));
#3527=CARTESIAN_POINT('Ctrl Pts',(26.4701177315253,-23.7071098604357,-12.7283794437233));
#3528=CARTESIAN_POINT('Ctrl Pts',(28.4005233826298,-23.7071098604358,-4.23877694712933));
#3529=CARTESIAN_POINT('Ctrl Pts',(28.4005233826298,-23.7071098604358,3.72691519317859E-14));
#3530=CARTESIAN_POINT('Ctrl Pts',(-28.0132504431136,-24.2422578952246,-2.32987325806321E-14));
#3531=CARTESIAN_POINT('Ctrl Pts',(-28.0132504431136,-24.2422578952246,-4.18100929589558));
#3532=CARTESIAN_POINT('Ctrl Pts',(-26.1104734500415,-24.2422578952247,-12.556666809315));
#3533=CARTESIAN_POINT('Ctrl Pts',(-18.0676980966049,-24.2422578952246,-22.6468510696844));
#3534=CARTESIAN_POINT('Ctrl Pts',(-6.44997949559816,-24.2422578952246,-28.2464570147402));
#3535=CARTESIAN_POINT('Ctrl Pts',(6.44941244052012,-24.2422578952246,-28.2426423195854));
#3536=CARTESIAN_POINT('Ctrl Pts',(18.0687408333178,-24.2422578952245,-22.6509233873462));
#3537=CARTESIAN_POINT('Ctrl Pts',(26.1091722382296,-24.2422578952246,-12.5547935964353));
#3538=CARTESIAN_POINT('Ctrl Pts',(28.0132504431136,-24.2422578952247,-4.18100929589587));
#3539=CARTESIAN_POINT('Ctrl Pts',(28.0132504431135,-24.2422578952247,3.57076097598835E-14));
#3540=CARTESIAN_POINT('Ctrl Pts',(-27.4091353651554,-24.4594630877834,-2.38752300210152E-14));
#3541=CARTESIAN_POINT('Ctrl Pts',(-27.4091353651554,-24.4594630877834,-4.09069758679606));
#3542=CARTESIAN_POINT('Ctrl Pts',(-25.5473039474359,-24.4594630877834,-12.2859643721183));
#3543=CARTESIAN_POINT('Ctrl Pts',(-17.6780679443068,-24.4594630877833,-22.1584423038542));
#3544=CARTESIAN_POINT('Ctrl Pts',(-6.31086056189799,-24.4594630877833,-27.6372575643201));
#3545=CARTESIAN_POINT('Ctrl Pts',(6.31031106780145,-24.4594630877834,-27.6336000619908));
#3546=CARTESIAN_POINT('Ctrl Pts',(17.6790461250917,-24.4594630877833,-22.1623632091488));
#3547=CARTESIAN_POINT('Ctrl Pts',(25.5461004323597,-24.4594630877833,-12.2841354086096));
#3548=CARTESIAN_POINT('Ctrl Pts',(27.4091353651554,-24.4594630877834,-4.09069758679633));
#3549=CARTESIAN_POINT('Ctrl Pts',(27.4091353651553,-24.4594630877834,3.39573829986235E-14));
#3550=CARTESIAN_POINT('Ctrl Pts',(-26.7693740118809,-24.5,-2.42753739266407E-14));
#3551=CARTESIAN_POINT('Ctrl Pts',(-26.7693740118809,-24.5,-3.99556364232103));
#3552=CARTESIAN_POINT('Ctrl Pts',(-24.9512093527039,-24.5,-11.9989912886312));
#3553=CARTESIAN_POINT('Ctrl Pts',(-17.2654274356681,-24.5,-21.6412900882981));
#3554=CARTESIAN_POINT('Ctrl Pts',(-6.16361208610911,-24.5,-26.9923022697373));
#3555=CARTESIAN_POINT('Ctrl Pts',(6.16306279143178,-24.5,-26.98855271404));
#3556=CARTESIAN_POINT('Ctrl Pts',(17.2664824011076,-24.5,-21.6452700555128));
#3557=CARTESIAN_POINT('Ctrl Pts',(24.9498690363915,-24.5,-11.9971958918346));
#3558=CARTESIAN_POINT('Ctrl Pts',(26.7693740118808,-24.5,-3.99556364232131));
#3559=CARTESIAN_POINT('Ctrl Pts',(26.7693740118808,-24.5,3.23142529698243E-14));
#3560=CARTESIAN_POINT('Ctrl Pts',(-26.5000000000003,-24.5,-2.44249065417534E-14));
#3561=CARTESIAN_POINT('Ctrl Pts',(-26.5000000000003,-24.5,-3.95516300241491));
#3562=CARTESIAN_POINT('Ctrl Pts',(-24.7000141442682,-24.5,-11.8783623028994));
#3563=CARTESIAN_POINT('Ctrl Pts',(-17.0916970762485,-24.5,-21.4234898639899));
#3564=CARTESIAN_POINT('Ctrl Pts',(-6.10155869795077,-24.5,-26.7206119877038));
#3565=CARTESIAN_POINT('Ctrl Pts',(6.10102198252699,-24.5,-26.7169992537275));
#3566=CARTESIAN_POINT('Ctrl Pts',(17.0926857901791,-24.5,-21.4273456828423));
#3567=CARTESIAN_POINT('Ctrl Pts',(24.698779407481,-24.5,-11.8765900681881));
#3568=CARTESIAN_POINT('Ctrl Pts',(26.5000000000003,-24.5,-3.95516300241518));
#3569=CARTESIAN_POINT('Ctrl Pts',(26.5000000000003,-24.5,3.1641356201817E-14));
#3570=CARTESIAN_POINT('',(26.5000000000003,-24.5,-3.60822483003176E-15));
#3571=CARTESIAN_POINT('',(28.5,-22.5,2.77555756156289E-16));
#3572=CARTESIAN_POINT('Ctrl Pts',(26.5000000000003,-24.5,3.1641356201817E-14));
#3573=CARTESIAN_POINT('Ctrl Pts',(26.7693740118808,-24.5,3.23142529698243E-14));
#3574=CARTESIAN_POINT('Ctrl Pts',(27.4091353651553,-24.4594630877834,3.39573829986235E-14));
#3575=CARTESIAN_POINT('Ctrl Pts',(28.0132504431135,-24.2422578952247,3.57076097598835E-14));
#3576=CARTESIAN_POINT('Ctrl Pts',(28.4005233826298,-23.7071098604358,3.72691519317859E-14));
#3577=CARTESIAN_POINT('Ctrl Pts',(28.5,-23.0387480237612,3.82596754014294E-14));
#3578=CARTESIAN_POINT('Ctrl Pts',(28.5,-22.5,3.88578058618805E-14));
#3579=CARTESIAN_POINT('Ctrl Pts',(28.5,-22.5,3.88578058618805E-14));
#3580=CARTESIAN_POINT('Ctrl Pts',(28.5,-22.5,-4.25366587052198));
#3581=CARTESIAN_POINT('Ctrl Pts',(26.5628382306867,-22.5,-12.7729364884282));
#3582=CARTESIAN_POINT('Ctrl Pts',(18.3826998120788,-22.5,-23.0445038475846));
#3583=CARTESIAN_POINT('Ctrl Pts',(6.56147647177432,-22.5,-28.7333765558951));
#3584=CARTESIAN_POINT('Ctrl Pts',(-6.56205369402255,-22.5,-28.7372619490393));
#3585=CARTESIAN_POINT('Ctrl Pts',(-18.3816364782291,-22.5,-23.0403570235359));
#3586=CARTESIAN_POINT('Ctrl Pts',(-26.5641661551563,-22.5,-12.7748424767029));
#3587=CARTESIAN_POINT('Ctrl Pts',(-28.5,-22.5,-4.2536658705217));
#3588=CARTESIAN_POINT('Ctrl Pts',(-28.5,-22.5,-2.1094237467878E-14));
#3589=CARTESIAN_POINT('Ctrl Pts',(-26.5000000000003,-24.5,-2.44249065417534E-14));
#3590=CARTESIAN_POINT('Ctrl Pts',(-26.5000000000003,-24.5,-3.95516300241491));
#3591=CARTESIAN_POINT('Ctrl Pts',(-24.7000141442682,-24.5,-11.8783623028994));
#3592=CARTESIAN_POINT('Ctrl Pts',(-17.0916970762485,-24.5,-21.4234898639899));
#3593=CARTESIAN_POINT('Ctrl Pts',(-6.10155869795077,-24.5,-26.7206119877038));
#3594=CARTESIAN_POINT('Ctrl Pts',(6.10102198252699,-24.5,-26.7169992537275));
#3595=CARTESIAN_POINT('Ctrl Pts',(17.0926857901791,-24.5,-21.4273456828423));
#3596=CARTESIAN_POINT('Ctrl Pts',(24.698779407481,-24.5,-11.8765900681881));
#3597=CARTESIAN_POINT('Ctrl Pts',(26.5000000000003,-24.5,-3.95516300241518));
#3598=CARTESIAN_POINT('Ctrl Pts',(26.5000000000003,-24.5,3.1641356201817E-14));
#3599=CARTESIAN_POINT('Ctrl Pts',(28.5,-22.5,0.));
#3600=CARTESIAN_POINT('Ctrl Pts',(28.5,-22.5,6.3953094660265));
#3601=CARTESIAN_POINT('Ctrl Pts',(28.5,-22.5,12.7839062767649));
#3602=CARTESIAN_POINT('Ctrl Pts',(28.5,-22.5,19.1828669490298));
#3603=CARTESIAN_POINT('Ctrl Pts',(28.5,-23.0387480237612,-5.72946020010945E-16));
#3604=CARTESIAN_POINT('Ctrl Pts',(28.5,-23.0387480237612,6.39530946602649));
#3605=CARTESIAN_POINT('Ctrl Pts',(28.5,-23.0387480237612,12.7839062767649));
#3606=CARTESIAN_POINT('Ctrl Pts',(28.5,-23.0387480237612,19.1828669490298));
#3607=CARTESIAN_POINT('Ctrl Pts',(28.4005363381202,-23.7071735560156,-1.39887745975769E-15));
#3608=CARTESIAN_POINT('Ctrl Pts',(28.4005363381202,-23.7071735560156,6.39530946602651));
#3609=CARTESIAN_POINT('Ctrl Pts',(28.4005363381202,-23.7071735560157,12.7839062767649));
#3610=CARTESIAN_POINT('Ctrl Pts',(28.4005363381202,-23.7071735560157,19.1828669490298));
#3611=CARTESIAN_POINT('Ctrl Pts',(28.0132574727124,-24.2422966589236,-2.41603820182441E-15));
#3612=CARTESIAN_POINT('Ctrl Pts',(28.0132574727124,-24.2422966589236,6.39530946602649));
#3613=CARTESIAN_POINT('Ctrl Pts',(28.0132574727123,-24.2422966589237,12.7839062767649));
#3614=CARTESIAN_POINT('Ctrl Pts',(28.0132574727123,-24.2422966589237,19.1828669490298));
#3615=CARTESIAN_POINT('Ctrl Pts',(27.4091415240489,-24.4594916574465,-3.34596362250679E-15));
#3616=CARTESIAN_POINT('Ctrl Pts',(27.4091415240489,-24.4594916574465,6.3953094660265));
#3617=CARTESIAN_POINT('Ctrl Pts',(27.4091415240487,-24.4594916574466,12.7839062767649));
#3618=CARTESIAN_POINT('Ctrl Pts',(27.4091415240487,-24.4594916574466,19.1828669490298));
#3619=CARTESIAN_POINT('Ctrl Pts',(26.7693740118808,-24.5,-4.12923464805512E-15));
#3620=CARTESIAN_POINT('Ctrl Pts',(26.7693740118808,-24.5,6.39530946602649));
#3621=CARTESIAN_POINT('Ctrl Pts',(26.7693740118806,-24.5,12.7839062767649));
#3622=CARTESIAN_POINT('Ctrl Pts',(26.7693740118806,-24.5,19.1828669490298));
#3623=CARTESIAN_POINT('Ctrl Pts',(26.5000000000003,-24.5,-4.44089209850063E-15));
#3624=CARTESIAN_POINT('Ctrl Pts',(26.5000000000003,-24.5,6.3953094660265));
#3625=CARTESIAN_POINT('Ctrl Pts',(26.5,-24.5,12.7839062767649));
#3626=CARTESIAN_POINT('Ctrl Pts',(26.5,-24.5,19.1828669490298));
#3627=CARTESIAN_POINT('',(26.5,-24.5,19.1828669490298));
#3628=CARTESIAN_POINT('',(28.5,-22.5,19.1828669490298));
#3629=CARTESIAN_POINT('Ctrl Pts',(26.5,-24.5,19.1828669490298));
#3630=CARTESIAN_POINT('Ctrl Pts',(26.7693740118806,-24.5,19.1828669490298));
#3631=CARTESIAN_POINT('Ctrl Pts',(27.4091415240487,-24.4594916574466,19.1828669490298));
#3632=CARTESIAN_POINT('Ctrl Pts',(28.0132574727123,-24.2422966589237,19.1828669490298));
#3633=CARTESIAN_POINT('Ctrl Pts',(28.4005363381202,-23.7071735560157,19.1828669490298));
#3634=CARTESIAN_POINT('Ctrl Pts',(28.5,-23.0387480237612,19.1828669490298));
#3635=CARTESIAN_POINT('Ctrl Pts',(28.5,-22.5,19.1828669490298));
#3636=CARTESIAN_POINT('Ctrl Pts',(28.5,-22.5,19.1828669490298));
#3637=CARTESIAN_POINT('Ctrl Pts',(28.5,-22.5,12.7839062767649));
#3638=CARTESIAN_POINT('Ctrl Pts',(28.5,-22.5,6.3953094660265));
#3639=CARTESIAN_POINT('Ctrl Pts',(28.5,-22.5,0.));
#3640=CARTESIAN_POINT('Ctrl Pts',(26.5000000000003,-24.5,-4.44089209850063E-15));
#3641=CARTESIAN_POINT('Ctrl Pts',(26.5000000000003,-24.5,6.3953094660265));
#3642=CARTESIAN_POINT('Ctrl Pts',(26.5,-24.5,12.7839062767649));
#3643=CARTESIAN_POINT('Ctrl Pts',(26.5,-24.5,19.1828669490298));
#3644=CARTESIAN_POINT('Ctrl Pts',(28.5,-22.5,19.1828669490298));
#3645=CARTESIAN_POINT('Ctrl Pts',(28.5,-22.5,19.8562300565586));
#3646=CARTESIAN_POINT('Ctrl Pts',(27.9510585246906,-22.5,21.4287232351075));
#3647=CARTESIAN_POINT('Ctrl Pts',(26.3975782369325,-22.5,22.1828669490298));
#3648=CARTESIAN_POINT('Ctrl Pts',(25.4999999999999,-22.5,22.1828669490298));
#3649=CARTESIAN_POINT('Ctrl Pts',(28.5,-23.0387480237612,19.1828669490298));
#3650=CARTESIAN_POINT('Ctrl Pts',(28.5,-23.0387480237612,19.8558933548743));
#3651=CARTESIAN_POINT('Ctrl Pts',(27.9508164332499,-23.0387480237612,21.4281385649238));
#3652=CARTESIAN_POINT('Ctrl Pts',(26.3971294209805,-23.0387480237612,22.1828669490298));
#3653=CARTESIAN_POINT('Ctrl Pts',(25.4999999999999,-23.0387480237612,22.1828669490298));
#3654=CARTESIAN_POINT('Ctrl Pts',(28.4005380263427,-23.7071818589844,19.1828669490298));
#3655=CARTESIAN_POINT('Ctrl Pts',(28.4005380263427,-23.7071818589844,19.8338390897381));
#3656=CARTESIAN_POINT('Ctrl Pts',(27.8697484871706,-23.7071818589843,21.3541490214136));
#3657=CARTESIAN_POINT('Ctrl Pts',(26.3677315698115,-23.7071818589844,22.0834049753725));
#3658=CARTESIAN_POINT('Ctrl Pts',(25.4999999999999,-23.7071818589844,22.0834049753725));
#3659=CARTESIAN_POINT('Ctrl Pts',(28.013258399844,-24.2423017618615,19.1828669490298));
#3660=CARTESIAN_POINT('Ctrl Pts',(28.013258399844,-24.2423017618615,19.7469642010736));
#3661=CARTESIAN_POINT('Ctrl Pts',(27.5533706611448,-24.2423017618614,21.0643140291106));
#3662=CARTESIAN_POINT('Ctrl Pts',(26.2519292507814,-24.2423017618616,21.6961253488739));
#3663=CARTESIAN_POINT('Ctrl Pts',(25.4999999999999,-24.2423017618616,21.6961253488738));
#3664=CARTESIAN_POINT('Ctrl Pts',(27.4091423312858,-24.4594954082793,19.1828669490298));
#3665=CARTESIAN_POINT('Ctrl Pts',(27.4091423312858,-24.4594954082793,19.6111473640447));
#3666=CARTESIAN_POINT('Ctrl Pts',(27.0596376172401,-24.4594954082792,20.6116787830504));
#3667=CARTESIAN_POINT('Ctrl Pts',(26.0708883892266,-24.4594954082793,21.0920092803156));
#3668=CARTESIAN_POINT('Ctrl Pts',(25.4999999999999,-24.4594954082793,21.0920092803156));
#3669=CARTESIAN_POINT('Ctrl Pts',(26.7693740118806,-24.5,19.1828669490298));
#3670=CARTESIAN_POINT('Ctrl Pts',(26.7693740118806,-24.5,19.4680785243392));
#3671=CARTESIAN_POINT('Ctrl Pts',(26.5373154616841,-24.5,20.1336564630355));
#3672=CARTESIAN_POINT('Ctrl Pts',(25.8801807673403,-24.5,20.4522409609104));
#3673=CARTESIAN_POINT('Ctrl Pts',(25.5,-24.5,20.4522409609104));
#3674=CARTESIAN_POINT('Ctrl Pts',(26.5,-24.5,19.1828669490298));
#3675=CARTESIAN_POINT('Ctrl Pts',(26.5,-24.5,19.4073213182061));
#3676=CARTESIAN_POINT('Ctrl Pts',(26.3170195082306,-24.5,19.9314857110559));
#3677=CARTESIAN_POINT('Ctrl Pts',(25.7991927456442,-24.5,20.1828669490298));
#3678=CARTESIAN_POINT('Ctrl Pts',(25.5,-24.5,20.1828669490298));
#3679=CARTESIAN_POINT('',(25.5,-24.5,20.1828669490298));
#3680=CARTESIAN_POINT('',(25.5,-22.5,22.1828669490298));
#3681=CARTESIAN_POINT('Ctrl Pts',(25.5,-24.5,20.1828669490298));
#3682=CARTESIAN_POINT('Ctrl Pts',(25.5,-24.5,20.4522409609104));
#3683=CARTESIAN_POINT('Ctrl Pts',(25.4999999999999,-24.4594954082793,21.0920092803156));
#3684=CARTESIAN_POINT('Ctrl Pts',(25.4999999999999,-24.2423017618616,21.6961253488738));
#3685=CARTESIAN_POINT('Ctrl Pts',(25.4999999999999,-23.7071818589844,22.0834049753725));
#3686=CARTESIAN_POINT('Ctrl Pts',(25.4999999999999,-23.0387480237612,22.1828669490298));
#3687=CARTESIAN_POINT('Ctrl Pts',(25.4999999999999,-22.5,22.1828669490298));
#3688=CARTESIAN_POINT('Ctrl Pts',(25.4999999999999,-22.5,22.1828669490298));
#3689=CARTESIAN_POINT('Ctrl Pts',(26.3975782369325,-22.5,22.1828669490298));
#3690=CARTESIAN_POINT('Ctrl Pts',(27.9510585246906,-22.5,21.4287232351075));
#3691=CARTESIAN_POINT('Ctrl Pts',(28.5,-22.5,19.8562300565586));
#3692=CARTESIAN_POINT('Ctrl Pts',(28.5,-22.5,19.1828669490298));
#3693=CARTESIAN_POINT('Ctrl Pts',(26.5,-24.5,19.1828669490298));
#3694=CARTESIAN_POINT('Ctrl Pts',(26.5,-24.5,19.4073213182061));
#3695=CARTESIAN_POINT('Ctrl Pts',(26.3170195082306,-24.5,19.9314857110559));
#3696=CARTESIAN_POINT('Ctrl Pts',(25.7991927456442,-24.5,20.1828669490298));
#3697=CARTESIAN_POINT('Ctrl Pts',(25.5,-24.5,20.1828669490298));
#3698=CARTESIAN_POINT('Ctrl Pts',(25.5,-22.5,22.1828669490298));
#3699=CARTESIAN_POINT('Ctrl Pts',(25.3332762861243,-22.5,22.1828669490298));
#3700=CARTESIAN_POINT('Ctrl Pts',(25.1666476414762,-22.5,22.1828669490298));
#3701=CARTESIAN_POINT('Ctrl Pts',(24.9999998104086,-22.5,22.1828669490298));
#3702=CARTESIAN_POINT('Ctrl Pts',(25.5,-23.0387480237612,22.1828669490298));
#3703=CARTESIAN_POINT('Ctrl Pts',(25.3332762861243,-23.0387480237612,22.1828669490298));
#3704=CARTESIAN_POINT('Ctrl Pts',(25.1666476414762,-23.0387480237612,22.1828669490298));
#3705=CARTESIAN_POINT('Ctrl Pts',(24.9999998104086,-23.0387480237612,22.1828669490298));
#3706=CARTESIAN_POINT('Ctrl Pts',(25.5,-23.7071735560157,22.08340328715));
#3707=CARTESIAN_POINT('Ctrl Pts',(25.3332762861242,-23.7071735560157,22.08340328715));
#3708=CARTESIAN_POINT('Ctrl Pts',(25.1666476414762,-23.7071735560157,22.08340328715));
#3709=CARTESIAN_POINT('Ctrl Pts',(24.9999998104086,-23.7071735560157,22.08340328715));
#3710=CARTESIAN_POINT('Ctrl Pts',(25.5,-24.2422966589237,21.6961244217421));
#3711=CARTESIAN_POINT('Ctrl Pts',(25.3332762861242,-24.2422966589237,21.6961244217421));
#3712=CARTESIAN_POINT('Ctrl Pts',(25.1666476414762,-24.2422966589237,21.6961244217421));
#3713=CARTESIAN_POINT('Ctrl Pts',(24.9999998104086,-24.2422966589237,21.6961244217421));
#3714=CARTESIAN_POINT('Ctrl Pts',(25.5,-24.4594916574466,21.0920084730785));
#3715=CARTESIAN_POINT('Ctrl Pts',(25.3332762861242,-24.4594916574466,21.0920084730785));
#3716=CARTESIAN_POINT('Ctrl Pts',(25.1666476414762,-24.4594916574466,21.0920084730785));
#3717=CARTESIAN_POINT('Ctrl Pts',(24.9999998104086,-24.4594916574466,21.0920084730785));
#3718=CARTESIAN_POINT('Ctrl Pts',(25.5,-24.5,20.4522409609104));
#3719=CARTESIAN_POINT('Ctrl Pts',(25.3332762861243,-24.5,20.4522409609104));
#3720=CARTESIAN_POINT('Ctrl Pts',(25.1666476414762,-24.5,20.4522409609104));
#3721=CARTESIAN_POINT('Ctrl Pts',(24.9999998104086,-24.5,20.4522409609104));
#3722=CARTESIAN_POINT('Ctrl Pts',(25.5,-24.5,20.1828669490298));
#3723=CARTESIAN_POINT('Ctrl Pts',(25.3332762861243,-24.5,20.1828669490298));
#3724=CARTESIAN_POINT('Ctrl Pts',(25.1666476414762,-24.5,20.1828669490298));
#3725=CARTESIAN_POINT('Ctrl Pts',(24.9999998104086,-24.5,20.1828669490298));
#3726=CARTESIAN_POINT('',(25.,-24.5,20.1828669490298));
#3727=CARTESIAN_POINT('',(25.,-22.5,22.1828669490298));
#3728=CARTESIAN_POINT('Ctrl Pts',(24.9999998104086,-24.5,20.1828669490298));
#3729=CARTESIAN_POINT('Ctrl Pts',(24.9999998104086,-24.5,20.4522409609104));
#3730=CARTESIAN_POINT('Ctrl Pts',(24.9999998104086,-24.4594916574466,21.0920084730785));
#3731=CARTESIAN_POINT('Ctrl Pts',(24.9999998104086,-24.2422966589237,21.6961244217421));
#3732=CARTESIAN_POINT('Ctrl Pts',(24.9999998104086,-23.7071735560157,22.08340328715));
#3733=CARTESIAN_POINT('Ctrl Pts',(24.9999998104086,-23.0387480237612,22.1828669490298));
#3734=CARTESIAN_POINT('Ctrl Pts',(24.9999998104086,-22.5,22.1828669490298));
#3735=CARTESIAN_POINT('Ctrl Pts',(25.0000001895913,-22.5,22.1828669490298));
#3736=CARTESIAN_POINT('Ctrl Pts',(25.1666478942355,-22.5,22.1828669490298));
#3737=CARTESIAN_POINT('Ctrl Pts',(25.3332764125761,-22.5,22.1828669490298));
#3738=CARTESIAN_POINT('Ctrl Pts',(25.5,-22.5,22.1828669490298));
#3739=CARTESIAN_POINT('Ctrl Pts',(25.5,-24.5,20.1828669490298));
#3740=CARTESIAN_POINT('Ctrl Pts',(25.3332764125761,-24.5,20.1828669490298));
#3741=CARTESIAN_POINT('Ctrl Pts',(25.1666478942356,-24.5,20.1828669490298));
#3742=CARTESIAN_POINT('Ctrl Pts',(25.0000001895914,-24.5,20.1828669490298));
#3743=CARTESIAN_POINT('Ctrl Pts',(25.,-22.5,22.1828669490298));
#3744=CARTESIAN_POINT('Ctrl Pts',(24.2538171791754,-22.5,22.1828669490298));
#3745=CARTESIAN_POINT('Ctrl Pts',(22.7596825032457,-22.5,22.5228001348853));
#3746=CARTESIAN_POINT('Ctrl Pts',(20.9568992149635,-22.5,23.9574721379248));
#3747=CARTESIAN_POINT('Ctrl Pts',(19.9591676481852,-22.5,26.0318777755751));
#3748=CARTESIAN_POINT('Ctrl Pts',(19.9579724503444,-22.5,28.3342515955762));
#3749=CARTESIAN_POINT('Ctrl Pts',(20.9573468078519,-22.5,30.4080680173332));
#3750=CARTESIAN_POINT('Ctrl Pts',(22.7595712714519,-22.5,31.8428748316903));
#3751=CARTESIAN_POINT('Ctrl Pts',(24.2538171793052,-22.5,32.1828669490298));
#3752=CARTESIAN_POINT('Ctrl Pts',(25.,-22.5,32.1828669490298));
#3753=CARTESIAN_POINT('Ctrl Pts',(25.,-23.0387480237612,22.1828669490298));
#3754=CARTESIAN_POINT('Ctrl Pts',(24.2535933109447,-23.0387480237612,22.1828669490298));
#3755=CARTESIAN_POINT('Ctrl Pts',(22.759572416562,-23.0387480237612,22.522489007134));
#3756=CARTESIAN_POINT('Ctrl Pts',(20.9563866171791,-23.0387480237612,23.9572362533366));
#3757=CARTESIAN_POINT('Ctrl Pts',(19.9586839676189,-23.0387480237612,26.0317787471537));
#3758=CARTESIAN_POINT('Ctrl Pts',(19.9573776379658,-23.0387480237612,28.3344128099278));
#3759=CARTESIAN_POINT('Ctrl Pts',(20.9568425782001,-23.0387480237612,30.4082056212424));
#3760=CARTESIAN_POINT('Ctrl Pts',(22.7594705115219,-23.0387480237612,31.8432727750136));
#3761=CARTESIAN_POINT('Ctrl Pts',(24.2535933110745,-23.0387480237612,32.1828669490298));
#3762=CARTESIAN_POINT('Ctrl Pts',(25.,-23.0387480237612,32.1828669490298));
#3763=CARTESIAN_POINT('Ctrl Pts',(25.,-23.7072556687071,22.0834199771734));
#3764=CARTESIAN_POINT('Ctrl Pts',(24.238929739163,-23.7072556687071,22.0834199771734));
#3765=CARTESIAN_POINT('Ctrl Pts',(22.7151011694391,-23.7072556687071,22.4300498596721));
#3766=CARTESIAN_POINT('Ctrl Pts',(20.8763783387159,-23.7072556687071,23.8932721868695));
#3767=CARTESIAN_POINT('Ctrl Pts',(19.8588084779502,-23.7072556687071,26.0089648102104));
#3768=CARTESIAN_POINT('Ctrl Pts',(19.8575665165269,-23.7072556687071,28.3571852921742));
#3769=CARTESIAN_POINT('Ctrl Pts',(20.8768365652207,-23.7072556687071,30.4722437818836));
#3770=CARTESIAN_POINT('Ctrl Pts',(22.7149896549042,-23.7072556687071,31.9356418958786));
#3771=CARTESIAN_POINT('Ctrl Pts',(24.2389297392954,-23.7072556687071,32.2823139208862));
#3772=CARTESIAN_POINT('Ctrl Pts',(25.,-23.7072556687071,32.2823139208862));
#3773=CARTESIAN_POINT('Ctrl Pts',(25.,-24.2423476263357,21.6961336990299));
#3774=CARTESIAN_POINT('Ctrl Pts',(24.1811678433083,-24.2423476263357,21.6961336990299));
#3775=CARTESIAN_POINT('Ctrl Pts',(22.5415897212777,-24.2423476263358,22.0691430403692));
#3776=CARTESIAN_POINT('Ctrl Pts',(20.5632918529255,-24.2423476263358,23.6434792330572));
#3777=CARTESIAN_POINT('Ctrl Pts',(19.4684358733878,-24.2423476263358,25.9198279969258));
#3778=CARTESIAN_POINT('Ctrl Pts',(19.4671188972546,-24.2423476263358,28.4463429105468));
#3779=CARTESIAN_POINT('Ctrl Pts',(20.5637834263406,-24.2423476263358,30.7220372600948));
#3780=CARTESIAN_POINT('Ctrl Pts',(22.5414681171371,-24.2423476263358,32.2965304311437));
#3781=CARTESIAN_POINT('Ctrl Pts',(24.1811678434508,-24.2423476263357,32.6696001990297));
#3782=CARTESIAN_POINT('Ctrl Pts',(25.,-24.2423476263357,32.6696001990297));
#3783=CARTESIAN_POINT('Ctrl Pts',(25.,-24.4595290206571,21.0920165008407));
#3784=CARTESIAN_POINT('Ctrl Pts',(24.0908651319451,-24.4595290206571,21.0920165008407));
#3785=CARTESIAN_POINT('Ctrl Pts',(22.2708348948768,-24.4595290206571,21.5058943635003));
#3786=CARTESIAN_POINT('Ctrl Pts',(20.0744554385511,-24.4595290206571,23.2536217466827));
#3787=CARTESIAN_POINT('Ctrl Pts',(18.8590690016503,-24.4595290206571,25.7806967939152));
#3788=CARTESIAN_POINT('Ctrl Pts',(18.8575349738696,-24.4595290206571,28.5855625451664));
#3789=CARTESIAN_POINT('Ctrl Pts',(20.0750065616909,-24.4595290206571,31.1118070944879));
#3790=CARTESIAN_POINT('Ctrl Pts',(22.2707059479642,-24.4595290206571,32.8598287366004));
#3791=CARTESIAN_POINT('Ctrl Pts',(24.0908651321032,-24.4595290206571,33.2737173972189));
#3792=CARTESIAN_POINT('Ctrl Pts',(25.,-24.4595290206571,33.2737173972189));
#3793=CARTESIAN_POINT('Ctrl Pts',(25.,-24.5,20.4522409609104));
#3794=CARTESIAN_POINT('Ctrl Pts',(23.9957406656446,-24.5,20.4522409609104));
#3795=CARTESIAN_POINT('Ctrl Pts',(21.9843486295389,-24.5,20.9101062111635));
#3796=CARTESIAN_POINT('Ctrl Pts',(19.5579293165386,-24.5,22.841288413546));
#3797=CARTESIAN_POINT('Ctrl Pts',(18.2148323755468,-24.5,25.6335781933317));
#3798=CARTESIAN_POINT('Ctrl Pts',(18.2133208680007,-24.5,28.7326335710852));
#3799=CARTESIAN_POINT('Ctrl Pts',(19.5585245000932,-24.5,31.5242708001245));
#3800=CARTESIAN_POINT('Ctrl Pts',(21.9841907251234,-24.5,33.4554722862727));
#3801=CARTESIAN_POINT('Ctrl Pts',(23.9957406658193,-24.5,33.9134929371492));
#3802=CARTESIAN_POINT('Ctrl Pts',(25.,-24.5,33.9134929371492));
#3803=CARTESIAN_POINT('Ctrl Pts',(25.,-24.5,20.1828669490298));
#3804=CARTESIAN_POINT('Ctrl Pts',(23.9553440508456,-24.5,20.1828669490298));
#3805=CARTESIAN_POINT('Ctrl Pts',(21.8635555045438,-24.5,20.6587734092273));
#3806=CARTESIAN_POINT('Ctrl Pts',(19.3396589009486,-24.5,22.6673142134827));
#3807=CARTESIAN_POINT('Ctrl Pts',(17.9428347074589,-24.5,25.5714821061931));
#3808=CARTESIAN_POINT('Ctrl Pts',(17.9411614304819,-24.5,28.7948054541947));
#3809=CARTESIAN_POINT('Ctrl Pts',(19.3402855309925,-24.5,31.6981484446545));
#3810=CARTESIAN_POINT('Ctrl Pts',(21.8633997800326,-24.5,33.7068779847546));
#3811=CARTESIAN_POINT('Ctrl Pts',(23.9553440510273,-24.5,34.1828669490298));
#3812=CARTESIAN_POINT('Ctrl Pts',(25.,-24.5,34.1828669490298));
#3813=CARTESIAN_POINT('',(25.,-24.5,34.1828669490298));
#3814=CARTESIAN_POINT('',(25.,-22.5,32.1828669490298));
#3815=CARTESIAN_POINT('Ctrl Pts',(25.,-24.5,34.1828669490298));
#3816=CARTESIAN_POINT('Ctrl Pts',(25.,-24.5,33.9134929371492));
#3817=CARTESIAN_POINT('Ctrl Pts',(25.,-24.4595290206571,33.2737173972189));
#3818=CARTESIAN_POINT('Ctrl Pts',(25.,-24.2423476263357,32.6696001990297));
#3819=CARTESIAN_POINT('Ctrl Pts',(25.,-23.7072556687071,32.2823139208862));
#3820=CARTESIAN_POINT('Ctrl Pts',(25.,-23.0387480237612,32.1828669490298));
#3821=CARTESIAN_POINT('Ctrl Pts',(25.,-22.5,32.1828669490298));
#3822=CARTESIAN_POINT('Ctrl Pts',(25.,-22.5,32.1828669490298));
#3823=CARTESIAN_POINT('Ctrl Pts',(24.2538171793052,-22.5,32.1828669490298));
#3824=CARTESIAN_POINT('Ctrl Pts',(22.7595712714519,-22.5,31.8428748316903));
#3825=CARTESIAN_POINT('Ctrl Pts',(20.9573468078519,-22.5,30.4080680173332));
#3826=CARTESIAN_POINT('Ctrl Pts',(19.9579724503444,-22.5,28.3342515955762));
#3827=CARTESIAN_POINT('Ctrl Pts',(19.9591676481852,-22.5,26.0318777755751));
#3828=CARTESIAN_POINT('Ctrl Pts',(20.9568992149635,-22.5,23.9574721379248));
#3829=CARTESIAN_POINT('Ctrl Pts',(22.7596825032457,-22.5,22.5228001348853));
#3830=CARTESIAN_POINT('Ctrl Pts',(24.2538171791754,-22.5,22.1828669490298));
#3831=CARTESIAN_POINT('Ctrl Pts',(25.,-22.5,22.1828669490298));
#3832=CARTESIAN_POINT('Ctrl Pts',(25.,-24.5,20.1828669490298));
#3833=CARTESIAN_POINT('Ctrl Pts',(23.9553440508456,-24.5,20.1828669490298));
#3834=CARTESIAN_POINT('Ctrl Pts',(21.8635555045438,-24.5,20.6587734092273));
#3835=CARTESIAN_POINT('Ctrl Pts',(19.3396589009486,-24.5,22.6673142134827));
#3836=CARTESIAN_POINT('Ctrl Pts',(17.9428347074589,-24.5,25.5714821061931));
#3837=CARTESIAN_POINT('Ctrl Pts',(17.9411614304819,-24.5,28.7948054541947));
#3838=CARTESIAN_POINT('Ctrl Pts',(19.3402855309925,-24.5,31.6981484446545));
#3839=CARTESIAN_POINT('Ctrl Pts',(21.8633997800326,-24.5,33.7068779847546));
#3840=CARTESIAN_POINT('Ctrl Pts',(23.9553440510273,-24.5,34.1828669490298));
#3841=CARTESIAN_POINT('Ctrl Pts',(25.,-24.5,34.1828669490298));
#3842=CARTESIAN_POINT('Ctrl Pts',(25.,-22.5,32.1828669490298));
#3843=CARTESIAN_POINT('Ctrl Pts',(25.1666478456232,-22.5,32.1828669490298));
#3844=CARTESIAN_POINT('Ctrl Pts',(25.3332765651135,-22.5,32.1828669490298));
#3845=CARTESIAN_POINT('Ctrl Pts',(25.5000002374277,-22.5,32.1828669490298));
#3846=CARTESIAN_POINT('Ctrl Pts',(25.,-23.0387480237612,32.1828669490298));
#3847=CARTESIAN_POINT('Ctrl Pts',(25.1666478456232,-23.0387480237612,32.1828669490298));
#3848=CARTESIAN_POINT('Ctrl Pts',(25.3332765651135,-23.0387480237612,32.1828669490298));
#3849=CARTESIAN_POINT('Ctrl Pts',(25.5000002374277,-23.0387480237612,32.1828669490298));
#3850=CARTESIAN_POINT('Ctrl Pts',(25.,-23.7072585428104,32.2823133369328));
#3851=CARTESIAN_POINT('Ctrl Pts',(25.1666478456232,-23.7072585428104,32.2823133369328));
#3852=CARTESIAN_POINT('Ctrl Pts',(25.3332765651135,-23.7072585428104,32.2823133369328));
#3853=CARTESIAN_POINT('Ctrl Pts',(25.5000002374277,-23.7072585428104,32.2823133369328));
#3854=CARTESIAN_POINT('Ctrl Pts',(25.,-24.2423494304104,32.6695998699624));
#3855=CARTESIAN_POINT('Ctrl Pts',(25.1666478456233,-24.2423494304104,32.6695998699624));
#3856=CARTESIAN_POINT('Ctrl Pts',(25.3332765651135,-24.2423494304104,32.6695998699624));
#3857=CARTESIAN_POINT('Ctrl Pts',(25.5000002374277,-24.2423494304104,32.6695998699624));
#3858=CARTESIAN_POINT('Ctrl Pts',(25.,-24.4595303392618,33.2737171144384));
#3859=CARTESIAN_POINT('Ctrl Pts',(25.1666478456232,-24.4595303392618,33.2737171144384));
#3860=CARTESIAN_POINT('Ctrl Pts',(25.3332765651134,-24.4595303392618,33.2737171144383));
#3861=CARTESIAN_POINT('Ctrl Pts',(25.5000002374277,-24.4595303392618,33.2737171144383));
#3862=CARTESIAN_POINT('Ctrl Pts',(25.,-24.5,33.9134929371492));
#3863=CARTESIAN_POINT('Ctrl Pts',(25.1666478456232,-24.5,33.9134929371492));
#3864=CARTESIAN_POINT('Ctrl Pts',(25.3332765651135,-24.5,33.9134929371492));
#3865=CARTESIAN_POINT('Ctrl Pts',(25.5000002374277,-24.5,33.9134929371492));
#3866=CARTESIAN_POINT('Ctrl Pts',(25.,-24.5,34.1828669490298));
#3867=CARTESIAN_POINT('Ctrl Pts',(25.1666478456232,-24.5,34.1828669490298));
#3868=CARTESIAN_POINT('Ctrl Pts',(25.3332765651135,-24.5,34.1828669490298));
#3869=CARTESIAN_POINT('Ctrl Pts',(25.5000002374277,-24.5,34.1828669490298));
#3870=CARTESIAN_POINT('',(25.5,-24.5,34.1828669490298));
#3871=CARTESIAN_POINT('',(25.5,-22.5,32.1828669490298));
#3872=CARTESIAN_POINT('Ctrl Pts',(25.5000002374277,-24.5,34.1828669490298));
#3873=CARTESIAN_POINT('Ctrl Pts',(25.5000002374277,-24.5,33.9134929371492));
#3874=CARTESIAN_POINT('Ctrl Pts',(25.5000002374277,-24.4595303392618,33.2737171144383));
#3875=CARTESIAN_POINT('Ctrl Pts',(25.5000002374277,-24.2423494304104,32.6695998699624));
#3876=CARTESIAN_POINT('Ctrl Pts',(25.5000002374277,-23.7072585428104,32.2823133369328));
#3877=CARTESIAN_POINT('Ctrl Pts',(25.5000002374277,-23.0387480237612,32.1828669490298));
#3878=CARTESIAN_POINT('Ctrl Pts',(25.5000002374277,-22.5,32.1828669490298));
#3879=CARTESIAN_POINT('Ctrl Pts',(25.4999997625725,-22.5,32.1828669490298));
#3880=CARTESIAN_POINT('Ctrl Pts',(25.3332762487237,-22.5,32.1828669490298));
#3881=CARTESIAN_POINT('Ctrl Pts',(25.1666476874102,-22.5,32.1828669490298));
#3882=CARTESIAN_POINT('Ctrl Pts',(25.,-22.5,32.1828669490298));
#3883=CARTESIAN_POINT('Ctrl Pts',(25.,-24.5,34.1828669490298));
#3884=CARTESIAN_POINT('Ctrl Pts',(25.1666476874102,-24.5,34.1828669490298));
#3885=CARTESIAN_POINT('Ctrl Pts',(25.3332762487237,-24.5,34.1828669490298));
#3886=CARTESIAN_POINT('Ctrl Pts',(25.4999997625725,-24.5,34.1828669490298));
#3887=CARTESIAN_POINT('Ctrl Pts',(25.5,-22.5,32.1828669490298));
#3888=CARTESIAN_POINT('Ctrl Pts',(26.39757440463,-22.5,32.1828669490298));
#3889=CARTESIAN_POINT('Ctrl Pts',(27.9510574669672,-22.5,32.9370696401473));
#3890=CARTESIAN_POINT('Ctrl Pts',(28.5000000000037,-22.5,34.5096229073156));
#3891=CARTESIAN_POINT('Ctrl Pts',(28.5,-22.5,35.1828669490464));
#3892=CARTESIAN_POINT('Ctrl Pts',(25.5,-23.0387480237612,32.1828669490298));
#3893=CARTESIAN_POINT('Ctrl Pts',(26.3971255905942,-23.0387480237612,32.1828669490298));
#3894=CARTESIAN_POINT('Ctrl Pts',(27.9508139647535,-23.0387480237598,32.9376565323303));
#3895=CARTESIAN_POINT('Ctrl Pts',(28.5000000000037,-23.0387480237591,34.5099595494644));
#3896=CARTESIAN_POINT('Ctrl Pts',(28.5,-23.0387480237591,35.1828669490464));
#3897=CARTESIAN_POINT('Ctrl Pts',(25.5,-23.7072760826992,32.2823097735538));
#3898=CARTESIAN_POINT('Ctrl Pts',(26.3677278649424,-23.7072760826992,32.2823097735538));
#3899=CARTESIAN_POINT('Ctrl Pts',(27.8697597235712,-23.7072760826949,33.0116354928357));
#3900=CARTESIAN_POINT('Ctrl Pts',(28.4005571754812,-23.7072760826925,34.5320099149091));
#3901=CARTESIAN_POINT('Ctrl Pts',(28.4005571754776,-23.7072760826925,35.1828669490459));
#3902=CARTESIAN_POINT('Ctrl Pts',(25.5,-24.2423604694913,32.6695978554295));
#3903=CARTESIAN_POINT('Ctrl Pts',(26.2519260403421,-24.2423604694913,32.6695978554295));
#3904=CARTESIAN_POINT('Ctrl Pts',(27.5533767150966,-24.2423604694856,33.3014655519178));
#3905=CARTESIAN_POINT('Ctrl Pts',(28.0132690936121,-24.2423604694824,34.61886944213));
#3906=CARTESIAN_POINT('Ctrl Pts',(28.013269093609,-24.2423604694824,35.1828669490437));
#3907=CARTESIAN_POINT('Ctrl Pts',(25.5,-24.459538402163,33.2737153860789));
#3908=CARTESIAN_POINT('Ctrl Pts',(26.07088595176,-24.459538402163,33.2737153860789));
#3909=CARTESIAN_POINT('Ctrl Pts',(27.0596420037312,-24.4595384021587,33.7540908982514));
#3910=CARTESIAN_POINT('Ctrl Pts',(27.4091515629721,-24.4595384021563,34.754662263672));
#3911=CARTESIAN_POINT('Ctrl Pts',(27.4091515629697,-24.4595384021563,35.1828669490404));
#3912=CARTESIAN_POINT('Ctrl Pts',(25.5,-24.5,33.9134929371492));
#3913=CARTESIAN_POINT('Ctrl Pts',(25.8801791441194,-24.5,33.9134929371492));
#3914=CARTESIAN_POINT('Ctrl Pts',(26.5373162503282,-24.4999999999987,34.2321004427176));
#3915=CARTESIAN_POINT('Ctrl Pts',(26.7693740119097,-24.4999999999979,34.8977058055726));
#3916=CARTESIAN_POINT('Ctrl Pts',(26.7693740119081,-24.4999999999979,35.1828669490368));
#3917=CARTESIAN_POINT('Ctrl Pts',(25.5,-24.5,34.1828669490298));
#3918=CARTESIAN_POINT('Ctrl Pts',(25.79919146821,-24.5,34.1828669490298));
#3919=CARTESIAN_POINT('Ctrl Pts',(26.3170191556752,-24.5,34.4342678460687));
#3920=CARTESIAN_POINT('Ctrl Pts',(26.5000000000319,-24.5,34.9584522684584));
#3921=CARTESIAN_POINT('Ctrl Pts',(26.5000000000306,-24.5,35.1828669490353));
#3922=CARTESIAN_POINT('',(26.5000000000306,-24.5,35.1828669490353));
#3923=CARTESIAN_POINT('',(28.5,-22.5,35.1828669490464));
#3924=CARTESIAN_POINT('Ctrl Pts',(26.5000000000306,-24.5,35.1828669490353));
#3925=CARTESIAN_POINT('Ctrl Pts',(26.7693740119081,-24.4999999999979,35.1828669490368));
#3926=CARTESIAN_POINT('Ctrl Pts',(27.4091515629697,-24.4595384021563,35.1828669490404));
#3927=CARTESIAN_POINT('Ctrl Pts',(28.013269093609,-24.2423604694824,35.1828669490437));
#3928=CARTESIAN_POINT('Ctrl Pts',(28.4005571754776,-23.7072760826925,35.1828669490459));
#3929=CARTESIAN_POINT('Ctrl Pts',(28.5,-23.0387480237591,35.1828669490464));
#3930=CARTESIAN_POINT('Ctrl Pts',(28.5,-22.5,35.1828669490464));
#3931=CARTESIAN_POINT('Ctrl Pts',(28.5,-22.5,35.1828669490464));
#3932=CARTESIAN_POINT('Ctrl Pts',(28.5000000000037,-22.5,34.5096229073156));
#3933=CARTESIAN_POINT('Ctrl Pts',(27.9510574669672,-22.5,32.9370696401473));
#3934=CARTESIAN_POINT('Ctrl Pts',(26.39757440463,-22.5,32.1828669490298));
#3935=CARTESIAN_POINT('Ctrl Pts',(25.5,-22.5,32.1828669490298));
#3936=CARTESIAN_POINT('Ctrl Pts',(25.5,-24.5,34.1828669490298));
#3937=CARTESIAN_POINT('Ctrl Pts',(25.79919146821,-24.5,34.1828669490298));
#3938=CARTESIAN_POINT('Ctrl Pts',(26.3170191556752,-24.5,34.4342678460687));
#3939=CARTESIAN_POINT('Ctrl Pts',(26.5000000000319,-24.5,34.9584522684584));
#3940=CARTESIAN_POINT('Ctrl Pts',(26.5000000000306,-24.5,35.1828669490353));
#3941=CARTESIAN_POINT('Ctrl Pts',(28.5,-22.5,35.1828669490428));
#3942=CARTESIAN_POINT('Ctrl Pts',(28.5,-22.5,52.5649772231847));
#3943=CARTESIAN_POINT('Ctrl Pts',(28.5,-22.5,69.9178898015127));
#3944=CARTESIAN_POINT('Ctrl Pts',(28.5,-22.5,87.3));
#3945=CARTESIAN_POINT('Ctrl Pts',(28.5,-23.0387480237612,35.1828669490428));
#3946=CARTESIAN_POINT('Ctrl Pts',(28.5,-23.0387480237612,52.5649772231847));
#3947=CARTESIAN_POINT('Ctrl Pts',(28.5,-23.0387480237612,69.9178898015127));
#3948=CARTESIAN_POINT('Ctrl Pts',(28.5,-23.0387480237612,87.3));
#3949=CARTESIAN_POINT('Ctrl Pts',(28.4005939799944,-23.7074574056684,35.1828669490428));
#3950=CARTESIAN_POINT('Ctrl Pts',(28.4005939799944,-23.7074574056684,52.5649772231847));
#3951=CARTESIAN_POINT('Ctrl Pts',(28.4005939799944,-23.7074574056684,69.9178898015127));
#3952=CARTESIAN_POINT('Ctrl Pts',(28.4005939799944,-23.7074574056684,87.3));
#3953=CARTESIAN_POINT('Ctrl Pts',(28.013290547035,-24.2424774994917,35.1828669490428));
#3954=CARTESIAN_POINT('Ctrl Pts',(28.013290547035,-24.2424774994917,52.5649772231847));
#3955=CARTESIAN_POINT('Ctrl Pts',(28.013290547035,-24.2424774994917,69.9178898015128));
#3956=CARTESIAN_POINT('Ctrl Pts',(28.013290547035,-24.2424774994917,87.3));
#3957=CARTESIAN_POINT('Ctrl Pts',(27.4091696936301,-24.459623334789,35.1828669490428));
#3958=CARTESIAN_POINT('Ctrl Pts',(27.4091696936301,-24.459623334789,52.5649772231847));
#3959=CARTESIAN_POINT('Ctrl Pts',(27.4091696936301,-24.459623334789,69.9178898015127));
#3960=CARTESIAN_POINT('Ctrl Pts',(27.4091696936301,-24.459623334789,87.3));
#3961=CARTESIAN_POINT('Ctrl Pts',(26.7693740118806,-24.5,35.1828669490428));
#3962=CARTESIAN_POINT('Ctrl Pts',(26.7693740118806,-24.5,52.5649772231847));
#3963=CARTESIAN_POINT('Ctrl Pts',(26.7693740118806,-24.5,69.9178898015127));
#3964=CARTESIAN_POINT('Ctrl Pts',(26.7693740118806,-24.5,87.3));
#3965=CARTESIAN_POINT('Ctrl Pts',(26.5,-24.5,35.1828669490428));
#3966=CARTESIAN_POINT('Ctrl Pts',(26.5,-24.5,52.5649772231847));
#3967=CARTESIAN_POINT('Ctrl Pts',(26.5,-24.5,69.9178898015127));
#3968=CARTESIAN_POINT('Ctrl Pts',(26.5,-24.5,87.3));
#3969=CARTESIAN_POINT('',(26.5,-24.5,87.3));
#3970=CARTESIAN_POINT('',(28.5,-22.5,87.3));
#3971=CARTESIAN_POINT('Ctrl Pts',(26.5,-24.5,87.3));
#3972=CARTESIAN_POINT('Ctrl Pts',(26.7693740118806,-24.5,87.3));
#3973=CARTESIAN_POINT('Ctrl Pts',(27.4091696936301,-24.459623334789,87.3));
#3974=CARTESIAN_POINT('Ctrl Pts',(28.013290547035,-24.2424774994917,87.3));
#3975=CARTESIAN_POINT('Ctrl Pts',(28.4005939799944,-23.7074574056684,87.3));
#3976=CARTESIAN_POINT('Ctrl Pts',(28.5,-23.0387480237612,87.3));
#3977=CARTESIAN_POINT('Ctrl Pts',(28.5,-22.5,87.3));
#3978=CARTESIAN_POINT('Ctrl Pts',(28.5,-22.5,87.3));
#3979=CARTESIAN_POINT('Ctrl Pts',(28.5,-22.5,69.9178898015127));
#3980=CARTESIAN_POINT('Ctrl Pts',(28.5,-22.5,52.5649772231847));
#3981=CARTESIAN_POINT('Ctrl Pts',(28.5,-22.5,35.1828669490428));
#3982=CARTESIAN_POINT('Ctrl Pts',(26.5,-24.5,35.1828669490428));
#3983=CARTESIAN_POINT('Ctrl Pts',(26.5,-24.5,52.5649772231847));
#3984=CARTESIAN_POINT('Ctrl Pts',(26.5,-24.5,69.9178898015127));
#3985=CARTESIAN_POINT('Ctrl Pts',(26.5,-24.5,87.3));
#3986=CARTESIAN_POINT('Ctrl Pts',(28.5,-22.5,87.3));
#3987=CARTESIAN_POINT('Ctrl Pts',(28.5,-22.5,87.9731827618866));
#3988=CARTESIAN_POINT('Ctrl Pts',(27.9507326577534,-22.5,89.5455578446125));
#3989=CARTESIAN_POINT('Ctrl Pts',(26.3983157278352,-22.5,90.2999999999999));
#3990=CARTESIAN_POINT('Ctrl Pts',(25.5000000000002,-22.5,90.3));
#3991=CARTESIAN_POINT('Ctrl Pts',(28.5,-23.0387480237612,87.3));
#3992=CARTESIAN_POINT('Ctrl Pts',(28.5,-23.0387480237612,87.9728461503805));
#3993=CARTESIAN_POINT('Ctrl Pts',(27.9504867027657,-23.0387480237612,89.5449668957181));
#3994=CARTESIAN_POINT('Ctrl Pts',(26.3978665431157,-23.0387480237612,90.2999999999999));
#3995=CARTESIAN_POINT('Ctrl Pts',(25.5000000000002,-23.0387480237612,90.3));
#3996=CARTESIAN_POINT('Ctrl Pts',(28.4005944795547,-23.7074598688108,87.3));
#3997=CARTESIAN_POINT('Ctrl Pts',(28.4005944795548,-23.7074598688108,87.9507977919988));
#3998=CARTESIAN_POINT('Ctrl Pts',(27.8694695245038,-23.7074598688108,89.4710123062553));
#3999=CARTESIAN_POINT('Ctrl Pts',(26.3684445373416,-23.7074598688108,90.2005944795547));
#4000=CARTESIAN_POINT('Ctrl Pts',(25.5000000000002,-23.7074598688108,90.2005944795548));
#4001=CARTESIAN_POINT('Ctrl Pts',(28.0132908462314,-24.2424791253095,87.3));
#4002=CARTESIAN_POINT('Ctrl Pts',(28.0132908462314,-24.2424791253095,87.8639461708811));
#4003=CARTESIAN_POINT('Ctrl Pts',(27.553118683834,-24.2424791253095,89.1812082928301));
#4004=CARTESIAN_POINT('Ctrl Pts',(26.2525470698851,-24.2424791253095,89.8132908462313));
#4005=CARTESIAN_POINT('Ctrl Pts',(25.5000000000002,-24.2424791253095,89.8132908462314));
#4006=CARTESIAN_POINT('Ctrl Pts',(27.4091699432143,-24.4596245082278,87.3));
#4007=CARTESIAN_POINT('Ctrl Pts',(27.4091699432143,-24.4596245082278,87.7281657094338));
#4008=CARTESIAN_POINT('Ctrl Pts',(27.0594455753492,-24.4596245082277,88.7286273213963));
#4009=CARTESIAN_POINT('Ctrl Pts',(26.0713574569648,-24.4596245082278,89.2091699432142));
#4010=CARTESIAN_POINT('Ctrl Pts',(25.5000000000001,-24.4596245082278,89.2091699432142));
#4011=CARTESIAN_POINT('Ctrl Pts',(26.7693740118806,-24.5,87.3));
#4012=CARTESIAN_POINT('Ctrl Pts',(26.7693740118806,-24.5,87.5851351876009));
#4013=CARTESIAN_POINT('Ctrl Pts',(26.5371809647463,-24.5,88.2506687377324));
#4014=CARTESIAN_POINT('Ctrl Pts',(25.8804931410652,-24.5,88.5693740118806));
#4015=CARTESIAN_POINT('Ctrl Pts',(25.5000000000001,-24.5,88.5693740118806));
#4016=CARTESIAN_POINT('Ctrl Pts',(26.5,-24.5,87.3));
#4017=CARTESIAN_POINT('Ctrl Pts',(26.5,-24.5,87.5243942539622));
#4018=CARTESIAN_POINT('Ctrl Pts',(26.316910885918,-24.5,88.0485192815376));
#4019=CARTESIAN_POINT('Ctrl Pts',(25.7994385759451,-24.5,88.3));
#4020=CARTESIAN_POINT('Ctrl Pts',(25.5000000000001,-24.5,88.3));
#4021=CARTESIAN_POINT('Ctrl Pts',(25.5000000000002,-22.5,90.3));
#4022=CARTESIAN_POINT('Ctrl Pts',(26.3983157278352,-22.5,90.2999999999999));
#4023=CARTESIAN_POINT('Ctrl Pts',(27.9507326577534,-22.5,89.5455578446125));
#4024=CARTESIAN_POINT('Ctrl Pts',(28.5,-22.5,87.9731827618866));
#4025=CARTESIAN_POINT('Ctrl Pts',(28.5,-22.5,87.3));
#4026=CARTESIAN_POINT('Ctrl Pts',(26.5,-24.5,87.3));
#4027=CARTESIAN_POINT('Ctrl Pts',(26.5,-24.5,87.5243942539622));
#4028=CARTESIAN_POINT('Ctrl Pts',(26.316910885918,-24.5,88.0485192815376));
#4029=CARTESIAN_POINT('Ctrl Pts',(25.7994385759451,-24.5,88.3));
#4030=CARTESIAN_POINT('Ctrl Pts',(25.5000000000001,-24.5,88.3));
#4031=CARTESIAN_POINT('Origin',(-25.,-26.,22.1828669490298));
#4032=CARTESIAN_POINT('',(-25.5,-6.,22.1828669490298));
#4033=CARTESIAN_POINT('',(-25.5,-12.,22.1828669490298));
#4034=CARTESIAN_POINT('',(-25.,-6.,22.1828669490298));
#4035=CARTESIAN_POINT('',(-25.,-6.,22.1828669490298));
#4036=CARTESIAN_POINT('',(-25.,-26.,22.1828669490298));
#4037=CARTESIAN_POINT('Origin',(-25.5,-12.,19.1828669490298));
#4038=CARTESIAN_POINT('',(-28.5,-6.,19.1828669490298));
#4039=CARTESIAN_POINT('',(-28.5,-12.,19.1828669490298));
#4040=CARTESIAN_POINT('Origin',(-25.5,-6.,19.1828669490298));
#4041=CARTESIAN_POINT('Origin',(-28.5,2.,-3.49024337756996E-15));
#4042=CARTESIAN_POINT('',(-28.5,0.2,0.));
#4043=CARTESIAN_POINT('',(-28.5,2.,-3.49024337756996E-15));
#4044=CARTESIAN_POINT('',(-28.5,0.2,95.));
#4045=CARTESIAN_POINT('',(-28.5,0.2,17.5));
#4046=CARTESIAN_POINT('',(-28.5,-6.,95.));
#4047=CARTESIAN_POINT('',(-28.5,2.,95.));
#4048=CARTESIAN_POINT('',(-28.5,-6.,87.3));
#4049=CARTESIAN_POINT('',(-28.5,-6.,47.2));
#4050=CARTESIAN_POINT('',(-28.5,-12.,87.3));
#4051=CARTESIAN_POINT('',(-28.5,-6.,35.1828669490298));
#4052=CARTESIAN_POINT('',(-28.5,-12.,35.1828669490298));
#4053=CARTESIAN_POINT('',(-28.5,-6.,13.5914334745149));
#4054=CARTESIAN_POINT('Origin',(0.,2.,0.));
#4055=CARTESIAN_POINT('',(28.5,0.2,0.));
#4056=CARTESIAN_POINT('',(28.5,2.,0.));
#4057=CARTESIAN_POINT('Origin',(0.,0.2,0.));
#4058=CARTESIAN_POINT('Origin',(25.5,-12.,19.1828669490298));
#4059=CARTESIAN_POINT('',(25.5,-6.,22.1828669490298));
#4060=CARTESIAN_POINT('',(25.5,-12.,22.1828669490298));
#4061=CARTESIAN_POINT('',(28.5,-6.,19.1828669490298));
#4062=CARTESIAN_POINT('Origin',(25.5,-6.,19.1828669490298));
#4063=CARTESIAN_POINT('',(28.5,-12.,19.1828669490298));
#4064=CARTESIAN_POINT('Origin',(28.5,-26.,22.1828669490298));
#4065=CARTESIAN_POINT('',(25.,-6.,22.1828669490298));
#4066=CARTESIAN_POINT('',(25.,-26.,22.1828669490298));
#4067=CARTESIAN_POINT('',(25.,-6.,22.1828669490298));
#4068=CARTESIAN_POINT('Origin',(25.,-26.,27.1828669490298));
#4069=CARTESIAN_POINT('',(25.,-6.,32.1828669490298));
#4070=CARTESIAN_POINT('',(25.,-26.,32.1828669490298));
#4071=CARTESIAN_POINT('Origin',(25.,-6.,27.1828669490298));
#4072=CARTESIAN_POINT('Origin',(25.,-26.,32.1828669490298));
#4073=CARTESIAN_POINT('',(25.5,-6.,32.1828669490298));
#4074=CARTESIAN_POINT('',(25.5,-12.,32.1828669490298));
#4075=CARTESIAN_POINT('',(25.,-6.,32.1828669490298));
#4076=CARTESIAN_POINT('Origin',(25.5,-12.,35.1828669490298));
#4077=CARTESIAN_POINT('',(28.5,-6.,35.1828669490298));
#4078=CARTESIAN_POINT('',(28.5,-12.,35.1828669490298));
#4079=CARTESIAN_POINT('Origin',(25.5,-6.,35.1828669490298));
#4080=CARTESIAN_POINT('Origin',(28.5,2.,95.));
#4081=CARTESIAN_POINT('',(28.5,-6.,61.0914334745149));
#4082=CARTESIAN_POINT('',(28.5,-6.,87.3));
#4083=CARTESIAN_POINT('',(28.5,-12.,87.3));
#4084=CARTESIAN_POINT('',(28.5,-6.,95.));
#4085=CARTESIAN_POINT('',(28.5,-6.,94.7));
#4086=CARTESIAN_POINT('',(28.5,0.2,95.));
#4087=CARTESIAN_POINT('',(28.5,2.,95.));
#4088=CARTESIAN_POINT('',(28.5,0.2,65.));
#4089=CARTESIAN_POINT('Origin',(25.5,-12.,87.3));
#4090=CARTESIAN_POINT('',(25.5,-6.,90.3));
#4091=CARTESIAN_POINT('',(25.5,-12.,90.3));
#4092=CARTESIAN_POINT('Origin',(25.5,-6.,87.3));
#4093=CARTESIAN_POINT('Origin',(28.5,-26.,90.3));
#4094=CARTESIAN_POINT('',(23.3,-6.,90.3));
#4095=CARTESIAN_POINT('',(23.3,-26.,90.3));
#4096=CARTESIAN_POINT('',(28.5,-6.,90.3));
#4097=CARTESIAN_POINT('Origin',(-8.88178419700125E-15,-24.5,35.));
#4098=CARTESIAN_POINT('Origin',(-25.5,-12.,35.1828669490298));
#4099=CARTESIAN_POINT('',(-25.5,-6.,32.1828669490298));
#4100=CARTESIAN_POINT('',(-25.5,-12.,32.1828669490298));
#4101=CARTESIAN_POINT('Origin',(-25.5,-6.,35.1828669490298));
#4102=CARTESIAN_POINT('Origin',(-25.5,-12.,87.3));
#4103=CARTESIAN_POINT('',(-25.5,-6.,90.3));
#4104=CARTESIAN_POINT('Origin',(-25.5,-6.,87.3));
#4105=CARTESIAN_POINT('',(-25.5,-12.,90.3));
#4106=CARTESIAN_POINT('Origin',(-20.3,-26.,90.3));
#4107=CARTESIAN_POINT('',(-23.3,-6.,90.3));
#4108=CARTESIAN_POINT('',(-28.5,-6.,90.3));
#4109=CARTESIAN_POINT('',(-23.3,-26.,90.3));
#4110=CARTESIAN_POINT('Origin',(-17.3,-12.,95.5));
#4111=CARTESIAN_POINT('',(-20.3,-6.,95.5));
#4112=CARTESIAN_POINT('',(-20.3,-12.,95.5));
#4113=CARTESIAN_POINT('Origin',(-17.3,-6.,95.5));
#4114=CARTESIAN_POINT('Origin',(-23.3,-26.,93.3));
#4115=CARTESIAN_POINT('',(-20.3,-6.,93.3));
#4116=CARTESIAN_POINT('Origin',(-23.3,-6.,93.3));
#4117=CARTESIAN_POINT('',(-20.3,-26.,93.3));
#4118=CARTESIAN_POINT('Origin',(23.3,-26.,93.3));
#4119=CARTESIAN_POINT('',(20.3,-6.,93.3));
#4120=CARTESIAN_POINT('',(20.3,-26.,93.3));
#4121=CARTESIAN_POINT('Origin',(23.3,-6.,93.3));
#4122=CARTESIAN_POINT('Origin',(17.3,-12.,95.5));
#4123=CARTESIAN_POINT('',(20.3,-6.,95.5));
#4124=CARTESIAN_POINT('Origin',(17.3,-6.,95.5));
#4125=CARTESIAN_POINT('',(20.3,-12.,95.5));
#4126=CARTESIAN_POINT('Origin',(20.3,-26.,90.3));
#4127=CARTESIAN_POINT('',(20.3,-6.,98.5));
#4128=CARTESIAN_POINT('Origin',(24.25,-6.,27.1828669490298));
#4129=CARTESIAN_POINT('Origin',(-25.,-26.,27.1828669490298));
#4130=CARTESIAN_POINT('',(-25.,-6.,32.1828669490298));
#4131=CARTESIAN_POINT('Origin',(-25.,-6.,27.1828669490298));
#4132=CARTESIAN_POINT('',(-25.,-26.,32.1828669490298));
#4133=CARTESIAN_POINT('Origin',(-28.5,-26.,32.1828669490298));
#4134=CARTESIAN_POINT('',(-25.,-6.,32.1828669490298));
#4135=CARTESIAN_POINT('Origin',(-24.25,-6.,27.1828669490298));
#4136=CARTESIAN_POINT('Origin',(24.4,-6.,94.4));
#4137=CARTESIAN_POINT('Origin',(25.,-6.,95.));
#4138=CARTESIAN_POINT('Origin',(-20.3,-26.,98.5));
#4139=CARTESIAN_POINT('',(-20.3,-6.,98.5));
#4140=CARTESIAN_POINT('Origin',(-24.4,-6.,94.4));
#4141=CARTESIAN_POINT('Origin',(-25.,-6.,95.));
#4142=CARTESIAN_POINT('Origin',(-25.,2.,95.));
#4143=CARTESIAN_POINT('Origin',(-25.,0.2,95.));
#4144=CARTESIAN_POINT('Origin',(-25.,2.,95.));
#4145=CARTESIAN_POINT('',(-25.,0.2,100.3));
#4146=CARTESIAN_POINT('',(-25.,2.,100.3));
#4147=CARTESIAN_POINT('',(-30.3,0.2,95.));
#4148=CARTESIAN_POINT('Origin',(-25.,0.2,95.));
#4149=CARTESIAN_POINT('',(-30.3,2.,95.));
#4150=CARTESIAN_POINT('Origin',(25.,2.,100.3));
#4151=CARTESIAN_POINT('',(-25.,0.2,100.3));
#4152=CARTESIAN_POINT('Origin',(25.,2.,95.));
#4153=CARTESIAN_POINT('',(30.3,0.2,95.));
#4154=CARTESIAN_POINT('',(30.3,2.,95.));
#4155=CARTESIAN_POINT('Origin',(25.,0.2,95.));
#4156=CARTESIAN_POINT('Origin',(30.3,2.,0.));
#4157=CARTESIAN_POINT('',(30.3,0.2,0.));
#4158=CARTESIAN_POINT('',(30.3,2.,0.));
#4159=CARTESIAN_POINT('',(30.3,0.2,95.));
#4160=CARTESIAN_POINT('Origin',(0.,2.,0.));
#4161=CARTESIAN_POINT('',(-30.3,0.2,0.));
#4162=CARTESIAN_POINT('',(-30.3,2.,-3.71067980141648E-15));
#4163=CARTESIAN_POINT('Origin',(0.,0.2,0.));
#4164=CARTESIAN_POINT('Origin',(-30.3,2.,95.));
#4165=CARTESIAN_POINT('',(-30.3,0.2,-3.71067980141648E-15));
#4166=CARTESIAN_POINT('Origin',(-4.44089209850063E-15,0.2,35.));
#4167=CARTESIAN_POINT('Origin',(25.,0.2,95.));
#4168=CARTESIAN_POINT('Origin',(25.,2.,95.));
#4169=CARTESIAN_POINT('Origin',(-25.,2.,95.));
#4170=CARTESIAN_POINT('',(-31.8,2.,95.));
#4171=CARTESIAN_POINT('Origin',(0.,2.,0.));
#4172=CARTESIAN_POINT('',(-31.8,2.,-3.89437682128858E-15));
#4173=CARTESIAN_POINT('Origin',(-31.8,2.,95.));
#4174=UNCERTAINTY_MEASURE_WITH_UNIT(LENGTH_MEASURE(0.01),#4178,
'DISTANCE_ACCURACY_VALUE',
'Maximum model space distance between geometric entities at asserted c
onnectivities');
#4175=UNCERTAINTY_MEASURE_WITH_UNIT(LENGTH_MEASURE(0.01),#4178,
'DISTANCE_ACCURACY_VALUE',
'Maximum model space distance between geometric entities at asserted c
onnectivities');
#4176=(
GEOMETRIC_REPRESENTATION_CONTEXT(3)
GLOBAL_UNCERTAINTY_ASSIGNED_CONTEXT((#4174))
GLOBAL_UNIT_ASSIGNED_CONTEXT((#4178,#4179,#4180))
REPRESENTATION_CONTEXT('','3D')
);
#4177=(
GEOMETRIC_REPRESENTATION_CONTEXT(3)
GLOBAL_UNCERTAINTY_ASSIGNED_CONTEXT((#4175))
GLOBAL_UNIT_ASSIGNED_CONTEXT((#4178,#4179,#4180))
REPRESENTATION_CONTEXT('','3D')
);
#4178=(
LENGTH_UNIT()
NAMED_UNIT(*)
SI_UNIT(.MILLI.,.METRE.)
);
#4179=(
NAMED_UNIT(*)
PLANE_ANGLE_UNIT()
SI_UNIT($,.RADIAN.)
);
#4180=(
NAMED_UNIT(*)
SI_UNIT($,.STERADIAN.)
SOLID_ANGLE_UNIT()
);
#4181=SHAPE_DEFINITION_REPRESENTATION(#4182,#4183);
#4182=PRODUCT_DEFINITION_SHAPE('',$,#4185);
#4183=SHAPE_REPRESENTATION('',(#1796),#4176);
#4184=PRODUCT_DEFINITION_CONTEXT('part definition',#4189,'design');
#4185=PRODUCT_DEFINITION('Pendant_RJ','Pendant_RJ v8',#4186,#4184);
#4186=PRODUCT_DEFINITION_FORMATION('',$,#4191);
#4187=PRODUCT_RELATED_PRODUCT_CATEGORY('Pendant_RJ v8','Pendant_RJ v8',
(#4191));
#4188=APPLICATION_PROTOCOL_DEFINITION('international standard',
'automotive_design',2009,#4189);
#4189=APPLICATION_CONTEXT(
'Core Data for Automotive Mechanical Design Process');
#4190=PRODUCT_CONTEXT('part definition',#4189,'mechanical');
#4191=PRODUCT('Pendant_RJ','Pendant_RJ v8',$,(#4190));
#4192=PRESENTATION_STYLE_ASSIGNMENT((#4194));
#4193=PRESENTATION_STYLE_ASSIGNMENT((#4195));
#4194=SURFACE_STYLE_USAGE(.BOTH.,#4196);
#4195=SURFACE_STYLE_USAGE(.BOTH.,#4197);
#4196=SURFACE_SIDE_STYLE('',(#4198));
#4197=SURFACE_SIDE_STYLE('',(#4199));
#4198=SURFACE_STYLE_FILL_AREA(#4200);
#4199=SURFACE_STYLE_FILL_AREA(#4201);
#4200=FILL_AREA_STYLE('Steel - Satin',(#4202));
#4201=FILL_AREA_STYLE('Paek (Beige)',(#4203));
#4202=FILL_AREA_STYLE_COLOUR('Steel - Satin',#4204);
#4203=FILL_AREA_STYLE_COLOUR('Paek (Beige)',#4205);
#4204=COLOUR_RGB('Steel - Satin',0.627450980392157,0.627450980392157,0.627450980392157);
#4205=COLOUR_RGB('Paek (Beige)',0.898039215686275,0.792156862745098,0.619607843137255);
ENDSEC;
END-ISO-10303-21;
